{
"type": "FeatureCollection",
"name": "DistritoHuamanga",
"crs": { "type": "name", "properties": { "name": "urn:ogc:def:crs:OGC:1.3:CRS84" } },
"features": [
{ "type": "Feature", "properties": { "UBIGEO": "050101", "CCDD": "05", "CCPP": "01", "CCDI": "01", "DEPARTAMEN": "AYACUCHO", "PROVINCIA": "HUAMANGA", "DISTRITO": "AYACUCHO", "OBJECTID": 445.0, "ESRI_OID": 449.0 }, "geometry": { "type": "MultiPolygon", "coordinates": [ [ [ [ -74.271703617999947, -13.070030109999948 ], [ -74.271435004999944, -13.070764318999977 ], [ -74.271184299999959, -13.07106874599998 ], [ -74.270593350999945, -13.071570158999975 ], [ -74.270109846999958, -13.072035753999955 ], [ -74.26959052899997, -13.072232736999979 ], [ -74.268945856999949, -13.072429718999956 ], [ -74.268587705999948, -13.072501349999982 ], [ -74.268211647999976, -13.072895316999961 ], [ -74.267513252999947, -13.073289281999962 ], [ -74.26695811999997, -13.073396726999931 ], [ -74.266134373999989, -13.073432540999931 ], [ -74.265429983999979, -13.073419980999972 ], [ -74.26464804799997, -13.073898138999937 ], [ -74.263931744999979, -13.074274195999976 ], [ -74.262749848999988, -13.074918867999941 ], [ -74.26160376699994, -13.075330740999959 ], [ -74.260835801999974, -13.075230232999957 ], [ -74.260499983999978, -13.075329980999982 ], [ -74.260159983999984, -13.07531998099995 ], [ -74.259959983999977, -13.07531998099995 ], [ -74.259869983999977, -13.07531998099995 ], [ -74.258699983999975, -13.075019980999969 ], [ -74.257689983999967, -13.074559980999936 ], [ -74.256749983999953, -13.073969980999948 ], [ -74.256559983999978, -13.073849980999967 ], [ -74.256219983999983, -13.073569980999935 ], [ -74.255889983999964, -13.073299980999934 ], [ -74.255439983999963, -13.073009980999927 ], [ -74.254819983999937, -13.072819980999952 ], [ -74.254704108999988, -13.072816605999947 ], [ -74.254129983999974, -13.072799980999946 ], [ -74.254069983999955, -13.072819980999952 ], [ -74.253749983999967, -13.072919980999927 ], [ -74.252283733999946, -13.073643230999949 ], [ -74.252273358999958, -13.073648355999978 ], [ -74.252269983999952, -13.07364998099996 ], [ -74.252017358999979, -13.07381073099998 ], [ -74.251587733999941, -13.074084230999972 ], [ -74.250619983999968, -13.074699980999981 ], [ -74.249899983999967, -13.074819980999962 ], [ -74.24951998399996, -13.074789980999981 ], [ -74.249119983999947, -13.074759980999943 ], [ -74.248729983999965, -13.074799980999956 ], [ -74.247709983999982, -13.075159980999956 ], [ -74.247629983999957, -13.075179980999962 ], [ -74.247279983999988, -13.075259980999931 ], [ -74.24507723399995, -13.075382980999962 ], [ -74.244949983999959, -13.075389980999944 ], [ -74.244639983999946, -13.075449980999963 ], [ -74.244249983999964, -13.075689980999982 ], [ -74.243709983999963, -13.076389980999977 ], [ -74.243639983999969, -13.076459980999971 ], [ -74.243369983999969, -13.076699980999933 ], [ -74.243029983999975, -13.076859980999927 ], [ -74.242489983999974, -13.076839980999978 ], [ -74.241659983999966, -13.076569980999977 ], [ -74.240459983999983, -13.076259980999964 ], [ -74.239889983999944, -13.076239980999958 ], [ -74.239429983999969, -13.076409980999927 ], [ -74.238759983999955, -13.076859980999927 ], [ -74.238539983999942, -13.076999980999972 ], [ -74.238109983999948, -13.077189980999947 ], [ -74.236079983999957, -13.077459980999947 ], [ -74.235359983999956, -13.07767998099996 ], [ -74.234609983999974, -13.078059980999967 ], [ -74.233499983999934, -13.078199980999955 ], [ -74.233169983999971, -13.07829998099993 ], [ -74.232759983999983, -13.078709980999975 ], [ -74.232629983999971, -13.079049980999969 ], [ -74.232639983999945, -13.079609980999976 ], [ -74.232939983999984, -13.080329980999977 ], [ -74.233089983999946, -13.081249980999928 ], [ -74.233079983999971, -13.081499980999979 ], [ -74.233079983999971, -13.081959980999954 ], [ -74.232959983999933, -13.08230998099998 ], [ -74.232729983999945, -13.082559980999974 ], [ -74.232099983999944, -13.083059980999963 ], [ -74.23139998399995, -13.083469980999951 ], [ -74.230939983999974, -13.083749980999926 ], [ -74.230399983999973, -13.083849980999958 ], [ -74.230039983999973, -13.083909980999977 ], [ -74.229619983999953, -13.084039980999933 ], [ -74.229199983999933, -13.084449980999977 ], [ -74.229508727999985, -13.085241083999961 ], [ -74.229871944999957, -13.085753033999936 ], [ -74.230859434999957, -13.086624449999931 ], [ -74.231535821999955, -13.086984070999961 ], [ -74.231794180999941, -13.087700050999956 ], [ -74.231738424999946, -13.088874874999931 ], [ -74.231683778999979, -13.089692099999979 ], [ -74.231524739999941, -13.090560095999933 ], [ -74.231418924999957, -13.091070646999981 ], [ -74.231324065999956, -13.091237673999956 ], [ -74.230425707999984, -13.09203832999998 ], [ -74.22990311999996, -13.092496548999975 ], [ -74.228910209999981, -13.093362054999943 ], [ -74.228229832999943, -13.094279577999941 ], [ -74.227497176999975, -13.095248029999937 ], [ -74.226504885999987, -13.095909179999978 ], [ -74.22587724899995, -13.09662250599996 ], [ -74.225301086999934, -13.097540333999973 ], [ -74.224881272999937, -13.098458628999936 ], [ -74.224043875999939, -13.099580011999933 ], [ -74.223571614999969, -13.100600318999966 ], [ -74.223204387999942, -13.101365509999937 ], [ -74.221947938999961, -13.103149745999929 ], [ -74.220850239999947, -13.104168158999926 ], [ -74.219125334999944, -13.105746617999955 ], [ -74.217715059999989, -13.106712982999966 ], [ -74.216513572999986, -13.107577798999955 ], [ -74.216195682999967, -13.10921159399993 ], [ -74.214836199999979, -13.110586786999932 ], [ -74.213373758999978, -13.11155296499993 ], [ -74.212619133999965, -13.112071622999963 ], [ -74.212485768999954, -13.11216328699993 ], [ -74.211405746999958, -13.113420619999943 ], [ -74.211196983999969, -13.114974730999961 ], [ -74.212041162999981, -13.115994644999944 ], [ -74.212112287999958, -13.116099644999963 ], [ -74.21227678799994, -13.116203894999956 ], [ -74.212409162999961, -13.116309269999931 ], [ -74.212447287999964, -13.116429644999926 ], [ -74.212485787999981, -13.11654389499995 ], [ -74.212618912999972, -13.116692019999959 ], [ -74.212744412999939, -13.116848144999949 ], [ -74.212878662999969, -13.116930519999926 ], [ -74.212938037999947, -13.117061894999949 ], [ -74.213011412999947, -13.117180644999962 ], [ -74.213162412999964, -13.117280519999952 ], [ -74.213344037999946, -13.117361019999976 ], [ -74.213520287999984, -13.117408269999942 ], [ -74.213656412999967, -13.117455144999951 ], [ -74.213794662999987, -13.11750276999993 ], [ -74.213972287999979, -13.11760376999996 ], [ -74.214138037999987, -13.117668144999982 ], [ -74.214245037999945, -13.117731144999937 ], [ -74.214329537999959, -13.117748894999977 ], [ -74.214476787999956, -13.117768644999956 ], [ -74.214633287999959, -13.117751019999957 ], [ -74.214805912999964, -13.117724394999982 ], [ -74.214841662999959, -13.117736269999966 ], [ -74.215010662999987, -13.117895519999934 ], [ -74.215198037999983, -13.118065269999931 ], [ -74.215280162999989, -13.118130894999979 ], [ -74.215416662999985, -13.11814164499998 ], [ -74.215555662999975, -13.118200644999945 ], [ -74.21577728799997, -13.118277769999963 ], [ -74.216007912999942, -13.118331269999942 ], [ -74.216201162999937, -13.118348269999956 ], [ -74.216363912999952, -13.118459519999931 ], [ -74.216437287999952, -13.118523019999941 ], [ -74.216441287999942, -13.118651019999959 ], [ -74.216380787999981, -13.118748019999941 ], [ -74.216384412999957, -13.11885301999996 ], [ -74.216437287999952, -13.119006394999928 ], [ -74.216406912999958, -13.119133769999962 ], [ -74.216454787999965, -13.119313769999962 ], [ -74.216459037999982, -13.119332019999945 ], [ -74.216427162999935, -13.119367894999982 ], [ -74.216402412999969, -13.119586894999941 ], [ -74.216376912999976, -13.119792394999934 ], [ -74.216389912999944, -13.119941769999969 ], [ -74.216498787999967, -13.120116519999954 ], [ -74.216500162999978, -13.120267269999943 ], [ -74.216488037999966, -13.120527519999939 ], [ -74.21635178799994, -13.120709019999936 ], [ -74.216351912999983, -13.120722769999929 ], [ -74.216151287999935, -13.120969269999932 ], [ -74.216028162999976, -13.121182269999963 ], [ -74.215986037999983, -13.121486144999949 ], [ -74.215958287999968, -13.121735519999959 ], [ -74.215960662999976, -13.12196189499997 ], [ -74.215949412999976, -13.122163019999959 ], [ -74.215951537999956, -13.122321269999929 ], [ -74.215953912999964, -13.122494519999975 ], [ -74.215956287999973, -13.122668394999948 ], [ -74.215958287999968, -13.122813769999937 ], [ -74.215946537999969, -13.122989394999934 ], [ -74.215863787999979, -13.123112769999977 ], [ -74.215793287999986, -13.123244644999943 ], [ -74.215792662999945, -13.123354019999965 ], [ -74.21580591299994, -13.12348964499995 ], [ -74.215761412999939, -13.12355389499993 ], [ -74.215702662999945, -13.123638769999957 ], [ -74.215533787999959, -13.123700019999944 ], [ -74.215307037999935, -13.123858644999927 ], [ -74.215051412999969, -13.124077394999972 ], [ -74.214791787999957, -13.124239019999948 ], [ -74.214668287999984, -13.124370519999957 ], [ -74.214769787999955, -13.124599519999947 ], [ -74.214785537999944, -13.124811894999937 ], [ -74.214735412999971, -13.125115644999937 ], [ -74.214712162999945, -13.125437519999934 ], [ -74.214616412999987, -13.125816519999944 ], [ -74.214457287999949, -13.125996269999973 ], [ -74.214433912999937, -13.126022769999963 ], [ -74.214339412999948, -13.126416894999977 ], [ -74.214344787999948, -13.126772519999975 ], [ -74.214275537999981, -13.126956144999951 ], [ -74.214123287999939, -13.127121269999975 ], [ -74.214104162999945, -13.12716314499994 ], [ -74.214026287999957, -13.127333394999937 ], [ -74.214026787999956, -13.127565269999934 ], [ -74.213845787999958, -13.127726394999968 ], [ -74.213755787999958, -13.127842769999972 ], [ -74.213757287999954, -13.128103144999955 ], [ -74.213863912999955, -13.128334394999968 ], [ -74.213835287999984, -13.128566269999965 ], [ -74.213778537999985, -13.128870644999949 ], [ -74.213781537999978, -13.129175644999975 ], [ -74.213861162999933, -13.129539394999938 ], [ -74.213913162999972, -13.129904519999968 ], [ -74.213980412999945, -13.130247019999956 ], [ -74.21410941299996, -13.130115394999962 ], [ -74.214279912999984, -13.130072519999942 ], [ -74.21443828799994, -13.129957519999948 ], [ -74.214567787999954, -13.129828519999933 ], [ -74.214771287999952, -13.129714269999965 ], [ -74.214921287999971, -13.129616644999942 ], [ -74.215062787999955, -13.129618644999937 ], [ -74.215198412999939, -13.129604644999972 ], [ -74.215329412999949, -13.129531269999973 ], [ -74.215445537999983, -13.129414394999969 ], [ -74.215561037999976, -13.129268019999927 ], [ -74.215797287999976, -13.129220894999946 ], [ -74.215989412999988, -13.129221644999973 ], [ -74.216121162999968, -13.129249519999973 ], [ -74.21621791299998, -13.129214894999961 ], [ -74.216306412999984, -13.129229519999967 ], [ -74.216480537999985, -13.129199894999942 ], [ -74.216616662999968, -13.129099519999954 ], [ -74.216693412999973, -13.129030519999958 ], [ -74.216766912999958, -13.129045394999935 ], [ -74.216890912999986, -13.129137019999973 ], [ -74.217066537999983, -13.129159269999946 ], [ -74.217260037999949, -13.129217394999955 ], [ -74.217419787999972, -13.129242394999949 ], [ -74.217522287999941, -13.129271519999975 ], [ -74.217637287999935, -13.129278269999929 ], [ -74.217875537999987, -13.129379894999943 ], [ -74.218027037999946, -13.129396019999945 ], [ -74.218249537999952, -13.129324019999956 ], [ -74.218438537999987, -13.129222769999956 ], [ -74.21850316299998, -13.129203644999961 ], [ -74.218547412999953, -13.129236894999963 ], [ -74.218585037999958, -13.129289894999943 ], [ -74.218686412999944, -13.129290769999955 ], [ -74.218771287999971, -13.12924589499994 ], [ -74.218847787999948, -13.129189019999956 ], [ -74.21893141299995, -13.129145644999937 ], [ -74.219053287999941, -13.129167644999939 ], [ -74.219212912999978, -13.129229144999954 ], [ -74.219318662999967, -13.12933514499997 ], [ -74.219444787999976, -13.129431269999941 ], [ -74.21946603799995, -13.12943176999994 ], [ -74.219624662999934, -13.129445769999961 ], [ -74.219660037999972, -13.129446519999931 ], [ -74.219674162999979, -13.129446894999944 ], [ -74.219829162999986, -13.129450019999979 ], [ -74.220018787999948, -13.129460894999966 ], [ -74.220130787999949, -13.129505019999954 ], [ -74.220201287999942, -13.12964551999994 ], [ -74.220238912999946, -13.129811894999932 ], [ -74.220291162999956, -13.129901644999961 ], [ -74.22038766299994, -13.129899894999937 ], [ -74.220446912999989, -13.129836019999971 ], [ -74.220513662999963, -13.12975076999993 ], [ -74.22065153799997, -13.129687144999934 ], [ -74.220817412999963, -13.129672894999942 ], [ -74.220964412999933, -13.129668144999926 ], [ -74.220985287999952, -13.129686769999978 ], [ -74.221027912999944, -13.129724769999939 ], [ -74.22108091299998, -13.129863519999958 ], [ -74.221154537999951, -13.130003019999947 ], [ -74.221285912999974, -13.130210269999964 ], [ -74.221334912999964, -13.13036601999994 ], [ -74.221405662999985, -13.130465394999931 ], [ -74.221612912999944, -13.130523894999953 ], [ -74.221760037999957, -13.130531144999964 ], [ -74.221900662999985, -13.130524519999938 ], [ -74.222004162999951, -13.130566644999931 ], [ -74.222114412999986, -13.130608644999938 ], [ -74.222172662999981, -13.13071989499997 ], [ -74.222230787999933, -13.13080339499993 ], [ -74.222328162999986, -13.130817269999966 ], [ -74.222428162999961, -13.13086614499997 ], [ -74.222530162999988, -13.130944019999959 ], [ -74.222596162999935, -13.13106939499994 ], [ -74.222686162999935, -13.131175894999956 ], [ -74.222812412999986, -13.131310519999943 ], [ -74.222907537999959, -13.131388269999945 ], [ -74.223118287999966, -13.131475269999953 ], [ -74.223299037999936, -13.131574644999944 ], [ -74.223435662999975, -13.131665644999941 ], [ -74.223484412999937, -13.131774394999979 ], [ -74.223489787999938, -13.131882019999978 ], [ -74.223531537999975, -13.131977144999951 ], [ -74.223632662999989, -13.131999519999965 ], [ -74.223765287999981, -13.132054019999941 ], [ -74.223919662999947, -13.132054769999968 ], [ -74.224010537999959, -13.132082019999928 ], [ -74.224008537999964, -13.13216889499995 ], [ -74.223935162999965, -13.132289144999959 ], [ -74.223932662999971, -13.13241026999998 ], [ -74.22396103799997, -13.132533019999926 ], [ -74.224022912999942, -13.132593769999971 ], [ -74.224111412999946, -13.132585894999977 ], [ -74.224154537999937, -13.132531894999943 ], [ -74.224216662999936, -13.132586019999962 ], [ -74.224307412999963, -13.132620019999933 ], [ -74.224363662999963, -13.132623894999938 ], [ -74.224413787999936, -13.132627394999929 ], [ -74.22450553799996, -13.132648269999947 ], [ -74.224575412999968, -13.132696019999969 ], [ -74.224658912999985, -13.132784269999945 ], [ -74.224800162999941, -13.132819019999943 ], [ -74.224912787999983, -13.132894269999952 ], [ -74.225010912999949, -13.133003269999961 ], [ -74.225115537999955, -13.133084769999982 ], [ -74.225248287999989, -13.133091644999979 ], [ -74.225324912999952, -13.133166394999932 ], [ -74.225352662999967, -13.133275019999928 ], [ -74.225429287999987, -13.133370269999944 ], [ -74.225520037999956, -13.133397394999974 ], [ -74.225597037999989, -13.133363519999932 ], [ -74.225660537999943, -13.133302519999972 ], [ -74.225744537999958, -13.133262144999946 ], [ -74.225835037999957, -13.133275644999969 ], [ -74.225911662999977, -13.133289269999977 ], [ -74.226023162999979, -13.133248769999966 ], [ -74.226106662999939, -13.133269144999929 ], [ -74.226210912999989, -13.133336769999971 ], [ -74.226308287999984, -13.133316519999937 ], [ -74.226453787999958, -13.133269519999942 ], [ -74.226584912999954, -13.133222769999975 ], [ -74.226736037999956, -13.133156019999944 ], [ -74.226798162999955, -13.133176269999979 ], [ -74.22683978799995, -13.133250269999962 ], [ -74.226930037999978, -13.133364769999957 ], [ -74.227026537999961, -13.133364769999957 ], [ -74.22710178799997, -13.133237019999967 ], [ -74.227162412999974, -13.13311651999993 ], [ -74.227177537999978, -13.133097894999935 ], [ -74.227216412999951, -13.133049894999942 ], [ -74.227297162999946, -13.133057269999938 ], [ -74.227404662999959, -13.13311839499994 ], [ -74.227507162999984, -13.133118519999982 ], [ -74.227624537999986, -13.133064894999961 ], [ -74.227737662999971, -13.132903144999943 ], [ -74.227758662999975, -13.132876144999955 ], [ -74.227835037999967, -13.132788769999934 ], [ -74.227842162999934, -13.132781894999937 ], [ -74.227955537999947, -13.13273651999998 ], [ -74.227981912999951, -13.132717019999973 ], [ -74.228008412999941, -13.132704019999949 ], [ -74.228034912999988, -13.132691019999982 ], [ -74.228061287999935, -13.132678144999943 ], [ -74.228185912999948, -13.132593769999971 ], [ -74.228199162999942, -13.132587394999973 ], [ -74.228364537999937, -13.132486894999943 ], [ -74.228385537999941, -13.132473394999977 ], [ -74.228399412999977, -13.13246651999998 ], [ -74.228523287999963, -13.132382894999978 ], [ -74.228661037999984, -13.132315519999963 ], [ -74.22871341299998, -13.132220519999976 ], [ -74.228653662999989, -13.132129894999935 ], [ -74.228641787999948, -13.132108894999931 ], [ -74.228606162999938, -13.132010019999939 ], [ -74.228602287999934, -13.131912769999929 ], [ -74.228658662999976, -13.131843019999963 ], [ -74.228741162999938, -13.131774144999952 ], [ -74.228896162999945, -13.131761519999941 ], [ -74.228967287999978, -13.131772769999941 ], [ -74.229054537999957, -13.131786644999977 ], [ -74.229194037999946, -13.131781769999975 ], [ -74.229308912999954, -13.131739644999982 ], [ -74.229315287999952, -13.131733269999927 ], [ -74.229391662999944, -13.13167664499997 ], [ -74.229412412999977, -13.131656644999964 ], [ -74.229521162999959, -13.131597019999958 ], [ -74.229667662999987, -13.131571894999979 ], [ -74.229804787999967, -13.131594019999966 ], [ -74.229886412999974, -13.131662769999934 ], [ -74.229875194999977, -13.131854247999968 ], [ -74.229491731999985, -13.134542908999947 ], [ -74.225919326999986, -13.13614453799994 ], [ -74.225593561999972, -13.136249870999961 ], [ -74.225420854999982, -13.136305714999935 ], [ -74.225235246999944, -13.136333865999973 ], [ -74.224922860999982, -13.13631378599996 ], [ -74.224649498999952, -13.136303392999935 ], [ -74.224366283999984, -13.136321675999966 ], [ -74.224141682999971, -13.136330568999938 ], [ -74.223995041999956, -13.136387542999955 ], [ -74.222968621999939, -13.136767216999942 ], [ -74.222743627999989, -13.13690050799994 ], [ -74.222567303999938, -13.137081792999936 ], [ -74.222430004999978, -13.137272763999931 ], [ -74.222400231999984, -13.137425783999959 ], [ -74.222409572999936, -13.137559781999926 ], [ -74.22280634699996, -13.138690162999978 ], [ -74.222834975999945, -13.138900773999978 ], [ -74.222824549999984, -13.139111267999965 ], [ -74.222765393999964, -13.13929290699997 ], [ -74.22266714999995, -13.139483995999967 ], [ -74.222588434999977, -13.139675144999956 ], [ -74.222558600999946, -13.139847300999975 ], [ -74.222577557999955, -13.140029175999928 ], [ -74.22265482499995, -13.140297351999948 ], [ -74.222741678999967, -13.140622970999971 ], [ -74.222721608999962, -13.140795158999936 ], [ -74.222652627999935, -13.140995906999933 ], [ -74.221837949999951, -13.142342716999963 ], [ -74.221739916999979, -13.142466820999971 ], [ -74.221593000999974, -13.142609915999969 ], [ -74.218793108999989, -13.144917199999952 ], [ -74.218656106999958, -13.145012476999966 ], [ -74.218480045999968, -13.145107632999952 ], [ -74.216856438999969, -13.145963929999937 ], [ -74.216572725999981, -13.146135314999981 ], [ -74.216113041999961, -13.146373146999963 ], [ -74.215486938999959, -13.146744437999928 ], [ -74.214719836999961, -13.148464570999977 ], [ -74.217946602999973, -13.150650740999936 ], [ -74.218072432999975, -13.15062543199997 ], [ -74.21985775099995, -13.15026633399998 ], [ -74.219921535999958, -13.150253503999977 ], [ -74.219348949999983, -13.150682382999946 ], [ -74.218763446999958, -13.151204150999945 ], [ -74.216878682999948, -13.15364449499998 ], [ -74.218563934999963, -13.154996749999952 ], [ -74.219120356999952, -13.155674103999957 ], [ -74.219490114999985, -13.156086706999929 ], [ -74.219772322999972, -13.156393783999931 ], [ -74.21898671799994, -13.157788513999947 ], [ -74.218497791999937, -13.158443191999936 ], [ -74.217438117999961, -13.158189966999942 ], [ -74.217402840999966, -13.158562160999963 ], [ -74.21726565199998, -13.15855838899995 ], [ -74.217099680999979, -13.158548312999926 ], [ -74.216552436999962, -13.158638660999941 ], [ -74.215951196999981, -13.158735888999956 ], [ -74.215786020999985, -13.158635212999968 ], [ -74.215371852999965, -13.15837079299996 ], [ -74.215091951999966, -13.158106781999948 ], [ -74.214976158999946, -13.157987101999936 ], [ -74.214849608999941, -13.157890624999936 ], [ -74.214762975999975, -13.157890427999973 ], [ -74.214707051999937, -13.15794963899998 ], [ -74.214738014999966, -13.15809373899998 ], [ -74.214993694999976, -13.158297867999977 ], [ -74.215237242999933, -13.158478037999942 ], [ -74.215760619999969, -13.15894613699993 ], [ -74.216064897999956, -13.159222185999965 ], [ -74.216478231999986, -13.159749757999975 ], [ -74.216560030999972, -13.159833326999944 ], [ -74.216746156999989, -13.159941960999959 ], [ -74.217014424999945, -13.160026509999966 ], [ -74.217185084999983, -13.160098800999947 ], [ -74.217327637999972, -13.160234785999933 ], [ -74.217548061999935, -13.160504480999975 ], [ -74.21784368699997, -13.161074988999928 ], [ -74.217955196999981, -13.161277257999927 ], [ -74.218145156999981, -13.161429466999948 ], [ -74.218388826999956, -13.161573747999967 ], [ -74.21854716699994, -13.16168188499995 ], [ -74.218568162999986, -13.161804644999961 ], [ -74.218657957999937, -13.161873699999944 ], [ -74.218779838999978, -13.161992986999962 ], [ -74.21885244799995, -13.162133019999942 ], [ -74.218971737999937, -13.162252308999939 ], [ -74.21915585499994, -13.162449392999974 ], [ -74.219368498999984, -13.162638697999967 ], [ -74.219425780999984, -13.162726562999978 ], [ -74.219513942999981, -13.162752126999976 ], [ -74.219596998999975, -13.162825601999941 ], [ -74.21961616699997, -13.162934212999971 ], [ -74.219606582999972, -13.163052410999967 ], [ -74.219606582999972, -13.163125884999943 ], [ -74.219606582999972, -13.163186580999934 ], [ -74.219511037999951, -13.163247394999928 ], [ -74.219438537999963, -13.163341019999962 ], [ -74.219438537999963, -13.163343894999969 ], [ -74.219367662999957, -13.163499894999973 ], [ -74.219296787999951, -13.163625644999968 ], [ -74.219235412999979, -13.163708269999972 ], [ -74.219166912999981, -13.16378476999995 ], [ -74.219088037999938, -13.163846644999978 ], [ -74.219011787999989, -13.163863394999964 ], [ -74.218892662999963, -13.163891269999965 ], [ -74.218762787999935, -13.16389114499998 ], [ -74.218630037999958, -13.163891019999937 ], [ -74.218535162999956, -13.163882644999944 ], [ -74.218388912999956, -13.16388814499993 ], [ -74.218277787999966, -13.163901894999981 ], [ -74.218172537999976, -13.163913144999981 ], [ -74.218104037999979, -13.163940894999939 ], [ -74.218027412999959, -13.164007019999929 ], [ -74.217908662999946, -13.164119644999971 ], [ -74.217846037999948, -13.164194519999967 ], [ -74.217777662999936, -13.164228019999939 ], [ -74.217703537999967, -13.164228269999967 ], [ -74.217569162999951, -13.164248269999973 ], [ -74.217434787999935, -13.164268019999952 ], [ -74.217321912999978, -13.164311769999927 ], [ -74.217198162999978, -13.16436364499998 ], [ -74.217100537999954, -13.164432894999948 ], [ -74.216986037999959, -13.164527644999964 ], [ -74.216890912999986, -13.164568519999932 ], [ -74.216777787999945, -13.16461701999998 ], [ -74.216663662999963, -13.164706769999952 ], [ -74.216660912999942, -13.164709519999974 ], [ -74.216566912999951, -13.164793394999947 ], [ -74.216561412999965, -13.164796019999926 ], [ -74.216453162999983, -13.164928394999947 ], [ -74.21642841299996, -13.165014519999943 ], [ -74.21640266299994, -13.165089269999953 ], [ -74.216362287999971, -13.16513714499996 ], [ -74.216297287999964, -13.165165019999961 ], [ -74.216215537999972, -13.165203894999934 ], [ -74.216157037999949, -13.165255144999946 ], [ -74.216103912999984, -13.165301019999958 ], [ -74.216044912999962, -13.165333894999947 ], [ -74.215968912999983, -13.165345144999947 ], [ -74.215915537999933, -13.165345269999932 ], [ -74.215856412999983, -13.165362019999975 ], [ -74.215808662999962, -13.165403519999927 ], [ -74.215761037999982, -13.165477519999968 ], [ -74.215727287999982, -13.165567394999982 ], [ -74.215693662999968, -13.165654769999946 ], [ -74.215671287999953, -13.165788769999949 ], [ -74.21567416299996, -13.165881894999927 ], [ -74.215677985999946, -13.165921740999977 ], [ -74.215700953999942, -13.165912611999943 ], [ -74.215882166999961, -13.16587730699996 ], [ -74.216105127999981, -13.165654347999975 ], [ -74.216319905999967, -13.165449796999951 ], [ -74.216546955999945, -13.165251382999941 ], [ -74.216798553999979, -13.165036605999944 ], [ -74.216970358999959, -13.164924431999964 ], [ -74.217239393999989, -13.164769751999927 ], [ -74.217728026999964, -13.164651624999976 ], [ -74.218290086999957, -13.164473912999938 ], [ -74.218534403999968, -13.164414847999979 ], [ -74.22134265699998, -13.164172187999952 ], [ -74.222527012999933, -13.164068122999936 ], [ -74.223441768999976, -13.163975304999951 ], [ -74.223698781999985, -13.164009121999982 ], [ -74.223808276999989, -13.164188292999938 ], [ -74.224017309999965, -13.164521749999949 ], [ -74.224216389999981, -13.164695945999938 ], [ -74.224465239999972, -13.164850230999946 ], [ -74.224659340999949, -13.165143872999977 ], [ -74.224778787999981, -13.165631619999942 ], [ -74.224853444999951, -13.165994937999926 ], [ -74.22487618699995, -13.166046882999979 ], [ -74.22509731599996, -13.16676139499998 ], [ -74.225336139999968, -13.167015216999971 ], [ -74.225378412999987, -13.167060144999937 ], [ -74.22556515399998, -13.167383517999951 ], [ -74.226092713999947, -13.168050433999952 ], [ -74.226575481999987, -13.168443615999934 ], [ -74.226844237999956, -13.168682511999975 ], [ -74.22686771399998, -13.168823939999982 ], [ -74.226915403999953, -13.168970519999959 ], [ -74.226995254999963, -13.169003790999966 ], [ -74.22710366299998, -13.169117519999929 ], [ -74.227096787999983, -13.169399269999928 ], [ -74.227055037999946, -13.169710769999938 ], [ -74.227020287999949, -13.169954144999963 ], [ -74.227008412999965, -13.170208894999973 ], [ -74.227007912999966, -13.170336144999965 ], [ -74.227014662999977, -13.170400144999974 ], [ -74.227015912999946, -13.17046264499993 ], [ -74.22700853799995, -13.170538019999981 ], [ -74.226992162999977, -13.170619144999932 ], [ -74.226983287999985, -13.17067164499997 ], [ -74.226988037999945, -13.17073264499993 ], [ -74.227011912999956, -13.170789144999958 ], [ -74.227020037999978, -13.170843894999962 ], [ -74.227049412999975, -13.170948019999969 ], [ -74.227122537999946, -13.171140019999939 ], [ -74.227176037999982, -13.171303769999952 ], [ -74.227212537999947, -13.17147676999997 ], [ -74.22721291299996, -13.171483769999952 ], [ -74.227224037999974, -13.171606894999968 ], [ -74.22722416299996, -13.171610269999974 ], [ -74.227233912999964, -13.171713894999982 ], [ -74.227236662999985, -13.171723394999958 ], [ -74.227239912999949, -13.171742144999939 ], [ -74.227245162999964, -13.171757644999957 ], [ -74.227245912999933, -13.171773144999975 ], [ -74.227266662999966, -13.171839519999935 ], [ -74.227288287999954, -13.171941019999963 ], [ -74.227309287999958, -13.172050894999927 ], [ -74.227311662999966, -13.172061644999928 ], [ -74.227356037999982, -13.172180019999928 ], [ -74.227385912999978, -13.172279519999961 ], [ -74.227408537999963, -13.172385019999979 ], [ -74.227416787999971, -13.172467644999927 ], [ -74.227417412999955, -13.172560644999976 ], [ -74.227417912999954, -13.172625644999925 ], [ -74.227428787999941, -13.172686394999971 ], [ -74.227422037999986, -13.172728519999964 ], [ -74.22741728799997, -13.172778519999952 ], [ -74.22742266299997, -13.172830269999963 ], [ -74.227432912999973, -13.172900019999929 ], [ -74.22743466299994, -13.172955644999945 ], [ -74.227444162999973, -13.173000144999946 ], [ -74.227505162999989, -13.173131269999942 ], [ -74.227542787999937, -13.173204894999969 ], [ -74.227599662999978, -13.173294769999927 ], [ -74.227642037999942, -13.173370519999935 ], [ -74.227708912999958, -13.173460894999948 ], [ -74.227770662999944, -13.173532269999953 ], [ -74.22781691299997, -13.17359464499998 ], [ -74.227833162999957, -13.173648269999944 ], [ -74.227827537999985, -13.173731519999933 ], [ -74.227792287999989, -13.173793644999932 ], [ -74.227709287999971, -13.173891394999941 ], [ -74.227613037999959, -13.174023019999936 ], [ -74.227513537999982, -13.174181144999977 ], [ -74.22747966299994, -13.174282394999977 ], [ -74.227455662999944, -13.17434164499997 ], [ -74.227467412999943, -13.174390894999931 ], [ -74.227493037999977, -13.174453394999944 ], [ -74.227530037999941, -13.174515269999972 ], [ -74.227547537999953, -13.174563519999936 ], [ -74.227571412999964, -13.174613894999936 ], [ -74.227589912999974, -13.174648394999963 ], [ -74.227591537999956, -13.174648394999963 ], [ -74.227616662999935, -13.174671269999976 ], [ -74.227626037999983, -13.17470564499996 ], [ -74.227633412999978, -13.174735894999969 ], [ -74.227658287999986, -13.174768644999972 ], [ -74.227703537999957, -13.174810144999981 ], [ -74.227730662999988, -13.174852144999932 ], [ -74.227757787999963, -13.174922644999981 ], [ -74.227770412999973, -13.175049519999959 ], [ -74.227771787999984, -13.175060769999959 ], [ -74.22777728799997, -13.175164769999981 ], [ -74.227769537999961, -13.175268144999961 ], [ -74.227792662999946, -13.175367269999981 ], [ -74.227856162999956, -13.175479019999955 ], [ -74.22792216299996, -13.175581269999952 ], [ -74.227994788, -13.17571001999994 ], [ -74.228044912999962, -13.175791894999975 ], [ -74.228063912999971, -13.175887269999976 ], [ -74.228057662999959, -13.175965144999964 ], [ -74.228057912999986, -13.175969644999952 ], [ -74.228045162999933, -13.17604939499995 ], [ -74.228040662999945, -13.176143769999953 ], [ -74.228036287999942, -13.17623339499994 ], [ -74.228049787999964, -13.17631214499994 ], [ -74.228073912999946, -13.176408269999968 ], [ -74.228073412999947, -13.176490394999973 ], [ -74.228073662999975, -13.176493644999937 ], [ -74.228067037999949, -13.176547894999942 ], [ -74.228051412999946, -13.176574394999932 ], [ -74.228042537999954, -13.176607644999933 ], [ -74.228047787999969, -13.176652769999976 ], [ -74.228086787999985, -13.176689394999926 ], [ -74.228140037999935, -13.176782394999975 ], [ -74.228172537999967, -13.176866519999976 ], [ -74.228231912999945, -13.176965019999955 ], [ -74.228247912999961, -13.177064769999959 ], [ -74.228235912999935, -13.177125894999961 ], [ -74.228239912999982, -13.177181394999934 ], [ -74.22825028799997, -13.17721239499997 ], [ -74.228255912999941, -13.177223519999927 ], [ -74.22825828799995, -13.177226144999963 ], [ -74.228318787999967, -13.177278644999944 ], [ -74.228329537999969, -13.177286269999968 ], [ -74.228336037999952, -13.177291394999941 ], [ -74.228344537999988, -13.177296394999928 ], [ -74.228361412999959, -13.17730639499996 ], [ -74.228374287999941, -13.177316644999962 ], [ -74.22847016299994, -13.177372269999978 ], [ -74.228476537999939, -13.17737601999994 ], [ -74.228487037999969, -13.17738326999995 ], [ -74.228489287999935, -13.177386269999943 ], [ -74.228503662999969, -13.177394144999937 ], [ -74.228507912999987, -13.177397519999943 ], [ -74.228586912999958, -13.177449519999982 ], [ -74.228598537999972, -13.177451519999977 ], [ -74.228604412999971, -13.17745476999994 ], [ -74.22861616299997, -13.177463644999932 ], [ -74.22862016299996, -13.177466519999939 ], [ -74.228702537999936, -13.177520394999931 ], [ -74.228741537999952, -13.177539894999938 ], [ -74.228748912999947, -13.177545394999981 ], [ -74.228752662999966, -13.177552644999935 ], [ -74.228796287999955, -13.177598019999948 ], [ -74.228799787999947, -13.17760501999993 ], [ -74.228806912999971, -13.177614519999963 ], [ -74.228806912999971, -13.177616644999944 ], [ -74.228824412999984, -13.177677144999961 ], [ -74.228822287999947, -13.177758519999941 ], [ -74.228822162999961, -13.177768269999945 ], [ -74.228823912999985, -13.177776269999981 ], [ -74.228823787999943, -13.177782019999938 ], [ -74.228823162999959, -13.177884394999978 ], [ -74.228823162999959, -13.177892644999929 ], [ -74.228823162999959, -13.177896769999961 ], [ -74.22881941299994, -13.17797789499997 ], [ -74.228816287999962, -13.177985644999978 ], [ -74.228816162999976, -13.177993144999959 ], [ -74.228816162999976, -13.178002644999935 ], [ -74.228816162999976, -13.178017644999954 ], [ -74.228816037999934, -13.178025144999935 ], [ -74.228820287999952, -13.178097144999981 ], [ -74.228818537999985, -13.17816326999997 ], [ -74.228821162999964, -13.178223269999933 ], [ -74.228837662999979, -13.178289394999979 ], [ -74.228853912999966, -13.178329019999978 ], [ -74.228857912999956, -13.178334519999964 ], [ -74.228861912999946, -13.178340144999936 ], [ -74.228895162999947, -13.178380894999975 ], [ -74.228935412999988, -13.178419269999949 ], [ -74.22893916299995, -13.178424394999979 ], [ -74.228943037999954, -13.178427019999958 ], [ -74.228945537999948, -13.178430894999963 ], [ -74.228978162999965, -13.178462769999953 ], [ -74.229040037999937, -13.178541894999967 ], [ -74.229112037999982, -13.17864639499993 ], [ -74.229161662999957, -13.178734019999979 ], [ -74.229164912999977, -13.178740519999963 ], [ -74.229188287999989, -13.178829019999966 ], [ -74.229189537999957, -13.178836769999975 ], [ -74.22921316299994, -13.178938269999946 ], [ -74.229217412999958, -13.178950144999931 ], [ -74.229220287999965, -13.178965019999964 ], [ -74.229256162999945, -13.179072394999935 ], [ -74.229262412999958, -13.179085769999972 ], [ -74.229270287999952, -13.179099019999967 ], [ -74.229273537999973, -13.179107019999947 ], [ -74.229304662999937, -13.179160894999939 ], [ -74.229307912999957, -13.179168644999947 ], [ -74.229315287999952, -13.17918101999993 ], [ -74.229321787999936, -13.179188394999926 ], [ -74.229327037999951, -13.179198269999972 ], [ -74.229363037999974, -13.179238644999941 ], [ -74.229437162999943, -13.179282394999973 ], [ -74.22944403799994, -13.179284269999926 ], [ -74.229447412999946, -13.179284019999955 ], [ -74.229559538, -13.179330769999979 ], [ -74.229631537999978, -13.179381019999937 ], [ -74.229714412999954, -13.17940251999994 ], [ -74.229722537999976, -13.179401894999955 ], [ -74.229729162999945, -13.179403769999965 ], [ -74.229730787999983, -13.179403644999979 ], [ -74.229801412999961, -13.179412769999942 ], [ -74.229809537999984, -13.179413519999969 ], [ -74.229811162999965, -13.179413644999954 ], [ -74.22986941299996, -13.17946201999996 ], [ -74.229874162999977, -13.179467769999974 ], [ -74.229875662999973, -13.179476894999937 ], [ -74.229877287999955, -13.179478894999932 ], [ -74.229926787999943, -13.17952951999996 ], [ -74.229952037999965, -13.179614519999973 ], [ -74.229954787999986, -13.179695144999926 ], [ -74.229954787999986, -13.17969689499995 ], [ -74.229948787999945, -13.179771019999976 ], [ -74.229944037999985, -13.179856269999959 ], [ -74.229955037999957, -13.179889144999947 ], [ -74.230009787999961, -13.179924644999971 ], [ -74.230067287999987, -13.179929394999931 ], [ -74.230156287999989, -13.179928519999976 ], [ -74.230234037999935, -13.179944144999979 ], [ -74.230296912999961, -13.179969894999942 ], [ -74.230370537999988, -13.18003226999997 ], [ -74.230430662999936, -13.180098394999959 ], [ -74.230437912999946, -13.180193894999945 ], [ -74.230438662999973, -13.180279144999929 ], [ -74.230428787999983, -13.180377519999979 ], [ -74.23038741299996, -13.180495644999951 ], [ -74.230395037999983, -13.180585769999936 ], [ -74.230434287999969, -13.180725769999981 ], [ -74.230478537999943, -13.180843394999954 ], [ -74.230481162999979, -13.180846519999932 ], [ -74.230485787999953, -13.180976519999945 ], [ -74.230526662999978, -13.181174269999929 ], [ -74.230526787999963, -13.181176894999965 ], [ -74.230558662999954, -13.181303269999944 ], [ -74.230589162999934, -13.181439519999969 ], [ -74.230653287999985, -13.181598769999937 ], [ -74.230657662999988, -13.181605644999934 ], [ -74.230662037999934, -13.181614644999968 ], [ -74.230668537999975, -13.181625894999968 ], [ -74.230707037999935, -13.181687894999982 ], [ -74.230794912999954, -13.181737394999971 ], [ -74.230896662999953, -13.181783894999967 ], [ -74.230999037999936, -13.18187426999998 ], [ -74.231092287999957, -13.181954394999934 ], [ -74.231185912999933, -13.182062144999975 ], [ -74.231221912999956, -13.182160644999954 ], [ -74.231261037999957, -13.182340644999954 ], [ -74.231295787999954, -13.182546644999945 ], [ -74.231321412999989, -13.182695644999967 ], [ -74.231326412999977, -13.182813644999953 ], [ -74.231339037999987, -13.182954769999981 ], [ -74.231340287999956, -13.182969019999973 ], [ -74.231361412999945, -13.183058019999976 ], [ -74.231411162999962, -13.183142519999933 ], [ -74.23146066299995, -13.183205519999944 ], [ -74.231532787999981, -13.183240769999941 ], [ -74.23165566299997, -13.183305894999933 ], [ -74.231741787999965, -13.183340894999958 ], [ -74.231801412999971, -13.183381019999956 ], [ -74.231902537999986, -13.183453019999945 ], [ -74.231951662999961, -13.183547644999976 ], [ -74.231951787999947, -13.183629144999941 ], [ -74.23193178799994, -13.183777519999978 ], [ -74.231947537999986, -13.183911269999953 ], [ -74.231951537999976, -13.183921019999957 ], [ -74.231984287999978, -13.184013644999936 ], [ -74.232051412999965, -13.184053894999977 ], [ -74.232114912999975, -13.18406439499995 ], [ -74.232154912999988, -13.184053644999949 ], [ -74.232194912999944, -13.184042769999962 ], [ -74.232241912999939, -13.184065644999976 ], [ -74.232280662999983, -13.184117769999943 ], [ -74.232316037999965, -13.184187144999953 ], [ -74.232370912999954, -13.184256894999976 ], [ -74.232463537999934, -13.184379019999938 ], [ -74.232483412999954, -13.184463269999981 ], [ -74.232482037999944, -13.184544269999947 ], [ -74.232522912999968, -13.18463139499994 ], [ -74.232526037999946, -13.184639894999975 ], [ -74.232573412999955, -13.184712394999963 ], [ -74.232631287999936, -13.184747769999944 ], [ -74.232721037999966, -13.184769019999976 ], [ -74.232823412999949, -13.184816394999928 ], [ -74.232932412999958, -13.184900144999972 ], [ -74.232953037999948, -13.184970644999964 ], [ -74.232937162999974, -13.185047769999926 ], [ -74.232922912999982, -13.185114269999929 ], [ -74.232948162999946, -13.185172144999967 ], [ -74.232996287999981, -13.185276144999932 ], [ -74.233099787999947, -13.185404019999964 ], [ -74.233246912999959, -13.185541144999945 ], [ -74.233330037999963, -13.185626269999943 ], [ -74.233435287999953, -13.185722019999957 ], [ -74.233505912999988, -13.18576201999997 ], [ -74.233497537999938, -13.185799644999975 ], [ -74.233472912999957, -13.185839269999974 ], [ -74.233488787999988, -13.185872019999977 ], [ -74.233529037999972, -13.18593076999997 ], [ -74.233566662999976, -13.186007894999932 ], [ -74.233628287999977, -13.186105894999969 ], [ -74.233635412999945, -13.186110519999943 ], [ -74.233758787999989, -13.186194519999958 ], [ -74.233814537999933, -13.18628939499996 ], [ -74.233828287999984, -13.186420894999969 ], [ -74.233836037999936, -13.186574519999965 ], [ -74.23380803799995, -13.186684144999958 ], [ -74.233749037999985, -13.18683314499998 ], [ -74.233722787999966, -13.186996019999981 ], [ -74.233713037999962, -13.187139769999931 ], [ -74.233754662999957, -13.187271394999982 ], [ -74.233843662999959, -13.187320894999971 ], [ -74.233909162999964, -13.187357019999979 ], [ -74.233916412999974, -13.187421394999944 ], [ -74.233887662999962, -13.187518394999927 ], [ -74.233887162999963, -13.18752201999996 ], [ -74.23384903799996, -13.187599269999964 ], [ -74.233804787999986, -13.18768139499997 ], [ -74.233772912999939, -13.187782394999942 ], [ -74.233770162999974, -13.18787264499997 ], [ -74.233794287999956, -13.187953769999979 ], [ -74.233842787999947, -13.18801826999993 ], [ -74.233895162999943, -13.188049269999965 ], [ -74.23396153799996, -13.188037269999938 ], [ -74.234039912999947, -13.188009394999938 ], [ -74.234095037999964, -13.188009019999981 ], [ -74.234130662999974, -13.188039894999974 ], [ -74.234165287999986, -13.188078269999949 ], [ -74.234178412999938, -13.188132769999982 ], [ -74.234205162999956, -13.188204019999944 ], [ -74.234178787999952, -13.188325019999979 ], [ -74.234155287999954, -13.188423894999971 ], [ -74.234154287999957, -13.188499269999966 ], [ -74.234181537999973, -13.188600519999966 ], [ -74.234205412999984, -13.188663519999977 ], [ -74.234251662999952, -13.188669019999963 ], [ -74.234319662999951, -13.188654519999943 ], [ -74.234359662999964, -13.188678019999941 ], [ -74.234417162999989, -13.188718644999938 ], [ -74.234503162999943, -13.188777519999974 ], [ -74.234581412999944, -13.18883526999997 ], [ -74.234681787999989, -13.188831894999964 ], [ -74.234802287999969, -13.188849269999935 ], [ -74.234891662999985, -13.188870769999937 ], [ -74.234960912999952, -13.188901019999946 ], [ -74.235010287999955, -13.18893651999997 ], [ -74.235047162999933, -13.189011519999951 ], [ -74.235085162999951, -13.189109019999933 ], [ -74.235120037999934, -13.189198269999963 ], [ -74.235096787999964, -13.189324269999929 ], [ -74.235109412999975, -13.189405894999936 ], [ -74.235161037999944, -13.189505769999926 ], [ -74.23521266299997, -13.189601394999954 ], [ -74.235429787999976, -13.189690644999928 ], [ -74.235598787999947, -13.189721144999965 ], [ -74.235737037999968, -13.189780019999944 ], [ -74.235869287999947, -13.189823519999948 ], [ -74.235977162999973, -13.189811394999936 ], [ -74.236109412999951, -13.189783269999964 ], [ -74.23623553799996, -13.189752769999927 ], [ -74.236360537999985, -13.189704644999949 ], [ -74.236447037999937, -13.189704644999949 ], [ -74.236535787999969, -13.189754894999965 ], [ -74.236602412999957, -13.189827894999951 ], [ -74.236666662999937, -13.189879019999978 ], [ -74.236690662999933, -13.189983519999942 ], [ -74.236683287999938, -13.190097894999951 ], [ -74.236626912999952, -13.190257519999932 ], [ -74.236580912999955, -13.190374769999949 ], [ -74.236589037999977, -13.190455769999971 ], [ -74.236566037999978, -13.190562144999944 ], [ -74.236602287999972, -13.190651644999946 ], [ -74.236683787999937, -13.190698644999941 ], [ -74.236793662999958, -13.190712644999962 ], [ -74.236955412999976, -13.190697644999943 ], [ -74.236972287999947, -13.190702019999947 ], [ -74.236981412999967, -13.190701019999949 ], [ -74.237116912999966, -13.190687769999954 ], [ -74.237238537999986, -13.190697394999972 ], [ -74.237299037999946, -13.190707144999976 ], [ -74.237307662999967, -13.190740769999934 ], [ -74.237233537999941, -13.190823269999953 ], [ -74.237230537999949, -13.190835394999965 ], [ -74.237122412999952, -13.19092926999997 ], [ -74.23707766299998, -13.191065519999938 ], [ -74.237072787999978, -13.191195019999952 ], [ -74.237080037999988, -13.191321269999946 ], [ -74.237093912999967, -13.191451644999972 ], [ -74.237150412999938, -13.191583269999967 ], [ -74.237257287999967, -13.19171001999996 ], [ -74.237323912999955, -13.19186239499993 ], [ -74.237367162999988, -13.191901144999974 ], [ -74.237438037999937, -13.191904019999981 ], [ -74.237548662999984, -13.191881394999939 ], [ -74.237703287999977, -13.191846019999957 ], [ -74.237898412999982, -13.191789894999943 ], [ -74.237947412999972, -13.191752144999953 ], [ -74.237999662999982, -13.19174514499997 ], [ -74.238097412999934, -13.191774519999967 ], [ -74.238111537999941, -13.19182064499995 ], [ -74.23807941299998, -13.191904644999966 ], [ -74.238069412999948, -13.191963144999932 ], [ -74.238084912999966, -13.192030269999975 ], [ -74.238146787999938, -13.192072394999968 ], [ -74.238216162999947, -13.192113019999965 ], [ -74.238255037999977, -13.192122394999956 ], [ -74.238301537999973, -13.192096769999978 ], [ -74.238352537999958, -13.192082769999956 ], [ -74.238388412999939, -13.192079019999937 ], [ -74.238402662999988, -13.192107269999951 ], [ -74.238405287999967, -13.192164394999963 ], [ -74.238436912999987, -13.192243269999949 ], [ -74.238470412999959, -13.192275519999953 ], [ -74.238532912999972, -13.192291394999927 ], [ -74.238590912999939, -13.192315144999952 ], [ -74.238640787999941, -13.192368769999973 ], [ -74.238662412999986, -13.192440394999949 ], [ -74.238666037999963, -13.192530519999934 ], [ -74.238643037999964, -13.192609769999933 ], [ -74.238606412999957, -13.192666019999933 ], [ -74.238606412999957, -13.192722519999961 ], [ -74.238605162999988, -13.19276589499998 ], [ -74.238624412999968, -13.192832144999954 ], [ -74.238667787999987, -13.192917644999966 ], [ -74.238718412999958, -13.192947644999947 ], [ -74.238776037999969, -13.192945394999981 ], [ -74.23883041299996, -13.192926519999958 ], [ -74.238909412999988, -13.192943519999972 ], [ -74.239003537999963, -13.192958144999977 ], [ -74.239058412999952, -13.192942769999945 ], [ -74.239148537999938, -13.192947894999975 ], [ -74.239211162999936, -13.192964019999977 ], [ -74.239296412999977, -13.192993644999945 ], [ -74.239375537999933, -13.192983019999929 ], [ -74.239464912999949, -13.192964894999932 ], [ -74.239573037999946, -13.192958019999935 ], [ -74.239646537999988, -13.192952769999977 ], [ -74.239722037999968, -13.192994394999971 ], [ -74.239787287999945, -13.193031769999948 ], [ -74.239833287999943, -13.193069019999939 ], [ -74.239861662999942, -13.193102894999981 ], [ -74.239871287999961, -13.193166644999963 ], [ -74.239884662999941, -13.193209644999968 ], [ -74.239912537999942, -13.193232894999937 ], [ -74.239944537999975, -13.193234769999947 ], [ -74.23998753799998, -13.193218644999945 ], [ -74.240021912999964, -13.193177519999949 ], [ -74.240056412999934, -13.193116394999947 ], [ -74.240131787999985, -13.193073394999942 ], [ -74.240140412999949, -13.193070019999936 ], [ -74.240196287999936, -13.193037519999962 ], [ -74.24020603799994, -13.193031144999964 ], [ -74.240285662999952, -13.192992144999948 ], [ -74.240349412999933, -13.192938019999929 ], [ -74.240427287999978, -13.192865144999928 ], [ -74.240500537999935, -13.192830644999958 ], [ -74.240579412999978, -13.192820019999942 ], [ -74.240666162999958, -13.192793894999966 ], [ -74.240747037999938, -13.192720394999981 ], [ -74.240812037999945, -13.192648894999934 ], [ -74.240856912999959, -13.19263839499996 ], [ -74.240913162999959, -13.192656019999959 ], [ -74.240982537999969, -13.192677519999961 ], [ -74.241035662999934, -13.192658644999938 ], [ -74.241130287999965, -13.192592144999935 ], [ -74.241185787999939, -13.192565644999945 ], [ -74.241232037999964, -13.192560519999972 ], [ -74.241318037999974, -13.192566519999957 ], [ -74.241387912999983, -13.192590394999968 ], [ -74.241455537999968, -13.19262714499996 ], [ -74.241540912999938, -13.192615019999948 ], [ -74.241627912999945, -13.192572394999956 ], [ -74.241711037999949, -13.19254114499995 ], [ -74.241768537999974, -13.192519519999962 ], [ -74.241808912999943, -13.192482144999929 ], [ -74.241860287999941, -13.192445644999964 ], [ -74.241888662999941, -13.192423644999963 ], [ -74.241914787999974, -13.192410394999968 ], [ -74.241940162999981, -13.19241551999994 ], [ -74.241956912999967, -13.192439644999979 ], [ -74.241955412999971, -13.192476644999942 ], [ -74.24194678799995, -13.19251139499994 ], [ -74.241979287999982, -13.192524769999977 ], [ -74.24204666299994, -13.192555394999943 ], [ -74.242119662999983, -13.192591019999952 ], [ -74.242228287999978, -13.192622269999958 ], [ -74.24233116299996, -13.192657894999968 ], [ -74.242413412999952, -13.192618269999969 ], [ -74.242495287999986, -13.192612519999955 ], [ -74.242576287999952, -13.192610769999931 ], [ -74.242663787999959, -13.192612269999927 ], [ -74.242733662999967, -13.192588394999973 ], [ -74.242801912999937, -13.192554894999944 ], [ -74.24291266299997, -13.192519019999963 ], [ -74.243019537999942, -13.192512019999981 ], [ -74.243116412999939, -13.192516394999927 ], [ -74.24316016299997, -13.192535644999964 ], [ -74.243195412999967, -13.192569019999951 ], [ -74.243247537999935, -13.192634144999943 ], [ -74.243302412999981, -13.192689894999944 ], [ -74.243324162999954, -13.19274764499994 ], [ -74.243324912999981, -13.192823144999977 ], [ -74.243349412999976, -13.192881394999972 ], [ -74.243417662999946, -13.192914519999931 ], [ -74.243494537999936, -13.19293139499996 ], [ -74.243609037999988, -13.192924894999976 ], [ -74.24368541299998, -13.192937144999973 ], [ -74.243793787999948, -13.19294664499995 ], [ -74.243850787999975, -13.192976019999946 ], [ -74.243903287999956, -13.193044394999959 ], [ -74.243944287999966, -13.193115519999935 ], [ -74.243946037999933, -13.193173144999946 ], [ -74.243963537999946, -13.193232019999982 ], [ -74.24403491299995, -13.193296769999961 ], [ -74.244135787999937, -13.19339051999998 ], [ -74.244138662999944, -13.193391644999963 ], [ -74.244234662999986, -13.19347539499995 ], [ -74.244248787999936, -13.193480769999951 ], [ -74.244251662999943, -13.193481894999934 ], [ -74.244356037999978, -13.19351501999995 ], [ -74.244373162999977, -13.193514394999966 ], [ -74.244387287999984, -13.193512644999942 ], [ -74.244390162999935, -13.193513769999981 ], [ -74.244464037999933, -13.193513394999968 ], [ -74.244545037999956, -13.193446269999981 ], [ -74.244609412999978, -13.193453019999936 ], [ -74.244759662999968, -13.19347139499996 ], [ -74.244843912999954, -13.193467269999928 ], [ -74.244917537999982, -13.193488894999973 ], [ -74.245029662999968, -13.193528519999973 ], [ -74.24517616299994, -13.193565269999965 ], [ -74.245347162999963, -13.193549644999962 ], [ -74.245441787999937, -13.19351314499994 ], [ -74.245466787999987, -13.193498394999949 ], [ -74.245552912999983, -13.193449144999931 ], [ -74.245570162999968, -13.193435019999981 ], [ -74.245592787999954, -13.193418644999952 ], [ -74.245658912999943, -13.193374269999936 ], [ -74.245672787999979, -13.193368394999936 ], [ -74.245686037999974, -13.193358019999948 ], [ -74.245701912999948, -13.193348894999929 ], [ -74.245708537999974, -13.19334364499997 ], [ -74.245784412999967, -13.19329726999996 ], [ -74.245796662999965, -13.193289769999978 ], [ -74.245818662999966, -13.19327801999998 ], [ -74.245938037999963, -13.193218019999961 ], [ -74.246053037999957, -13.193153644999938 ], [ -74.246108662999973, -13.193123644999957 ], [ -74.246178912999937, -13.193102769999939 ], [ -74.246239537999941, -13.193110644999933 ], [ -74.246288912999944, -13.193114394999952 ], [ -74.246302537999952, -13.193113019999942 ], [ -74.246306412999957, -13.193111269999974 ], [ -74.246363162999955, -13.19310089499993 ], [ -74.24644978799995, -13.193098394999936 ], [ -74.246510162999982, -13.193095644999971 ], [ -74.246570787999985, -13.19307439499994 ], [ -74.246662162999939, -13.193067519999943 ], [ -74.246741287999953, -13.193040519999954 ], [ -74.24684541299996, -13.193015769999931 ], [ -74.246936162999987, -13.192991144999951 ], [ -74.247018787999934, -13.192989644999955 ], [ -74.247115537999946, -13.192958894999947 ], [ -74.247200662999944, -13.192933269999969 ], [ -74.247264787999939, -13.192928519999953 ], [ -74.247332662999952, -13.19295714499998 ], [ -74.247438037999984, -13.193015769999931 ], [ -74.24750378799996, -13.193065894999961 ], [ -74.247543662999988, -13.193080769999938 ], [ -74.247599912999988, -13.193095519999929 ], [ -74.247674912999969, -13.193069894999951 ], [ -74.24774916299998, -13.193061394999972 ], [ -74.247838412999954, -13.193087769999977 ], [ -74.24793716299996, -13.193121144999964 ], [ -74.248018662999982, -13.193116019999934 ], [ -74.248110537999935, -13.193083644999945 ], [ -74.24819853799994, -13.193053019999979 ], [ -74.24827191299994, -13.193020144999934 ], [ -74.248329912999964, -13.192971019999959 ], [ -74.248367537999968, -13.192936144999976 ], [ -74.248424912999951, -13.192930644999933 ], [ -74.248456662999956, -13.192898769999942 ], [ -74.24848678799998, -13.192849019999926 ], [ -74.24852591299998, -13.192807019999975 ], [ -74.248561662999975, -13.192787519999968 ], [ -74.248639037999965, -13.192753019999941 ], [ -74.248721537999984, -13.192738144999964 ], [ -74.24879528799994, -13.192727519999949 ], [ -74.24887003799995, -13.192755394999949 ], [ -74.248879287999955, -13.192784644999961 ], [ -74.248881787999949, -13.192819269999973 ], [ -74.248901037999985, -13.192831644999956 ], [ -74.248941037999941, -13.192832144999954 ], [ -74.248978787999988, -13.192852394999932 ], [ -74.249019037999972, -13.192873769999949 ], [ -74.249054787999967, -13.192883394999967 ], [ -74.249114912999971, -13.19287326999995 ], [ -74.249188162999985, -13.192846019999934 ], [ -74.249258287999965, -13.19280389499994 ], [ -74.249374287999956, -13.192721394999978 ], [ -74.249466912999935, -13.192706769999972 ], [ -74.249553287999959, -13.192727894999962 ], [ -74.24963153799996, -13.192700644999945 ], [ -74.249687912999946, -13.192676019999965 ], [ -74.249746037999955, -13.192666394999947 ], [ -74.249794412999961, -13.192670894999935 ], [ -74.249880037999958, -13.192675644999952 ], [ -74.249960787999953, -13.192669019999926 ], [ -74.250056412999982, -13.192674394999926 ], [ -74.25015491299996, -13.192653394999979 ], [ -74.250255787999947, -13.19266089499996 ], [ -74.250330662999943, -13.192679519999956 ], [ -74.250435787999947, -13.192698019999966 ], [ -74.250520037999934, -13.192726144999938 ], [ -74.250667662999945, -13.192761894999933 ], [ -74.250768787999959, -13.192783019999979 ], [ -74.25084891299997, -13.19279851999994 ], [ -74.250889412999982, -13.192821644999981 ], [ -74.250909787999944, -13.192812144999948 ], [ -74.250932787999943, -13.192782394999938 ], [ -74.250954412999988, -13.19277014499994 ], [ -74.251006537999956, -13.19276476999994 ], [ -74.251062412999943, -13.19276401999997 ], [ -74.251139912999975, -13.19275889499994 ], [ -74.251270412999986, -13.192774394999958 ], [ -74.251392912999961, -13.192793644999938 ], [ -74.251455537999959, -13.192789769999933 ], [ -74.251523037999959, -13.192781644999968 ], [ -74.251558037999985, -13.192800019999936 ], [ -74.251590287999989, -13.192801644999975 ], [ -74.251621787999966, -13.192830894999929 ], [ -74.251660037999955, -13.192841394999959 ], [ -74.251712787999963, -13.192824144999975 ], [ -74.251769662999948, -13.192789644999948 ], [ -74.251861537999957, -13.192733769999961 ], [ -74.251924537999969, -13.192696144999957 ], [ -74.25196978799994, -13.192670269999951 ], [ -74.252000912999961, -13.192654644999948 ], [ -74.252035412999987, -13.192647019999981 ], [ -74.252065287999983, -13.192662019999943 ], [ -74.252085037999962, -13.192686894999952 ], [ -74.252104162999956, -13.192728019999947 ], [ -74.252134412999965, -13.192751269999974 ], [ -74.252222287999984, -13.192764519999969 ], [ -74.252341412999954, -13.192765769999937 ], [ -74.252475912999955, -13.192736769999954 ], [ -74.252582412999971, -13.192730769999969 ], [ -74.252585412999963, -13.19272914499993 ], [ -74.252687037999976, -13.192715519999979 ], [ -74.25269566299994, -13.192713519999927 ], [ -74.252749162999976, -13.192696144999957 ], [ -74.25282128799995, -13.19266351999994 ], [ -74.25287216299995, -13.19264751999998 ], [ -74.252946787999974, -13.19266489499995 ], [ -74.253021037999986, -13.192719519999969 ], [ -74.253096537999966, -13.192751769999973 ], [ -74.253182912999989, -13.192787394999982 ], [ -74.253248412999937, -13.192800769999963 ], [ -74.253323037999962, -13.192817769999976 ], [ -74.253426537999985, -13.192828519999978 ], [ -74.253547287999936, -13.192832019999969 ], [ -74.25362053799995, -13.192834394999977 ], [ -74.253724037999973, -13.19278651999997 ], [ -74.253793537999968, -13.192753019999941 ], [ -74.253868787999977, -13.192720394999981 ], [ -74.253948287999947, -13.192725394999968 ], [ -74.254052287999968, -13.192753019999941 ], [ -74.254132912999978, -13.192794769999978 ], [ -74.254190662999974, -13.192846144999976 ], [ -74.254257912999947, -13.192930519999948 ], [ -74.254367912999953, -13.193057644999953 ], [ -74.254418537999982, -13.19313601999994 ], [ -74.254478162999987, -13.193168144999959 ], [ -74.254530287999955, -13.193157519999943 ], [ -74.254647787999943, -13.193101019999972 ], [ -74.254711787999952, -13.193085269999926 ], [ -74.254814162999935, -13.193061394999972 ], [ -74.254874037999969, -13.193033519999972 ], [ -74.254920537999965, -13.193019894999964 ], [ -74.254964412999982, -13.193019769999978 ], [ -74.254993537999951, -13.193037894999975 ], [ -74.25501653799995, -13.193065769999976 ], [ -74.255064412999957, -13.193088519999947 ], [ -74.255114287999959, -13.193119269999954 ], [ -74.25513303799994, -13.193164519999982 ], [ -74.255150662999938, -13.193232019999982 ], [ -74.255180287999963, -13.193278394999936 ], [ -74.255222162999985, -13.193307269999934 ], [ -74.255291787999965, -13.193333519999953 ], [ -74.255373037999959, -13.193385644999978 ], [ -74.255435537999972, -13.193442144999949 ], [ -74.255515912999954, -13.193495144999929 ], [ -74.255577912999968, -13.193524269999955 ], [ -74.255629537999937, -13.193578769999931 ], [ -74.255662912999981, -13.193660769999951 ], [ -74.255679162999968, -13.193729019999978 ], [ -74.255671037999946, -13.193815769999958 ], [ -74.25567891299994, -13.193896269999982 ], [ -74.255717412999957, -13.19394514499993 ], [ -74.255752537999967, -13.193965019999951 ], [ -74.255798287999937, -13.193958519999967 ], [ -74.255846412999972, -13.193929769999954 ], [ -74.255918162999933, -13.193916144999946 ], [ -74.255968037999935, -13.193923519999942 ], [ -74.256044162999956, -13.193935519999968 ], [ -74.256101412999953, -13.193970269999966 ], [ -74.256149912999945, -13.194038269999965 ], [ -74.256184162999944, -13.19411176999995 ], [ -74.256214412999952, -13.194176269999957 ], [ -74.256211912999959, -13.19423476999998 ], [ -74.256195162999973, -13.194306144999928 ], [ -74.25619216299998, -13.194364019999966 ], [ -74.256213912999954, -13.19437851999993 ], [ -74.256219037999983, -13.194405894999932 ], [ -74.256192287999966, -13.194442644999981 ], [ -74.256198537999978, -13.194467519999932 ], [ -74.256223912999985, -13.194505644999936 ], [ -74.256263412999942, -13.194521644999952 ], [ -74.256300162999935, -13.194521019999968 ], [ -74.256327662999979, -13.194537269999955 ], [ -74.256382912999982, -13.194585769999946 ], [ -74.256435162999935, -13.194630769999947 ], [ -74.25648403799994, -13.19464776999996 ], [ -74.256542787999933, -13.194637019999959 ], [ -74.256610912999975, -13.194593894999969 ], [ -74.256642537999937, -13.194562644999962 ], [ -74.256689162999976, -13.194553519999943 ], [ -74.256735912999943, -13.19456501999997 ], [ -74.25678891299998, -13.194604894999941 ], [ -74.256847162999975, -13.194651519999979 ], [ -74.25689091299995, -13.194697019999978 ], [ -74.256961912999941, -13.194730019999952 ], [ -74.257029537999983, -13.194753394999964 ], [ -74.257097662999968, -13.194764394999936 ], [ -74.25710253799997, -13.194764894999935 ], [ -74.25715291299997, -13.194793644999947 ], [ -74.257161037999936, -13.194798769999977 ], [ -74.257203162999986, -13.194840269999929 ], [ -74.257205162999981, -13.194841519999954 ], [ -74.257225662999986, -13.19487939499993 ], [ -74.257234912999934, -13.194907644999944 ], [ -74.257226412999955, -13.19495739499996 ], [ -74.257199287999981, -13.194978394999964 ], [ -74.25717941299996, -13.195006269999965 ], [ -74.257181162999984, -13.195034519999979 ], [ -74.257188287999952, -13.195068144999937 ], [ -74.257154537999952, -13.195107519999965 ], [ -74.257082412999978, -13.195136769999976 ], [ -74.257020662999935, -13.195188519999931 ], [ -74.256952162999937, -13.195269894999967 ], [ -74.256922412999984, -13.195355519999964 ], [ -74.256923287999939, -13.195446269999934 ], [ -74.256947662999949, -13.195482019999929 ], [ -74.256989037999972, -13.195495144999938 ], [ -74.257040662999941, -13.19547864499998 ], [ -74.257090662999985, -13.195472769999981 ], [ -74.257121287999951, -13.195488394999927 ], [ -74.257177037999952, -13.195533019999971 ], [ -74.257201787999975, -13.195575269999949 ], [ -74.257249162999983, -13.195638019999933 ], [ -74.257298037999988, -13.195677144999934 ], [ -74.257335412999964, -13.195698644999936 ], [ -74.257388537999987, -13.195705519999933 ], [ -74.257438037999975, -13.195715144999951 ], [ -74.257470162999937, -13.195730019999928 ], [ -74.257498537999936, -13.195764519999955 ], [ -74.257514912999966, -13.195812644999933 ], [ -74.257497537999939, -13.195862269999964 ], [ -74.257478537999987, -13.195900269999981 ], [ -74.257472912999958, -13.195935519999978 ], [ -74.257482912999933, -13.196010894999972 ], [ -74.257482287999949, -13.196012644999939 ], [ -74.257483912999987, -13.196083519999945 ], [ -74.257527787999948, -13.196127144999934 ], [ -74.257530537999969, -13.196130269999969 ], [ -74.257567662999975, -13.196200519999934 ], [ -74.257584662999989, -13.196254394999926 ], [ -74.257597787999941, -13.196304144999942 ], [ -74.257596912999986, -13.196305894999966 ], [ -74.257626537999954, -13.196334769999964 ], [ -74.257680662999974, -13.196353894999959 ], [ -74.257687287999943, -13.196356519999938 ], [ -74.257743537999943, -13.196378144999926 ], [ -74.257750162999969, -13.196380644999977 ], [ -74.257791162999979, -13.196381144999975 ], [ -74.257826037999962, -13.196402269999965 ], [ -74.25786403799998, -13.196428269999956 ], [ -74.257867287999943, -13.196429519999981 ], [ -74.257905537999989, -13.196444269999972 ], [ -74.25790716299997, -13.196444894999956 ], [ -74.257945412999959, -13.196472769999957 ], [ -74.257981162999954, -13.196486519999951 ], [ -74.257984912999973, -13.196486019999952 ], [ -74.258024412999987, -13.196482894999974 ], [ -74.258031162999941, -13.196483644999944 ], [ -74.258049912999979, -13.196479769999939 ], [ -74.258081662999984, -13.196496019999927 ], [ -74.258086162999973, -13.196497769999951 ], [ -74.258092787999942, -13.19653526999997 ], [ -74.258103162999987, -13.196603394999954 ], [ -74.258104912999954, -13.196653269999956 ], [ -74.258113787999946, -13.196701894999933 ], [ -74.258136537999974, -13.196740144999978 ], [ -74.258153787999959, -13.196772644999953 ], [ -74.25819616299998, -13.19678351999994 ], [ -74.25820628799994, -13.196782394999957 ], [ -74.258213787999978, -13.196781894999958 ], [ -74.258216537999942, -13.196781144999932 ], [ -74.258238162999987, -13.196775144999947 ], [ -74.258302037999954, -13.196746394999934 ], [ -74.258342662999951, -13.19672726999994 ], [ -74.258392662999938, -13.196719894999944 ], [ -74.258401162999974, -13.196722269999952 ], [ -74.258451787999945, -13.196723894999934 ], [ -74.258489912999949, -13.196708644999944 ], [ -74.258516912999937, -13.196704269999941 ], [ -74.258535162999976, -13.196716269999968 ], [ -74.258538537999982, -13.196743269999956 ], [ -74.258524537999961, -13.196792019999975 ], [ -74.258523912999976, -13.196793769999942 ], [ -74.25852128799994, -13.196848519999946 ], [ -74.258522912999979, -13.196909394999977 ], [ -74.258525912999971, -13.196966519999933 ], [ -74.258514287999958, -13.197038644999964 ], [ -74.258511662999979, -13.197045519999961 ], [ -74.258519537999973, -13.197118769999975 ], [ -74.258529162999935, -13.197192394999945 ], [ -74.258529662999933, -13.197196644999963 ], [ -74.258541162999961, -13.197278769999969 ], [ -74.258575037999947, -13.197356769999942 ], [ -74.258606787999952, -13.19743651999994 ], [ -74.258619037999949, -13.197517894999976 ], [ -74.258665287999975, -13.197547894999957 ], [ -74.258700287999943, -13.197552519999931 ], [ -74.25874416299996, -13.197553894999942 ], [ -74.258794162999948, -13.197577019999926 ], [ -74.258821037999951, -13.197604394999928 ], [ -74.258856912999988, -13.197632769999927 ], [ -74.258930662999944, -13.197637019999945 ], [ -74.258983287999968, -13.197645894999937 ], [ -74.259075037999935, -13.197656644999938 ], [ -74.259138537999945, -13.197678644999939 ], [ -74.259144662999972, -13.197681519999946 ], [ -74.259150912999985, -13.197684394999953 ], [ -74.259154037999963, -13.197685769999964 ], [ -74.259198537999964, -13.19770651999994 ], [ -74.259203037999953, -13.197708644999977 ], [ -74.259247912999967, -13.197731144999977 ], [ -74.259285912999985, -13.197755894999943 ], [ -74.259307412999988, -13.197781894999935 ], [ -74.259320037999942, -13.197812519999957 ], [ -74.259332662999952, -13.197820019999938 ], [ -74.259344787999964, -13.19782889499993 ], [ -74.259360912999966, -13.197841144999927 ], [ -74.259366412999952, -13.197862894999957 ], [ -74.25936016299994, -13.197879519999958 ], [ -74.259360912999966, -13.19789564499996 ], [ -74.259356912999976, -13.19792001999997 ], [ -74.259367287999964, -13.19795589499995 ], [ -74.259369037999988, -13.198005269999953 ], [ -74.259378537999964, -13.19807639499993 ], [ -74.25939503799998, -13.198144269999943 ], [ -74.259427787999982, -13.198206144999972 ], [ -74.259463287999949, -13.198241894999967 ], [ -74.259495912999967, -13.198258394999982 ], [ -74.259499287999972, -13.198259644999951 ], [ -74.259551537999982, -13.198278644999959 ], [ -74.259604662999948, -13.19827601999998 ], [ -74.259625287999938, -13.198263394999969 ], [ -74.259645912999986, -13.198250894999944 ], [ -74.259694162999949, -13.198233144999961 ], [ -74.259742787999983, -13.198223519999942 ], [ -74.25978153799997, -13.198244519999946 ], [ -74.259786412999972, -13.198246894999954 ], [ -74.259827037999969, -13.198281769999937 ], [ -74.259831912999971, -13.198284144999946 ], [ -74.259869912999989, -13.198299144999964 ], [ -74.259873162999952, -13.198300644999961 ], [ -74.259902787999977, -13.198297019999927 ], [ -74.259938037999973, -13.198292644999981 ], [ -74.259945912999967, -13.198296519999928 ], [ -74.259947412999963, -13.198297269999955 ], [ -74.25997941299994, -13.198305894999976 ], [ -74.259981037999978, -13.198306644999946 ], [ -74.260009662999948, -13.198328269999934 ], [ -74.260034662999942, -13.198358894999956 ], [ -74.26006541299995, -13.198401644999933 ], [ -74.260115287999952, -13.198439644999951 ], [ -74.260165412999982, -13.198474144999977 ], [ -74.260171287999981, -13.19847714499997 ], [ -74.260202412999945, -13.198500019999926 ], [ -74.260240287999977, -13.19850364499996 ], [ -74.260262662999935, -13.198503019999976 ], [ -74.260286787999974, -13.198501519999979 ], [ -74.260304037999958, -13.198522519999926 ], [ -74.260315912999943, -13.198544144999971 ], [ -74.260328537999953, -13.198559144999933 ], [ -74.260343537999972, -13.198572019999972 ], [ -74.260352912999963, -13.198595519999969 ], [ -74.260356912999953, -13.198619644999951 ], [ -74.260378162999984, -13.198654144999978 ], [ -74.260412287999941, -13.198687894999978 ], [ -74.260425162999979, -13.198733019999963 ], [ -74.260437412999977, -13.198815269999955 ], [ -74.260425037999937, -13.198956019999969 ], [ -74.260425787999964, -13.19900451999996 ], [ -74.260400162999986, -13.19906476999995 ], [ -74.260350037999956, -13.199129769999956 ], [ -74.26032203799997, -13.199201894999931 ], [ -74.260345537999967, -13.199237144999927 ], [ -74.260335037999937, -13.199278019999952 ], [ -74.260303662999945, -13.199296394999976 ], [ -74.260272287999953, -13.199314894999929 ], [ -74.260257912999975, -13.199369769999976 ], [ -74.260258912999973, -13.199376144999974 ], [ -74.260273662999964, -13.199424769999951 ], [ -74.260283912999967, -13.199463394999952 ], [ -74.260283412999968, -13.199468769999953 ], [ -74.260283537999953, -13.199473144999956 ], [ -74.260283287999982, -13.199475769999935 ], [ -74.26028316299994, -13.199538644999961 ], [ -74.260268412999949, -13.199587269999938 ], [ -74.260225787999957, -13.199678019999965 ], [ -74.260206662999963, -13.199803394999947 ], [ -74.260229162999963, -13.19991701999993 ], [ -74.260241912999959, -13.200043144999938 ], [ -74.260262787999977, -13.200116394999952 ], [ -74.260277787999939, -13.200204019999944 ], [ -74.260275412999988, -13.200303019999978 ], [ -74.26027516299996, -13.200311519999957 ], [ -74.260273537999979, -13.20043101999994 ], [ -74.260273287999951, -13.200445269999932 ], [ -74.260273287999951, -13.200448144999939 ], [ -74.260261037999953, -13.200537269999927 ], [ -74.260258037999961, -13.20054889499994 ], [ -74.260206537999977, -13.200634144999981 ], [ -74.260183162999965, -13.200689519999969 ], [ -74.26015941299994, -13.200799894999932 ], [ -74.260159287999954, -13.200805769999931 ], [ -74.26015866299997, -13.200882644999979 ], [ -74.260143537999966, -13.200964144999944 ], [ -74.260120537999967, -13.201003769999943 ], [ -74.260063162999984, -13.201020144999973 ], [ -74.260028037999973, -13.201077144999942 ], [ -74.260024537999982, -13.201148269999976 ], [ -74.260008662999951, -13.201214019999952 ], [ -74.259983287999944, -13.201311894999947 ], [ -74.259983162999958, -13.201323769999931 ], [ -74.259973287999969, -13.201414894999971 ], [ -74.259981662999962, -13.201496519999978 ], [ -74.259984662999955, -13.201499394999928 ], [ -74.260049662999961, -13.201566269999944 ], [ -74.260131787999967, -13.20160476999996 ], [ -74.260212662999947, -13.201634144999957 ], [ -74.260261912999965, -13.201648769999963 ], [ -74.260280662999946, -13.201708269999926 ], [ -74.260280662999946, -13.201711019999948 ], [ -74.260285412999963, -13.201761894999947 ], [ -74.260281912999972, -13.201812519999976 ], [ -74.260278537999966, -13.201854769999954 ], [ -74.260245162999979, -13.201891769999975 ], [ -74.260183537999978, -13.201966144999972 ], [ -74.260157537999987, -13.20201426999995 ], [ -74.260129412999959, -13.202066269999932 ], [ -74.26008391299996, -13.202129894999928 ], [ -74.260063787999968, -13.202190019999932 ], [ -74.259992787999977, -13.202258769999958 ], [ -74.259910162999972, -13.202357394999979 ], [ -74.259872537999968, -13.202439269999957 ], [ -74.259848662999957, -13.202516769999932 ], [ -74.259858412999961, -13.202628644999947 ], [ -74.25990528799997, -13.202742269999931 ], [ -74.259989662999942, -13.20280226999995 ], [ -74.259993037999948, -13.20280551999997 ], [ -74.259992412999964, -13.202897894999978 ], [ -74.259974787999965, -13.202993394999964 ], [ -74.259970662999933, -13.203084769999975 ], [ -74.25997353799994, -13.203169144999947 ], [ -74.259962662999953, -13.203275644999962 ], [ -74.259938787999943, -13.203339769999957 ], [ -74.259935037999981, -13.203410144999964 ], [ -74.259957912999937, -13.203477144999965 ], [ -74.260000412999943, -13.203556894999963 ], [ -74.260002412999938, -13.203667019999955 ], [ -74.25998803799996, -13.20376626999996 ], [ -74.259957537999981, -13.203842644999952 ], [ -74.259963287999938, -13.203919394999957 ], [ -74.260021538, -13.203982769999982 ], [ -74.260014287999979, -13.204037269999958 ], [ -74.259977662999972, -13.204090019999967 ], [ -74.259977037999988, -13.204150019999929 ], [ -74.260008287999938, -13.204272144999948 ], [ -74.26003303799996, -13.204372269999965 ], [ -74.260041662999981, -13.204467769999951 ], [ -74.260084412999959, -13.204558019999979 ], [ -74.260108787999968, -13.204604519999975 ], [ -74.260121912999978, -13.204671644999962 ], [ -74.260122287999934, -13.204734769999959 ], [ -74.260138412999936, -13.204776269999968 ], [ -74.260192037999957, -13.204828394999936 ], [ -74.260207912999988, -13.204881894999971 ], [ -74.260273412999936, -13.204923519999966 ], [ -74.26032928799998, -13.204970644999946 ], [ -74.260366412999986, -13.205029144999969 ], [ -74.260418787999981, -13.20508489499997 ], [ -74.260495412999944, -13.205122894999931 ], [ -74.260547287999941, -13.205166144999964 ], [ -74.260601912999959, -13.20520326999997 ], [ -74.260653412999943, -13.20524314499994 ], [ -74.260710537999955, -13.205274019999933 ], [ -74.260767662999967, -13.20528389499998 ], [ -74.260800537999955, -13.205320019999931 ], [ -74.260803412999962, -13.205364519999932 ], [ -74.260830287999966, -13.205409269999961 ], [ -74.260887453999942, -13.205469527999981 ], [ -74.26091089199997, -13.205488947999982 ], [ -74.262189897999974, -13.204727099999957 ], [ -74.263955358999965, -13.204477914999927 ], [ -74.265032627999972, -13.204009429999928 ], [ -74.265930252999965, -13.203619068999956 ], [ -74.267645619999939, -13.20275946299995 ], [ -74.269051981999951, -13.201085302999957 ], [ -74.270456360999958, -13.200072230999979 ], [ -74.270926948999943, -13.198903927999936 ], [ -74.271295084999963, -13.197277648999943 ], [ -74.270572989999948, -13.195749972999977 ], [ -74.268914117999941, -13.195084142999974 ], [ -74.267671219999954, -13.194165220999935 ], [ -74.267777596999963, -13.193301007999935 ], [ -74.267935567999984, -13.19253865099995 ], [ -74.268820293999966, -13.191727511999943 ], [ -74.269082967999964, -13.190660328999968 ], [ -74.269189637999943, -13.189694406999934 ], [ -74.269972662999976, -13.188171017999935 ], [ -74.270860680999988, -13.186241093999968 ], [ -74.271280692999937, -13.18461495899993 ], [ -74.272015246999956, -13.181921781999961 ], [ -74.273992330999988, -13.180249203999949 ], [ -74.275606104999952, -13.178575581999951 ], [ -74.27586768499998, -13.177864363999959 ], [ -74.275700381999968, -13.176649919999932 ], [ -74.27608192699995, -13.175601958999948 ], [ -74.276605526999958, -13.174026958999946 ], [ -74.277802578999967, -13.172860685999979 ], [ -74.279100881999966, -13.172559212999943 ], [ -74.279984903999946, -13.17195144599998 ], [ -74.281233676999989, -13.170836154999961 ], [ -74.282222219999937, -13.169974400999934 ], [ -74.283573285999978, -13.169367923999971 ], [ -74.284148424999955, -13.167894757999932 ], [ -74.285087116999989, -13.166320892999977 ], [ -74.289391795999961, -13.161407287999964 ], [ -74.285911123999938, -13.149389886999927 ], [ -74.28441167699998, -13.148708175999957 ], [ -74.283011496999961, -13.148399148999943 ], [ -74.282129342999951, -13.148396685999955 ], [ -74.281194262999975, -13.148750050999979 ], [ -74.280417524999962, -13.148188480999977 ], [ -74.280420489999983, -13.147171404999938 ], [ -74.280312332999983, -13.142484287999935 ], [ -74.28111032399994, -13.141935341999954 ], [ -74.281319362999966, -13.14142738299995 ], [ -74.282255598999939, -13.140667185999973 ], [ -74.282776856999988, -13.139854968999941 ], [ -74.283146871999975, -13.137516701999971 ], [ -74.282941825999956, -13.136651607999966 ], [ -74.282477780999955, -13.135633226999971 ], [ -74.282429582999953, -13.134361732999935 ], [ -74.281862358999945, -13.13313964699995 ], [ -74.281900035999968, -13.130060025999967 ], [ -74.281921207999972, -13.129810218999978 ], [ -74.281931873999952, -13.129684355999927 ], [ -74.282000037999978, -13.12888001999994 ], [ -74.282130037999934, -13.12817001999997 ], [ -74.282100037999953, -13.127580019999982 ], [ -74.281760037999959, -13.126720019999937 ], [ -74.281710037999972, -13.126310019999949 ], [ -74.281890037999972, -13.123160019999943 ], [ -74.281730037999978, -13.121750019999979 ], [ -74.281749983999987, -13.121389980999936 ], [ -74.282030037999959, -13.120860019999952 ], [ -74.282190037999953, -13.120210019999945 ], [ -74.283390037999936, -13.116680019999933 ], [ -74.284850037999945, -13.113850019999973 ], [ -74.285710037999934, -13.112440019999951 ], [ -74.286440037999967, -13.111440019999975 ], [ -74.286850037999955, -13.110730019999949 ], [ -74.28684003799998, -13.110210019999954 ], [ -74.286670037999954, -13.10969001999996 ], [ -74.286010037999972, -13.108880019999958 ], [ -74.285140037999952, -13.108070019999957 ], [ -74.284920037999939, -13.107720019999931 ], [ -74.284760037999945, -13.107310019999943 ], [ -74.284650037999938, -13.106480019999935 ], [ -74.284880037999983, -13.105070019999971 ], [ -74.284890037999958, -13.104600019999964 ], [ -74.284790037999983, -13.103780019999931 ], [ -74.284670037999945, -13.10306001999993 ], [ -74.284616451999966, -13.103042158999926 ], [ -74.284190037999963, -13.102900019999936 ], [ -74.28379003799995, -13.102500019999979 ], [ -74.283290037999961, -13.102150019999954 ], [ -74.28239003799996, -13.101850019999972 ], [ -74.281320037999933, -13.101730019999934 ], [ -74.28072003799997, -13.101510019999978 ], [ -74.279930037999975, -13.100480019999964 ], [ -74.278530037999985, -13.09912001999993 ], [ -74.277420037999946, -13.097520019999934 ], [ -74.276890037999976, -13.097030019999977 ], [ -74.27618003799995, -13.096480019999944 ], [ -74.275770037999962, -13.096020019999969 ], [ -74.274610037999935, -13.094190019999928 ], [ -74.273600037999984, -13.091820019999943 ], [ -74.273470037999971, -13.091280019999942 ], [ -74.273470037999971, -13.090640019999967 ], [ -74.273600037999984, -13.090240019999953 ], [ -74.274370037999972, -13.08877001999997 ], [ -74.274650037999947, -13.087940019999962 ], [ -74.27478003799996, -13.086630019999973 ], [ -74.274890037999967, -13.085570019999977 ], [ -74.275010037999948, -13.08483001999997 ], [ -74.275040037999986, -13.083890019999956 ], [ -74.275160037999967, -13.083300019999967 ], [ -74.275180037999974, -13.08292001999996 ], [ -74.275070037999967, -13.082480019999934 ], [ -74.275090037999973, -13.081530019999946 ], [ -74.275010037999948, -13.081050019999964 ], [ -74.275482108999938, -13.080434390999926 ], [ -74.275213494999946, -13.079539013999977 ], [ -74.275464201999966, -13.078912247999938 ], [ -74.275177680999946, -13.078178038999965 ], [ -74.274676270999976, -13.077014050999935 ], [ -74.274156949999963, -13.076226117999965 ], [ -74.274264395999978, -13.075420279999946 ], [ -74.274479285999973, -13.074542808999979 ], [ -74.27456882499996, -13.073146021999946 ], [ -74.273901219999971, -13.072334411999975 ], [ -74.273691354999983, -13.071767140999953 ], [ -74.273601817999975, -13.071408990999942 ], [ -74.273154127999987, -13.071301544999926 ], [ -74.272778071999937, -13.070961300999954 ], [ -74.27236619699994, -13.070334536999951 ], [ -74.272025953999957, -13.069600327999979 ], [ -74.271703617999947, -13.070030109999948 ] ] ] ] } },
{ "type": "Feature", "properties": { "UBIGEO": "050102", "CCDD": "05", "CCPP": "01", "CCDI": "02", "DEPARTAMEN": "AYACUCHO", "PROVINCIA": "HUAMANGA", "DISTRITO": "ACOCRO", "OBJECTID": 446.0, "ESRI_OID": 450.0 }, "geometry": { "type": "MultiPolygon", "coordinates": [ [ [ [ -74.092140315999984, -13.16095642199997 ], [ -74.091790037999942, -13.161290019999967 ], [ -74.091430037999942, -13.161470019999967 ], [ -74.090730037999947, -13.16169001999998 ], [ -74.090340037999965, -13.161880019999955 ], [ -74.089000037999938, -13.162900019999938 ], [ -74.087260037999954, -13.164000019999946 ], [ -74.086550037999984, -13.164150019999965 ], [ -74.085540037999976, -13.164020019999953 ], [ -74.08510003799995, -13.164290019999953 ], [ -74.084680037999988, -13.164750019999929 ], [ -74.083989973999962, -13.164799980999931 ], [ -74.083660037999948, -13.164820019999979 ], [ -74.08289003799996, -13.165230019999967 ], [ -74.08256003799994, -13.165570019999961 ], [ -74.082300037999971, -13.165990019999981 ], [ -74.082260037999959, -13.167090019999932 ], [ -74.082050037999977, -13.167550019999965 ], [ -74.081610037999951, -13.167910019999965 ], [ -74.080910037999956, -13.168140019999953 ], [ -74.080470037999987, -13.16834001999996 ], [ -74.080030037999961, -13.168830019999973 ], [ -74.07949003799996, -13.169660019999981 ], [ -74.078900037999972, -13.170380019999982 ], [ -74.078160037999965, -13.171030019999932 ], [ -74.077440037999963, -13.171760019999965 ], [ -74.077120037999975, -13.172100019999959 ], [ -74.076140037999949, -13.172850019999942 ], [ -74.075590037999973, -13.173270019999961 ], [ -74.075290037999935, -13.173290019999968 ], [ -74.073780037999938, -13.173140019999948 ], [ -74.073330037999938, -13.173270019999961 ], [ -74.073030037999956, -13.173480019999943 ], [ -74.072690037999962, -13.174080019999963 ], [ -74.072330037999961, -13.175130019999926 ], [ -74.072010037999974, -13.175640019999946 ], [ -74.071510037999985, -13.176190019999979 ], [ -74.071310037999979, -13.176500019999935 ], [ -74.070730037999965, -13.177880019999975 ], [ -74.07012003799997, -13.178980019999926 ], [ -74.070029932999944, -13.179070035999928 ], [ -74.069490037999969, -13.179660019999972 ], [ -74.068830037999987, -13.180080019999934 ], [ -74.067940037999961, -13.180170019999935 ], [ -74.067690037999967, -13.180300019999947 ], [ -74.066650037999977, -13.181510019999962 ], [ -74.065780037999957, -13.182300019999957 ], [ -74.064920037999968, -13.183190019999927 ], [ -74.064720037999962, -13.183260019999977 ], [ -74.064500037999949, -13.183250019999946 ], [ -74.063990037999986, -13.182950019999964 ], [ -74.063760037999941, -13.182990019999977 ], [ -74.063510037999947, -13.183110019999958 ], [ -74.063190037999959, -13.183450019999952 ], [ -74.062980037999978, -13.183750019999934 ], [ -74.062360037999952, -13.184680019999973 ], [ -74.06197003799997, -13.185050019999949 ], [ -74.061470037999982, -13.185180019999962 ], [ -74.060070037999935, -13.18515001999998 ], [ -74.059350037999934, -13.185290019999968 ], [ -74.059080037999934, -13.185430019999956 ], [ -74.058950037999978, -13.185600019999981 ], [ -74.058940037999946, -13.18577001999995 ], [ -74.059030037999946, -13.18595001999995 ], [ -74.059170037999934, -13.186030019999976 ], [ -74.059500037999953, -13.186410019999926 ], [ -74.059720037999966, -13.186840019999977 ], [ -74.059710037999935, -13.187030019999952 ], [ -74.059320037999953, -13.187750017999974 ], [ -74.059250037999959, -13.188110017999975 ], [ -74.059300037999947, -13.188260019999973 ], [ -74.059830037999973, -13.188940017999926 ], [ -74.059770037999954, -13.189350017999971 ], [ -74.059300037999947, -13.189770017999933 ], [ -74.059010053999941, -13.189949937999927 ], [ -74.058610037999983, -13.190200019999963 ], [ -74.057000037999956, -13.191760019999947 ], [ -74.056570037999961, -13.192290017999937 ], [ -74.056080037999948, -13.193060017999926 ], [ -74.055050037999933, -13.194020019999982 ], [ -74.054440037999939, -13.194930019999958 ], [ -74.054200037999976, -13.195140017999961 ], [ -74.054040037999982, -13.195220019999965 ], [ -74.053870037999957, -13.195230017999961 ], [ -74.052770037999949, -13.19502001799998 ], [ -74.051790037999979, -13.195350019999978 ], [ -74.051260037999953, -13.195460017999949 ], [ -74.050430037999945, -13.195050017999961 ], [ -74.049270037999975, -13.19434001999997 ], [ -74.048550037999973, -13.194050019999963 ], [ -74.048070037999935, -13.193990017999965 ], [ -74.047750037999947, -13.19400001799994 ], [ -74.046450037999989, -13.194530017999966 ], [ -74.046020037999938, -13.194610017999935 ], [ -74.045859977999953, -13.194609980999928 ], [ -74.04570003799995, -13.19460001799996 ], [ -74.04454003799998, -13.194420019999939 ], [ -74.043320037999933, -13.194790017999935 ], [ -74.042950037999958, -13.19478001799996 ], [ -74.042440037999938, -13.194590017999928 ], [ -74.042110037999976, -13.194540017999941 ], [ -74.04096003799998, -13.194730017999973 ], [ -74.039330037999946, -13.195430019999947 ], [ -74.038920037999958, -13.195600017999936 ], [ -74.038770037999939, -13.195830017999981 ], [ -74.038580037999964, -13.196550017999982 ], [ -74.038360037999951, -13.196640017999925 ], [ -74.037980037999944, -13.196620017999976 ], [ -74.037420037999937, -13.196910017999926 ], [ -74.037100037999949, -13.197270019999962 ], [ -74.036230037999985, -13.198440017999928 ], [ -74.035110037999971, -13.19932001799998 ], [ -74.034820037999964, -13.199700019999966 ], [ -74.034690037999951, -13.200060017999931 ], [ -74.033950037999944, -13.200980017999939 ], [ -74.03397003799995, -13.201230017999933 ], [ -74.034130037999944, -13.201680017999934 ], [ -74.034120037999969, -13.202180019999957 ], [ -74.033850037999969, -13.203210017999936 ], [ -74.033470037999962, -13.203950017999944 ], [ -74.033090037999955, -13.204340019999961 ], [ -74.032220037999934, -13.20478001999993 ], [ -74.032040037999934, -13.205210017999946 ], [ -74.031870037999965, -13.20615001799996 ], [ -74.031320037999933, -13.207230017999962 ], [ -74.031138744999964, -13.207405648999952 ], [ -74.031001762999949, -13.207541410999966 ], [ -74.030998695999983, -13.207541267999943 ], [ -74.030547475999981, -13.207520374999945 ], [ -74.030460037999944, -13.207480017999956 ], [ -74.029990037999937, -13.206630019999977 ], [ -74.029650037999943, -13.206340019999971 ], [ -74.028420037999979, -13.20580001999997 ], [ -74.027750037999965, -13.205600017999927 ], [ -74.026670037999963, -13.20467001999998 ], [ -74.025130037999986, -13.20370001799995 ], [ -74.02433003799996, -13.203380017999962 ], [ -74.023890037999934, -13.203070019999927 ], [ -74.023670037999977, -13.202590019999946 ], [ -74.023440037999933, -13.202240017999941 ], [ -74.02215003799995, -13.201030017999926 ], [ -74.021780037999974, -13.200610017999963 ], [ -74.020620037999947, -13.198470019999945 ], [ -74.019770037999933, -13.197700017999978 ], [ -74.018780037999989, -13.196980017999977 ], [ -74.018330037999988, -13.196550017999982 ], [ -74.018140037999956, -13.196100017999981 ], [ -74.017560037999942, -13.195730019999928 ], [ -74.016460037999934, -13.195710017999943 ], [ -74.015830037999933, -13.195550019999928 ], [ -74.015330037999945, -13.195200019999959 ], [ -74.014230037999937, -13.194110017999947 ], [ -74.01356003799998, -13.193710017999933 ], [ -74.013200037999979, -13.193640019999975 ], [ -74.012311645999944, -13.193603257999939 ], [ -74.011725086999945, -13.19357112199998 ], [ -74.011307221999971, -13.193781720999937 ], [ -74.010940037999944, -13.193970019999938 ], [ -74.009900037999955, -13.19400001799994 ], [ -74.009160037999948, -13.194110019999925 ], [ -74.008490037999934, -13.194750017999979 ], [ -74.008230037999965, -13.194880017999935 ], [ -74.006780037999988, -13.194850017999954 ], [ -74.006220037999981, -13.194540017999941 ], [ -74.006070037999962, -13.194530019999945 ], [ -74.005710037999961, -13.194680017999929 ], [ -74.005360037999935, -13.194970019999971 ], [ -74.005130037999947, -13.195060017999936 ], [ -74.003310037999938, -13.195180017999974 ], [ -74.003020037999988, -13.19567001799993 ], [ -74.002590037999937, -13.195850017999931 ], [ -74.001990037999974, -13.195760019999966 ], [ -74.001640037999948, -13.195500017999962 ], [ -74.00132003799996, -13.195360017999974 ], [ -74.000730037999972, -13.195260019999978 ], [ -74.000000037999939, -13.194950017999929 ], [ -73.999460037999938, -13.194760019999933 ], [ -73.998740037999937, -13.194530017999966 ], [ -73.997960037999974, -13.194160017999934 ], [ -73.997340037999948, -13.194010017999972 ], [ -73.995780037999964, -13.194040017999953 ], [ -73.995190037999976, -13.194130017999953 ], [ -73.994310037999981, -13.194450019999977 ], [ -73.993660037999973, -13.19460001799996 ], [ -73.992670037999972, -13.194570017999979 ], [ -73.990610037999943, -13.194610017999935 ], [ -73.988790037999934, -13.194270017999941 ], [ -73.987850037999976, -13.194020019999982 ], [ -73.986930037999969, -13.193680017999952 ], [ -73.986510037999949, -13.193420019999962 ], [ -73.985810037999954, -13.192690017999951 ], [ -73.985180037999953, -13.19215001799995 ], [ -73.984460037999952, -13.191770017999943 ], [ -73.983100037999975, -13.190910019999933 ], [ -73.98240003799998, -13.190300019999938 ], [ -73.98189003799996, -13.189760017999959 ], [ -73.980590037999946, -13.188700017999963 ], [ -73.979980037999951, -13.187800019999941 ], [ -73.979470037999988, -13.186490019999951 ], [ -73.978480037999987, -13.184560019999935 ], [ -73.978118906999953, -13.184093831999974 ], [ -73.977930037999954, -13.183850019999966 ], [ -73.975058871999977, -13.180257931999961 ], [ -73.972823289999951, -13.177761122999982 ], [ -73.969910219999974, -13.173826271999928 ], [ -73.968802607999976, -13.172860230999959 ], [ -73.969546107999975, -13.174699230999977 ], [ -73.969755732999943, -13.175537605999978 ], [ -73.969771857999945, -13.17582773099997 ], [ -73.969852482999954, -13.176811105999946 ], [ -73.969933107999964, -13.177939605999939 ], [ -73.969675107999933, -13.179019730999926 ], [ -73.96946560799995, -13.180214355999965 ], [ -73.969288232999986, -13.180746355999929 ], [ -73.968804607999971, -13.181826480999973 ], [ -73.968264482999984, -13.182369480999967 ], [ -73.967853357999957, -13.183035605999976 ], [ -73.967579357999966, -13.183390230999976 ], [ -73.967369732999941, -13.184083480999959 ], [ -73.966857482999956, -13.185185855999976 ], [ -73.965220232999968, -13.186350855999933 ], [ -73.964244107999946, -13.18672873099996 ], [ -73.963393982999946, -13.187012105999941 ], [ -73.961397357999942, -13.18726010599994 ], [ -73.961252857999966, -13.188082730999952 ], [ -73.960811982999985, -13.188712480999982 ], [ -73.96065460799997, -13.189814480999928 ], [ -73.96087498299994, -13.190979355999957 ], [ -73.961074482999948, -13.193813730999977 ], [ -73.961510357999941, -13.194807730999969 ], [ -73.961587232999989, -13.195807105999961 ], [ -73.961510357999941, -13.197190730999978 ], [ -73.961664107999979, -13.198266980999961 ], [ -73.961510357999941, -13.199881355999935 ], [ -73.961433357999965, -13.200957480999932 ], [ -73.961510357999941, -13.201879980999934 ], [ -73.961971607999942, -13.203417480999974 ], [ -73.963124607999987, -13.205262355999935 ], [ -73.963578107999979, -13.205874480999967 ], [ -73.963799982999944, -13.20694673099996 ], [ -73.963060482999936, -13.209276355999975 ], [ -73.96283860799997, -13.210089855999968 ], [ -73.961951107999937, -13.211457980999967 ], [ -73.96017623299997, -13.21315885599995 ], [ -73.959251857999959, -13.213713480999957 ], [ -73.958290482999985, -13.214268105999963 ], [ -73.956959232999964, -13.214785855999935 ], [ -73.955443232999983, -13.216264855999952 ], [ -73.95459273299997, -13.217928855999958 ], [ -73.952632982999944, -13.220369355999935 ], [ -73.951079982999943, -13.222698855999965 ], [ -73.950414357999989, -13.22428885599993 ], [ -73.949415982999938, -13.225102355999979 ], [ -73.948047857999939, -13.226063855999939 ], [ -73.947271357999966, -13.227099105999969 ], [ -73.947270732999982, -13.227099855999938 ], [ -73.946346982999955, -13.228208355999982 ], [ -73.945940232999988, -13.229095855999958 ], [ -73.945866232999947, -13.23094460599998 ], [ -73.945977232999951, -13.232312855999965 ], [ -73.946074232999933, -13.233750230999931 ], [ -73.946906232999936, -13.236061355999936 ], [ -73.94727598299994, -13.238372355999957 ], [ -73.947368482999934, -13.239250605999928 ], [ -73.947610357999963, -13.239798355999937 ], [ -73.947727357999952, -13.24111460599994 ], [ -73.947522607999986, -13.242928355999936 ], [ -73.946147732999975, -13.245414855999968 ], [ -73.945474857999955, -13.246526480999933 ], [ -73.945328607999954, -13.247374855999965 ], [ -73.945357857999966, -13.249802980999959 ], [ -73.945679607999978, -13.251376855999979 ], [ -73.946206232999941, -13.252576230999978 ], [ -73.946908232999988, -13.254536230999975 ], [ -73.946849732999965, -13.256817980999926 ], [ -73.945972107999978, -13.258894980999969 ], [ -73.945182357999954, -13.260942730999943 ], [ -73.944480232999979, -13.261834980999936 ], [ -73.944450982999967, -13.263151480999966 ], [ -73.944801982999934, -13.264965105999977 ], [ -73.945006732999957, -13.266164605999961 ], [ -73.944860482999957, -13.26657410599995 ], [ -73.944099982999944, -13.267246980999971 ], [ -73.943397857999969, -13.267773480999949 ], [ -73.941844732999982, -13.268826105999949 ], [ -73.939482482999949, -13.270888230999958 ], [ -73.938878607999982, -13.272150480999926 ], [ -73.937890732999961, -13.274291355999935 ], [ -73.936902732999954, -13.276157480999927 ], [ -73.935914732999947, -13.277804230999948 ], [ -73.934652232999952, -13.279176480999979 ], [ -73.933499607999977, -13.279999730999975 ], [ -73.932731107999984, -13.280987730999982 ], [ -73.931358857999953, -13.282744230999981 ], [ -73.930535607999957, -13.283402855999952 ], [ -73.929053607999947, -13.283787105999977 ], [ -73.926748232999955, -13.28428110599998 ], [ -73.924604357999954, -13.285041730999978 ], [ -73.92394885799996, -13.28543360599997 ], [ -73.923619607999967, -13.286586480999972 ], [ -73.923462404999952, -13.287435210999945 ], [ -73.923237732999951, -13.288681994999934 ], [ -73.923103758999957, -13.289447494999933 ], [ -73.922045340999944, -13.291793664999943 ], [ -73.923290232999989, -13.292843730999948 ], [ -73.924662482999963, -13.294874480999965 ], [ -73.925156482999967, -13.295972480999978 ], [ -73.925705357999959, -13.297838605999971 ], [ -73.925924857999973, -13.299046355999963 ], [ -73.92565048299997, -13.300363605999962 ], [ -73.924936857999967, -13.301461355999948 ], [ -73.923893982999971, -13.303162855999972 ], [ -73.922796357999971, -13.305248730999949 ], [ -73.922411982999961, -13.305742730999953 ], [ -73.921643607999954, -13.306181730999981 ], [ -73.920820232999972, -13.306675730999928 ], [ -73.919667607999941, -13.307773730999941 ], [ -73.919447982999941, -13.30914585599993 ], [ -73.919832232999966, -13.311341355999957 ], [ -73.92027135799998, -13.313152730999946 ], [ -73.920326232999969, -13.314140730999952 ], [ -73.920600732999958, -13.31507385599997 ], [ -73.921369107999965, -13.316061855999976 ], [ -73.922466732999965, -13.31880623099994 ], [ -73.922905982999964, -13.319519855999943 ], [ -73.924113607999971, -13.321331105999946 ], [ -73.925066357999981, -13.323142730999962 ], [ -73.925540732999934, -13.324075605999951 ], [ -73.926034732999938, -13.324459855999976 ], [ -73.92713248299998, -13.324843980999958 ], [ -73.928724232999969, -13.325447855999926 ], [ -73.930755107999971, -13.326655480999932 ], [ -73.932072482999956, -13.32714935599995 ], [ -73.933170232999942, -13.327643355999953 ], [ -73.933993482999938, -13.328466730999935 ], [ -73.935146232999955, -13.33033298099997 ], [ -73.936134232999962, -13.330991605999941 ], [ -73.937561357999982, -13.332253980999951 ], [ -73.938110232999975, -13.333351855999979 ], [ -73.938966857999958, -13.334326855999961 ], [ -73.939934482999945, -13.335127730999943 ], [ -73.940401732999987, -13.336329105999937 ], [ -73.941502982999964, -13.337930855999957 ], [ -73.942203732999985, -13.338831980999942 ], [ -73.942437232999964, -13.339198855999939 ], [ -73.942503982999938, -13.340400230999933 ], [ -73.942203732999985, -13.341534855999953 ], [ -73.941936732999977, -13.342369105999978 ], [ -73.942003482999951, -13.343370105999952 ], [ -73.942303857999946, -13.344354605999968 ], [ -73.942537357999981, -13.344988605999959 ], [ -73.942537357999981, -13.345322480999926 ], [ -73.942470607999951, -13.345889605999957 ], [ -73.942604107999955, -13.346957480999947 ], [ -73.943138107999971, -13.348659355999928 ], [ -73.943705357999988, -13.349860605999936 ], [ -73.944673107999961, -13.350494605999927 ], [ -73.945440607999956, -13.350828355999965 ], [ -73.946441732999972, -13.351562480999974 ], [ -73.947309357999984, -13.352396730999942 ], [ -73.948110357999951, -13.353364480999971 ], [ -73.948944482999934, -13.354065230999936 ], [ -73.950479482999981, -13.35526660599993 ], [ -73.951447232999953, -13.356167605999929 ], [ -73.952448232999984, -13.356768230999933 ], [ -73.954049982999948, -13.357836105999979 ], [ -73.955151232999981, -13.358803730999966 ], [ -73.955785232999972, -13.359704730999965 ], [ -73.955751857999985, -13.360272105999968 ], [ -73.955618482999967, -13.361039605999963 ], [ -73.955418232999989, -13.363809105999962 ], [ -73.955318107999972, -13.364810355999964 ], [ -73.955214857999977, -13.365165980999961 ], [ -73.955492482999944, -13.367090730999962 ], [ -73.956013857999949, -13.368980855999951 ], [ -73.956861232999984, -13.370349480999948 ], [ -73.957121857999937, -13.371196855999926 ], [ -73.957121857999937, -13.372174480999945 ], [ -73.957386256999939, -13.372736232999955 ], [ -73.957643357999984, -13.373282480999933 ], [ -73.958620982999946, -13.374129730999982 ], [ -73.96011998299997, -13.375302855999962 ], [ -73.961553857999945, -13.376736730999937 ], [ -73.962335982999946, -13.377975105999951 ], [ -73.962857357999951, -13.380386605999945 ], [ -73.962531482999964, -13.384166855999979 ], [ -73.96207523299995, -13.388142480999932 ], [ -73.961227982999958, -13.390228105999938 ], [ -73.959598607999965, -13.392378980999979 ], [ -73.959337857999969, -13.393291355999963 ], [ -73.958555732999969, -13.395051105999926 ], [ -73.957438982999975, -13.396605355999952 ], [ -73.95638003199997, -13.397687871999949 ], [ -73.956027242999937, -13.398711047999939 ], [ -73.955657119999955, -13.400240320999956 ], [ -73.955581982999945, -13.40191798099994 ], [ -73.956414107999933, -13.403685605999954 ], [ -73.956558607999966, -13.404761730999951 ], [ -73.956162107999944, -13.408050730999946 ], [ -73.956406232999939, -13.409298855999964 ], [ -73.956334107999965, -13.414734980999981 ], [ -73.956297232999987, -13.417104730999938 ], [ -73.956659139999942, -13.419747748999953 ], [ -73.956847893999964, -13.419861390999927 ], [ -73.992513326999983, -13.441334636999954 ], [ -73.996965982999939, -13.440089058999945 ], [ -73.999898641999948, -13.440100722999944 ], [ -74.002096652999967, -13.440468265999982 ], [ -74.003927596999972, -13.440953943999943 ], [ -74.006855840999947, -13.442041978999953 ], [ -74.010640955999975, -13.442774525999937 ], [ -74.013085365999984, -13.442664511999965 ], [ -74.014798063999933, -13.442192789999979 ], [ -74.017367100999934, -13.441485179999972 ], [ -74.018836852999982, -13.440653656999928 ], [ -74.021651705999943, -13.439588134999951 ], [ -74.024212959999943, -13.440794154999935 ], [ -74.024792727999966, -13.44247091699998 ], [ -74.026403691999974, -13.442979504999926 ], [ -74.027287270999977, -13.442049974999975 ], [ -74.028972709999948, -13.442271775999927 ], [ -74.030217672999981, -13.442635398999926 ], [ -74.031976150999981, -13.442929226999979 ], [ -74.033659879999959, -13.443581580999933 ], [ -74.03475793299998, -13.444016382999962 ], [ -74.035857135999947, -13.444164125999976 ], [ -74.036664498999983, -13.44395192099995 ], [ -74.03705421799998, -13.443561279999926 ], [ -74.037624510999933, -13.442233228999953 ], [ -74.038214773999982, -13.441302537999945 ], [ -74.039243223999961, -13.440804105999973 ], [ -74.04049047999996, -13.440593566999951 ], [ -74.041663559999961, -13.440598033999947 ], [ -74.043349580999973, -13.440676209999936 ], [ -74.044815080999967, -13.440897068999959 ], [ -74.045185076999985, -13.440037289999964 ], [ -74.045189621999953, -13.438889062999976 ], [ -74.045340231999944, -13.437884918999941 ], [ -74.045708801999979, -13.437383957999941 ], [ -74.046007174999943, -13.436093312999958 ], [ -74.046745156999975, -13.434876095999982 ], [ -74.04667864399994, -13.433153474999926 ], [ -74.046391334999953, -13.431645314999969 ], [ -74.046294982999939, -13.430206980999969 ], [ -74.046576107999954, -13.429367355999943 ], [ -74.046715482999957, -13.428600855999946 ], [ -74.046680607999974, -13.428008480999949 ], [ -74.046314732999974, -13.42586548099996 ], [ -74.046481982999978, -13.424081355999931 ], [ -74.047346232999985, -13.421990480999966 ], [ -74.047868607999987, -13.421240980999926 ], [ -74.048319107999987, -13.420289980999939 ], [ -74.048319107999987, -13.419338980999953 ], [ -74.047868607999987, -13.41803773099997 ], [ -74.047618357999966, -13.417336980999949 ], [ -74.047518232999948, -13.416786355999932 ], [ -74.048018732999935, -13.416536105999967 ], [ -74.049269982999988, -13.41598548099995 ], [ -74.050170982999987, -13.415334855999959 ], [ -74.050921732999939, -13.413833230999956 ], [ -74.051710607999951, -13.412288105999949 ], [ -74.052431482999964, -13.411263480999935 ], [ -74.053797732999953, -13.410542355999951 ], [ -74.054822357999967, -13.410162980999928 ], [ -74.055743447999987, -13.409454400999948 ], [ -74.056844473999945, -13.409099689999948 ], [ -74.05750508899996, -13.408886859999939 ], [ -74.058896324999978, -13.408943287999932 ], [ -74.059907482999961, -13.408531105999941 ], [ -74.060552482999981, -13.40731673099998 ], [ -74.061235733, -13.406178230999956 ], [ -74.061387482999976, -13.405115730999967 ], [ -74.061349482999958, -13.402876730999935 ], [ -74.061045982999985, -13.400865480999926 ], [ -74.06080848299996, -13.39963998099995 ], [ -74.060363982999945, -13.398877855999956 ], [ -74.059220857999946, -13.397607730999937 ], [ -74.058585857999958, -13.39646473099998 ], [ -74.058712857999978, -13.395131105999951 ], [ -74.059665357999961, -13.393860980999932 ], [ -74.061189482999964, -13.392463855999949 ], [ -74.063031108999951, -13.391574730999935 ], [ -74.064555233999954, -13.390876230999936 ], [ -74.066455108999946, -13.390544980999948 ], [ -74.068810608999968, -13.389603480999938 ], [ -74.070884733999947, -13.387578105999978 ], [ -74.071498108999947, -13.38541023099998 ], [ -74.072429858999953, -13.383319230999973 ], [ -74.072874358999968, -13.380905980999955 ], [ -74.073509483999942, -13.379127855999968 ], [ -74.074588983999945, -13.37798473099997 ], [ -74.075795608999954, -13.377476730999945 ], [ -74.077082885999971, -13.377346232999969 ], [ -74.078549412999962, -13.377208046999954 ], [ -74.080090057999939, -13.376854824999953 ], [ -74.080835174999947, -13.376330464999967 ], [ -74.08068243699995, -13.375278119999962 ], [ -74.080318664999936, -13.37455913499997 ], [ -74.080445688999987, -13.373711070999946 ], [ -74.080469070999982, -13.373554953999928 ], [ -74.081060352999941, -13.372265306999964 ], [ -74.081649178999953, -13.371621546999961 ], [ -74.081742090999967, -13.370945078999966 ], [ -74.081291117999967, -13.369395492999956 ], [ -74.080194930999937, -13.368530312999951 ], [ -74.079390574999934, -13.368025023999962 ], [ -74.079248065999934, -13.366948011999966 ], [ -74.079141652999965, -13.365112961999955 ], [ -74.079134686999964, -13.36511326599998 ], [ -74.079115608999984, -13.364693230999933 ], [ -74.079614358999947, -13.363917230999959 ], [ -74.080445733999966, -13.363640105999934 ], [ -74.082163858999934, -13.363141355999971 ], [ -74.082995233999952, -13.362697855999954 ], [ -74.085107483999934, -13.361290980999968 ], [ -74.086454608999986, -13.358393855999964 ], [ -74.088189733999968, -13.354770605999931 ], [ -74.089006358999939, -13.353086480999934 ], [ -74.089669733999983, -13.352116730999967 ], [ -74.090180108999959, -13.351657480999961 ], [ -74.090945483999974, -13.351555480999934 ], [ -74.092017233999968, -13.351708605999931 ], [ -74.092527608999944, -13.35191273099997 ], [ -74.093050733999974, -13.352333980999958 ], [ -74.094109608999986, -13.353086480999934 ], [ -74.095028108999941, -13.353698855999937 ], [ -74.096303983999974, -13.354617480999934 ], [ -74.098262867999949, -13.355932390999953 ], [ -74.099007117999975, -13.355608214999961 ], [ -74.099732953999933, -13.355435609999972 ], [ -74.100182483999959, -13.355331855999964 ], [ -74.101458358999935, -13.354821605999973 ], [ -74.103142358999946, -13.353851980999934 ], [ -74.104163108999956, -13.352933355999937 ], [ -74.104380154999944, -13.352666961999944 ], [ -74.105120463999981, -13.352379388999964 ], [ -74.105616182999938, -13.352186828999947 ], [ -74.10649832699994, -13.351472271999967 ], [ -74.107818373999976, -13.35126162399996 ], [ -74.108919330999981, -13.350834894999934 ], [ -74.111342352999941, -13.349712863999969 ], [ -74.110906352999962, -13.348617097999977 ], [ -74.110177119999946, -13.347609800999976 ], [ -74.109085983999989, -13.346861605999948 ], [ -74.10854915699997, -13.346248031999949 ], [ -74.107984358999943, -13.345602480999958 ], [ -74.10727610899994, -13.34387123099998 ], [ -74.106803858999967, -13.341825105999931 ], [ -74.106489108999938, -13.339149480999936 ], [ -74.106567733999952, -13.336552480999956 ], [ -74.10727610899994, -13.334191605999933 ], [ -74.10719735899994, -13.333011105999958 ], [ -74.106725233999953, -13.331673355999953 ], [ -74.105151233999948, -13.329863355999976 ], [ -74.103970858999958, -13.327659980999954 ], [ -74.102869108999982, -13.326243355999964 ], [ -74.102202467999973, -13.324310250999929 ], [ -74.102113274999965, -13.323207845999946 ], [ -74.102143483999953, -13.321727855999939 ], [ -74.102294608999955, -13.319965105999927 ], [ -74.102036920999979, -13.319128890999934 ], [ -74.10138810899997, -13.318705980999937 ], [ -74.101085858999966, -13.317849855999953 ], [ -74.100380733999941, -13.314727105999964 ], [ -74.099675608999974, -13.313165855999955 ], [ -74.099121608999951, -13.312460730999931 ], [ -74.098063983999964, -13.311604480999961 ], [ -74.09710548399994, -13.311181605999934 ], [ -74.095495358999983, -13.31029498099997 ], [ -74.094999959999939, -13.309751693999942 ], [ -74.095193108999979, -13.308229980999954 ], [ -74.095444983999982, -13.307222730999968 ], [ -74.096099733999949, -13.30616510599998 ], [ -74.096905608999975, -13.305409605999955 ], [ -74.097912858999962, -13.305006605999949 ], [ -74.099725983999974, -13.304502855999942 ], [ -74.100985108999964, -13.304100105999964 ], [ -74.103604108999946, -13.302790605999974 ], [ -74.106558608999933, -13.301224605999948 ], [ -74.108288108999943, -13.299970105999932 ], [ -74.11049560899994, -13.29802123099995 ], [ -74.111372233999987, -13.296807355999931 ], [ -74.112586233999934, -13.29539123099994 ], [ -74.11440698399997, -13.292761105999944 ], [ -74.116497608999964, -13.289591480999945 ], [ -74.117441858999939, -13.288377605999926 ], [ -74.119532233999962, -13.287163730999964 ], [ -74.120948483999939, -13.286354480999933 ], [ -74.122480074999942, -13.285461052999949 ], [ -74.122566983999945, -13.285410355999943 ], [ -74.123357365999937, -13.285008121999965 ], [ -74.121680037999965, -13.282600017999926 ], [ -74.120900037999945, -13.28092001999994 ], [ -74.120520037999938, -13.280380019999939 ], [ -74.119860037999956, -13.27872001999998 ], [ -74.119680037999956, -13.277950017999956 ], [ -74.11913003799998, -13.277310019999959 ], [ -74.118890037999961, -13.276910017999967 ], [ -74.117850037999972, -13.274630019999961 ], [ -74.117440037999984, -13.27375001799993 ], [ -74.116630037999983, -13.272280017999947 ], [ -74.116100037999956, -13.271520017999933 ], [ -74.115820037999981, -13.270810019999942 ], [ -74.115580037999962, -13.269920017999937 ], [ -74.11528003799998, -13.268030017999934 ], [ -74.11519003799998, -13.266750017999982 ], [ -74.115300037999987, -13.265770017999955 ], [ -74.115270037999949, -13.264910017999966 ], [ -74.114860037999961, -13.263960019999956 ], [ -74.114400037999985, -13.263220019999949 ], [ -74.113610037999933, -13.262640019999935 ], [ -74.112950037999951, -13.261770017999936 ], [ -74.112450037999963, -13.260880019999945 ], [ -74.11196003799995, -13.259420017999958 ], [ -74.11143003799998, -13.258560019999948 ], [ -74.111090037999986, -13.257650017999936 ], [ -74.110300037999934, -13.256850017999966 ], [ -74.109840037999959, -13.256180019999931 ], [ -74.109540037999977, -13.255140017999963 ], [ -74.108910037999976, -13.254260017999968 ], [ -74.108650037999951, -13.253800019999971 ], [ -74.107990037999969, -13.253050019999932 ], [ -74.107390037999949, -13.251870019999956 ], [ -74.106910037999967, -13.25122001799997 ], [ -74.106650037999941, -13.250480019999941 ], [ -74.106570037999973, -13.249900017999948 ], [ -74.106540037999935, -13.249620017999973 ], [ -74.10653003799996, -13.249100017999979 ], [ -74.106640037999966, -13.247860019999962 ], [ -74.106920037999942, -13.246740019999947 ], [ -74.106980037999961, -13.245870017999948 ], [ -74.106880037999986, -13.245670019999977 ], [ -74.106320037999978, -13.24519001799996 ], [ -74.106270037999934, -13.244790017999946 ], [ -74.106420037999953, -13.24397001799997 ], [ -74.106750037999973, -13.24317001999998 ], [ -74.106690037999954, -13.242640019999953 ], [ -74.106460037999966, -13.241820017999942 ], [ -74.106500037999979, -13.240670019999982 ], [ -74.106670037999947, -13.239940019999949 ], [ -74.107080037999935, -13.239000017999956 ], [ -74.10713003799998, -13.238660017999962 ], [ -74.107010037999942, -13.238080017999948 ], [ -74.106640037999966, -13.237320017999934 ], [ -74.106480037999972, -13.236210017999952 ], [ -74.106100037999965, -13.235780017999957 ], [ -74.105960037999978, -13.235420019999935 ], [ -74.105600037999977, -13.234970017999956 ], [ -74.105060037999976, -13.234010017999935 ], [ -74.104320037999969, -13.233330019999926 ], [ -74.104030037999962, -13.23286001799994 ], [ -74.103570037999987, -13.232360017999952 ], [ -74.103360037999948, -13.231730017999951 ], [ -74.102940037999986, -13.231320017999963 ], [ -74.102720037999973, -13.230990017999943 ], [ -74.102530037999941, -13.230340017999936 ], [ -74.102000037999971, -13.229800017999935 ], [ -74.101320037999983, -13.228650017999939 ], [ -74.101210037999977, -13.228370019999943 ], [ -74.100750037999944, -13.22717001999996 ], [ -74.100720037999963, -13.226730019999934 ], [ -74.100250037999956, -13.226250019999952 ], [ -74.100070037999956, -13.225930017999929 ], [ -74.099660037999968, -13.225610019999976 ], [ -74.09916003799998, -13.224160017999964 ], [ -74.098870037999973, -13.223630017999938 ], [ -74.098330037999972, -13.222280017999935 ], [ -74.097910037999952, -13.220670017999964 ], [ -74.097150037999938, -13.218790019999972 ], [ -74.096120037999981, -13.217420017999927 ], [ -74.095930037999949, -13.216980017999958 ], [ -74.095550037999942, -13.216410017999976 ], [ -74.095170037999935, -13.215680017999944 ], [ -74.094840037999973, -13.214850017999936 ], [ -74.094080037999959, -13.214130017999935 ], [ -74.093940037999971, -13.213750017999928 ], [ -74.093770037999946, -13.212880019999943 ], [ -74.093380037999964, -13.212000017999969 ], [ -74.093320037999945, -13.211200017999943 ], [ -74.093110037999963, -13.210540017999961 ], [ -74.092540037999981, -13.209940019999976 ], [ -74.092260037999949, -13.209440017999952 ], [ -74.091780037999968, -13.208790019999981 ], [ -74.091350037999973, -13.208350017999976 ], [ -74.091210037999986, -13.208080019999954 ], [ -74.090940037999985, -13.20687001999994 ], [ -74.09077003799996, -13.206390019999958 ], [ -74.090390037999953, -13.203870017999975 ], [ -74.09017003799994, -13.203310019999947 ], [ -74.089520037999989, -13.202370017999954 ], [ -74.089530037999964, -13.202020017999928 ], [ -74.089780037999958, -13.201530017999971 ], [ -74.089850037999952, -13.201000017999945 ], [ -74.089830037999945, -13.200380017999976 ], [ -74.089620037999964, -13.198880017999954 ], [ -74.089780037999958, -13.197910017999959 ], [ -74.089790037999933, -13.197130019999975 ], [ -74.090010037999946, -13.196590017999938 ], [ -74.090000037999971, -13.196110017999956 ], [ -74.090120037999952, -13.19558001799993 ], [ -74.09053003799994, -13.194700019999971 ], [ -74.091440037999973, -13.191550019999966 ], [ -74.091490037999961, -13.190980017999948 ], [ -74.091440037999973, -13.190400017999934 ], [ -74.091360037999948, -13.190150019999976 ], [ -74.091020037999954, -13.189570017999927 ], [ -74.090280037999946, -13.188690019999967 ], [ -74.089970037999933, -13.187780017999955 ], [ -74.089520037999989, -13.186920019999945 ], [ -74.088990037999963, -13.185890019999931 ], [ -74.088980037999988, -13.185560019999969 ], [ -74.089090037999938, -13.18497001999998 ], [ -74.089010037999969, -13.184030019999966 ], [ -74.089170037999963, -13.183040019999964 ], [ -74.089130037999951, -13.182710019999945 ], [ -74.088930037999944, -13.182000019999975 ], [ -74.088960037999982, -13.180900019999967 ], [ -74.088820037999938, -13.180610019999961 ], [ -74.088250037999956, -13.180020019999972 ], [ -74.087710037999955, -13.178920019999964 ], [ -74.087020037999935, -13.178390019999938 ], [ -74.086820037999985, -13.177280019999955 ], [ -74.086760037999966, -13.175960019999934 ], [ -74.086580037999965, -13.175560019999978 ], [ -74.086300037999933, -13.175120019999952 ], [ -74.086120037999933, -13.174440019999963 ], [ -74.085680037999964, -13.173680019999949 ], [ -74.085590037999964, -13.17317001999993 ], [ -74.085790037999971, -13.172540019999929 ], [ -74.08659003799994, -13.171100019999926 ], [ -74.087080037999954, -13.169970019999937 ], [ -74.087500037999973, -13.168800019999935 ], [ -74.087960037999949, -13.168250019999959 ], [ -74.088300037999943, -13.168000019999965 ], [ -74.088730037999937, -13.167810019999934 ], [ -74.089930037999977, -13.167580019999946 ], [ -74.090510037999934, -13.167550019999965 ], [ -74.091250037999941, -13.167370019999964 ], [ -74.091470037999954, -13.16721001999997 ], [ -74.091660037999986, -13.166930019999938 ], [ -74.091990037999949, -13.166240019999975 ], [ -74.092290037999987, -13.164960019999967 ], [ -74.092650037999988, -13.164220019999959 ], [ -74.093080037999982, -13.163660019999952 ], [ -74.093210037999938, -13.163250019999964 ], [ -74.093230037999945, -13.162950019999926 ], [ -74.092409983999971, -13.160489980999955 ], [ -74.092140315999984, -13.16095642199997 ] ] ] ] } },
{ "type": "Feature", "properties": { "UBIGEO": "050103", "CCDD": "05", "CCPP": "01", "CCDI": "03", "DEPARTAMEN": "AYACUCHO", "PROVINCIA": "HUAMANGA", "DISTRITO": "ACOS VINCHOS", "OBJECTID": 447.0, "ESRI_OID": 451.0 }, "geometry": { "type": "MultiPolygon", "coordinates": [ [ [ [ -74.065192858999978, -13.032236730999955 ], [ -74.063490358999957, -13.032543730999976 ], [ -74.062708733999955, -13.032906605999926 ], [ -74.061620108999989, -13.033325230999935 ], [ -74.060364107999987, -13.033743855999944 ], [ -74.059833857999934, -13.033715980999943 ], [ -74.058806607999941, -13.033583980999936 ], [ -74.056910107999954, -13.034079480999935 ], [ -74.055377107999959, -13.034447480999972 ], [ -74.054334607999976, -13.034753980999938 ], [ -74.053782732999935, -13.035428605999982 ], [ -74.053598732999944, -13.036470980999979 ], [ -74.053414766999936, -13.037820091999947 ], [ -74.052985607999972, -13.039291855999977 ], [ -74.052000357999987, -13.040144105999957 ], [ -74.053230857999949, -13.04143810599993 ], [ -74.054027982999969, -13.042603105999945 ], [ -74.054886482999962, -13.043952230999935 ], [ -74.055315732999986, -13.044933355999945 ], [ -74.055560982999964, -13.045607730999961 ], [ -74.055560982999964, -13.047018230999981 ], [ -74.055867732999957, -13.047999355999934 ], [ -74.056640607999952, -13.049169980999977 ], [ -74.057037857999944, -13.050395980999951 ], [ -74.057076732999974, -13.051525480999942 ], [ -74.056843107999953, -13.053122480999946 ], [ -74.056726232999949, -13.053940355999941 ], [ -74.057076732999974, -13.05436885599994 ], [ -74.057660982999948, -13.054602480999961 ], [ -74.058907357999942, -13.054991980999944 ], [ -74.059881107999956, -13.055420480999942 ], [ -74.060231607999981, -13.055770980999966 ], [ -74.060854857999971, -13.056316355999968 ], [ -74.061205357999938, -13.056511105999959 ], [ -74.061283357999969, -13.057134230999964 ], [ -74.060893857999986, -13.057835355999941 ], [ -74.059803232999968, -13.060133355999938 ], [ -74.059063232999961, -13.06153560599995 ], [ -74.058128357999976, -13.062704105999956 ], [ -74.054817732999936, -13.064417730999935 ], [ -74.053415482999981, -13.064924105999978 ], [ -74.052441732999966, -13.06507998099994 ], [ -74.050727982999945, -13.065586230999941 ], [ -74.049910107999949, -13.066131605999942 ], [ -74.049053107999953, -13.067806355999949 ], [ -74.048309232999941, -13.06956910599996 ], [ -74.047657982999965, -13.071911105999959 ], [ -74.047167732999981, -13.073545230999969 ], [ -74.047045107999963, -13.074648230999969 ], [ -74.04733110799998, -13.07575123099997 ], [ -74.04733110799998, -13.077344480999955 ], [ -74.047126857999956, -13.080163355999957 ], [ -74.047126982999941, -13.080164105999927 ], [ -74.046677482999939, -13.083676605999926 ], [ -74.046469607999938, -13.085963230999937 ], [ -74.044226357999946, -13.087802730999954 ], [ -74.042469732999962, -13.089473605999956 ], [ -74.041285107999954, -13.090780855999981 ], [ -74.039855107999983, -13.092496605999941 ], [ -74.039242357999967, -13.093681355999934 ], [ -74.038711232999958, -13.094743480999966 ], [ -74.038016732999949, -13.096087605999969 ], [ -74.037281482999958, -13.097394855999937 ], [ -74.036627857999974, -13.098211855999978 ], [ -74.036337232999983, -13.098467355999958 ], [ -74.035769857999981, -13.098497855999938 ], [ -74.03478948299994, -13.098620355999969 ], [ -74.033441357999948, -13.09845698099997 ], [ -74.032133982999937, -13.098007605999953 ], [ -74.031030982999937, -13.097272230999977 ], [ -74.030336482999985, -13.096495980999975 ], [ -74.029601232999937, -13.095433980999928 ], [ -74.029233482999985, -13.094657855999969 ], [ -74.028661607999936, -13.093840730999943 ], [ -74.028130482999984, -13.093350480999959 ], [ -74.02759948299996, -13.092901105999943 ], [ -74.026823232999959, -13.092410855999958 ], [ -74.026414857999953, -13.092369980999933 ], [ -74.025924482999983, -13.092451730999926 ], [ -74.025556857999959, -13.09298273099995 ], [ -74.024903108, -13.094167480999943 ], [ -74.023840982999957, -13.095392980999975 ], [ -74.022492857999964, -13.096414355999968 ], [ -74.021484357999952, -13.097535105999953 ], [ -74.02073623299998, -13.098783855999955 ], [ -74.02102223299994, -13.09984598099993 ], [ -74.021389910999972, -13.100540796999951 ], [ -74.021471607999956, -13.10103073099998 ], [ -74.021430732999988, -13.101970355999981 ], [ -74.021348982999939, -13.103032480999957 ], [ -74.021389857999964, -13.103563605999966 ], [ -74.020858732999955, -13.104012980999926 ], [ -74.020041732999971, -13.104298980999943 ], [ -74.019306357999938, -13.104584855999974 ], [ -74.018816107999953, -13.104789105999942 ], [ -74.018294982999976, -13.105205105999971 ], [ -74.017603357999974, -13.105990480999935 ], [ -74.01677373299998, -13.107522355999947 ], [ -74.016199107999967, -13.108671355999945 ], [ -74.016199107999967, -13.109501230999967 ], [ -74.016234508999958, -13.10954841399996 ], [ -74.01677373299998, -13.110267105999981 ], [ -74.017603357999974, -13.110905480999975 ], [ -74.018305482999949, -13.111543855999969 ], [ -74.018752357999972, -13.112692730999981 ], [ -74.018688482999949, -13.114224730999979 ], [ -74.018305482999949, -13.115884355999981 ], [ -74.017986357999973, -13.117160980999927 ], [ -74.017347982999979, -13.118182355999977 ], [ -74.015496857999949, -13.119139730999962 ], [ -74.013262607999934, -13.119650480999951 ], [ -74.011666982999941, -13.12016098099997 ], [ -74.010071232999962, -13.12086323099993 ], [ -74.009432857999968, -13.121501605999981 ], [ -74.008922232999964, -13.122331355999961 ], [ -74.007964732999937, -13.123544230999926 ], [ -74.007262607999962, -13.124246355999958 ], [ -74.007262607999962, -13.125395355999956 ], [ -74.008028607999961, -13.126544230999968 ], [ -74.008858357999941, -13.128331605999961 ], [ -74.009029357999964, -13.129601980999951 ], [ -74.008741482999937, -13.129758980999952 ], [ -74.007581732999938, -13.130501855999967 ], [ -74.006305107999935, -13.132225355999935 ], [ -74.004390107999939, -13.133565730999976 ], [ -74.003304982999964, -13.135327605999976 ], [ -74.00234760799998, -13.137306355999954 ], [ -74.001453732999948, -13.138965980999956 ], [ -74.00091785799998, -13.139380480999932 ], [ -74.000241107999955, -13.139731980999954 ], [ -73.999475107999956, -13.140817105999929 ], [ -73.998517607999986, -13.142987355999935 ], [ -73.997687857999949, -13.14458310599997 ], [ -73.997039107999967, -13.146191355999974 ], [ -73.995879607999939, -13.147109230999945 ], [ -73.995031232999963, -13.147829105999961 ], [ -73.994311357999948, -13.147906230999979 ], [ -73.993822857999987, -13.147906230999979 ], [ -73.993411482999988, -13.148137605999977 ], [ -73.99315435799997, -13.148523230999956 ], [ -73.992871607999973, -13.149114605999955 ], [ -73.992434482999954, -13.149911605999932 ], [ -73.992434482999954, -13.151017105999927 ], [ -73.992511607999973, -13.152533980999976 ], [ -73.99252460799994, -13.153179730999966 ], [ -73.992581232999953, -13.153519605999975 ], [ -73.993347232999952, -13.155945230999976 ], [ -73.994049357999984, -13.157923980999954 ], [ -73.994623857999954, -13.159775105999927 ], [ -73.994560107999973, -13.160987980999948 ], [ -73.993921732999979, -13.161881605999952 ], [ -73.991495982999936, -13.16386035599993 ], [ -73.990155607999952, -13.165073230999951 ], [ -73.987474732999942, -13.16666898099993 ], [ -73.985495982999964, -13.168328605999932 ], [ -73.98333785799997, -13.169816355999956 ], [ -73.981985232999989, -13.17088198099998 ], [ -73.980142107999939, -13.171702355999969 ], [ -73.978872357999933, -13.172146730999941 ], [ -73.977920107999978, -13.172559355999965 ], [ -73.977443982999944, -13.173098980999953 ], [ -73.976447982999957, -13.173324855999965 ], [ -73.975769732999936, -13.173533605999978 ], [ -73.974204732999965, -13.17361185599998 ], [ -73.971805107999955, -13.173507480999945 ], [ -73.970305357999962, -13.173409105999951 ], [ -73.969819857999937, -13.173211230999982 ], [ -73.969283357999984, -13.173025480999968 ], [ -73.968802607999976, -13.172860230999959 ], [ -73.969910219999974, -13.173826271999928 ], [ -73.972823289999951, -13.177761122999982 ], [ -73.975058871999977, -13.180257931999961 ], [ -73.977930037999954, -13.183850019999966 ], [ -73.978118906999953, -13.184093831999974 ], [ -73.978480037999987, -13.184560019999935 ], [ -73.979470037999988, -13.186490019999951 ], [ -73.979980037999951, -13.187800019999941 ], [ -73.980590037999946, -13.188700017999963 ], [ -73.98189003799996, -13.189760017999959 ], [ -73.98240003799998, -13.190300019999938 ], [ -73.983100037999975, -13.190910019999933 ], [ -73.984460037999952, -13.191770017999943 ], [ -73.985180037999953, -13.19215001799995 ], [ -73.985810037999954, -13.192690017999951 ], [ -73.986510037999949, -13.193420019999962 ], [ -73.986930037999969, -13.193680017999952 ], [ -73.987850037999976, -13.194020019999982 ], [ -73.988790037999934, -13.194270017999941 ], [ -73.990610037999943, -13.194610017999935 ], [ -73.992670037999972, -13.194570017999979 ], [ -73.993660037999973, -13.19460001799996 ], [ -73.994310037999981, -13.194450019999977 ], [ -73.995190037999976, -13.194130017999953 ], [ -73.995780037999964, -13.194040017999953 ], [ -73.997340037999948, -13.194010017999972 ], [ -73.997960037999974, -13.194160017999934 ], [ -73.998740037999937, -13.194530017999966 ], [ -73.999460037999938, -13.194760019999933 ], [ -74.000000037999939, -13.194950017999929 ], [ -74.000730037999972, -13.195260019999978 ], [ -74.00132003799996, -13.195360017999974 ], [ -74.001640037999948, -13.195500017999962 ], [ -74.001990037999974, -13.195760019999966 ], [ -74.002590037999937, -13.195850017999931 ], [ -74.003020037999988, -13.19567001799993 ], [ -74.003310037999938, -13.195180017999974 ], [ -74.005130037999947, -13.195060017999936 ], [ -74.005360037999935, -13.194970019999971 ], [ -74.005710037999961, -13.194680017999929 ], [ -74.006070037999962, -13.194530019999945 ], [ -74.006220037999981, -13.194540017999941 ], [ -74.006780037999988, -13.194850017999954 ], [ -74.008230037999965, -13.194880017999935 ], [ -74.008490037999934, -13.194750017999979 ], [ -74.009160037999948, -13.194110019999925 ], [ -74.009900037999955, -13.19400001799994 ], [ -74.010940037999944, -13.193970019999938 ], [ -74.011307221999971, -13.193781720999937 ], [ -74.011725086999945, -13.19357112199998 ], [ -74.012311645999944, -13.193603257999939 ], [ -74.013200037999979, -13.193640019999975 ], [ -74.01356003799998, -13.193710017999933 ], [ -74.014230037999937, -13.194110017999947 ], [ -74.015330037999945, -13.195200019999959 ], [ -74.015830037999933, -13.195550019999928 ], [ -74.016460037999934, -13.195710017999943 ], [ -74.017560037999942, -13.195730019999928 ], [ -74.018140037999956, -13.196100017999981 ], [ -74.018330037999988, -13.196550017999982 ], [ -74.018780037999989, -13.196980017999977 ], [ -74.019770037999933, -13.197700017999978 ], [ -74.020620037999947, -13.198470019999945 ], [ -74.021780037999974, -13.200610017999963 ], [ -74.02215003799995, -13.201030017999926 ], [ -74.023440037999933, -13.202240017999941 ], [ -74.023670037999977, -13.202590019999946 ], [ -74.023890037999934, -13.203070019999927 ], [ -74.02433003799996, -13.203380017999962 ], [ -74.025130037999986, -13.20370001799995 ], [ -74.026670037999963, -13.20467001999998 ], [ -74.027750037999965, -13.205600017999927 ], [ -74.028420037999979, -13.20580001999997 ], [ -74.029650037999943, -13.206340019999971 ], [ -74.029990037999937, -13.206630019999977 ], [ -74.030460037999944, -13.207480017999956 ], [ -74.030547475999981, -13.207520374999945 ], [ -74.030998695999983, -13.207541267999943 ], [ -74.031001762999949, -13.207541410999966 ], [ -74.031138744999964, -13.207405648999952 ], [ -74.031320037999933, -13.207230017999962 ], [ -74.031870037999965, -13.20615001799996 ], [ -74.032040037999934, -13.205210017999946 ], [ -74.032220037999934, -13.20478001999993 ], [ -74.033090037999955, -13.204340019999961 ], [ -74.033470037999962, -13.203950017999944 ], [ -74.033850037999969, -13.203210017999936 ], [ -74.034120037999969, -13.202180019999957 ], [ -74.034130037999944, -13.201680017999934 ], [ -74.03397003799995, -13.201230017999933 ], [ -74.033950037999944, -13.200980017999939 ], [ -74.034690037999951, -13.200060017999931 ], [ -74.034820037999964, -13.199700019999966 ], [ -74.035110037999971, -13.19932001799998 ], [ -74.036230037999985, -13.198440017999928 ], [ -74.037100037999949, -13.197270019999962 ], [ -74.037420037999937, -13.196910017999926 ], [ -74.037980037999944, -13.196620017999976 ], [ -74.038360037999951, -13.196640017999925 ], [ -74.038580037999964, -13.196550017999982 ], [ -74.038770037999939, -13.195830017999981 ], [ -74.038920037999958, -13.195600017999936 ], [ -74.039330037999946, -13.195430019999947 ], [ -74.04096003799998, -13.194730017999973 ], [ -74.042110037999976, -13.194540017999941 ], [ -74.042440037999938, -13.194590017999928 ], [ -74.042950037999958, -13.19478001799996 ], [ -74.043320037999933, -13.194790017999935 ], [ -74.04454003799998, -13.194420019999939 ], [ -74.04570003799995, -13.19460001799996 ], [ -74.045859977999953, -13.194609980999928 ], [ -74.046020037999938, -13.194610017999935 ], [ -74.046450037999989, -13.194530017999966 ], [ -74.047750037999947, -13.19400001799994 ], [ -74.048070037999935, -13.193990017999965 ], [ -74.048550037999973, -13.194050019999963 ], [ -74.049270037999975, -13.19434001999997 ], [ -74.050430037999945, -13.195050017999961 ], [ -74.051260037999953, -13.195460017999949 ], [ -74.051790037999979, -13.195350019999978 ], [ -74.052770037999949, -13.19502001799998 ], [ -74.053870037999957, -13.195230017999961 ], [ -74.054040037999982, -13.195220019999965 ], [ -74.054200037999976, -13.195140017999961 ], [ -74.054440037999939, -13.194930019999958 ], [ -74.055050037999933, -13.194020019999982 ], [ -74.056080037999948, -13.193060017999926 ], [ -74.056570037999961, -13.192290017999937 ], [ -74.057000037999956, -13.191760019999947 ], [ -74.058610037999983, -13.190200019999963 ], [ -74.059010053999941, -13.189949937999927 ], [ -74.059300037999947, -13.189770017999933 ], [ -74.059770037999954, -13.189350017999971 ], [ -74.059830037999973, -13.188940017999926 ], [ -74.059300037999947, -13.188260019999973 ], [ -74.059250037999959, -13.188110017999975 ], [ -74.059320037999953, -13.187750017999974 ], [ -74.059710037999935, -13.187030019999952 ], [ -74.059720037999966, -13.186840019999977 ], [ -74.059500037999953, -13.186410019999926 ], [ -74.059170037999934, -13.186030019999976 ], [ -74.059030037999946, -13.18595001999995 ], [ -74.058940037999946, -13.18577001999995 ], [ -74.058950037999978, -13.185600019999981 ], [ -74.059080037999934, -13.185430019999956 ], [ -74.059350037999934, -13.185290019999968 ], [ -74.060070037999935, -13.18515001999998 ], [ -74.061470037999982, -13.185180019999962 ], [ -74.06197003799997, -13.185050019999949 ], [ -74.062360037999952, -13.184680019999973 ], [ -74.062980037999978, -13.183750019999934 ], [ -74.063190037999959, -13.183450019999952 ], [ -74.063510037999947, -13.183110019999958 ], [ -74.063760037999941, -13.182990019999977 ], [ -74.063990037999986, -13.182950019999964 ], [ -74.064500037999949, -13.183250019999946 ], [ -74.064720037999962, -13.183260019999977 ], [ -74.064920037999968, -13.183190019999927 ], [ -74.065780037999957, -13.182300019999957 ], [ -74.066650037999977, -13.181510019999962 ], [ -74.067690037999967, -13.180300019999947 ], [ -74.067940037999961, -13.180170019999935 ], [ -74.068830037999987, -13.180080019999934 ], [ -74.069490037999969, -13.179660019999972 ], [ -74.070029932999944, -13.179070035999928 ], [ -74.07012003799997, -13.178980019999926 ], [ -74.070730037999965, -13.177880019999975 ], [ -74.071310037999979, -13.176500019999935 ], [ -74.071510037999985, -13.176190019999979 ], [ -74.072010037999974, -13.175640019999946 ], [ -74.072330037999961, -13.175130019999926 ], [ -74.072690037999962, -13.174080019999963 ], [ -74.073030037999956, -13.173480019999943 ], [ -74.073330037999938, -13.173270019999961 ], [ -74.073780037999938, -13.173140019999948 ], [ -74.075290037999935, -13.173290019999968 ], [ -74.075590037999973, -13.173270019999961 ], [ -74.076140037999949, -13.172850019999942 ], [ -74.077120037999975, -13.172100019999959 ], [ -74.077440037999963, -13.171760019999965 ], [ -74.078160037999965, -13.171030019999932 ], [ -74.078900037999972, -13.170380019999982 ], [ -74.07949003799996, -13.169660019999981 ], [ -74.080030037999961, -13.168830019999973 ], [ -74.080470037999987, -13.16834001999996 ], [ -74.080910037999956, -13.168140019999953 ], [ -74.081610037999951, -13.167910019999965 ], [ -74.082050037999977, -13.167550019999965 ], [ -74.082260037999959, -13.167090019999932 ], [ -74.082300037999971, -13.165990019999981 ], [ -74.08256003799994, -13.165570019999961 ], [ -74.08289003799996, -13.165230019999967 ], [ -74.083660037999948, -13.164820019999979 ], [ -74.083989973999962, -13.164799980999931 ], [ -74.084680037999988, -13.164750019999929 ], [ -74.08510003799995, -13.164290019999953 ], [ -74.085540037999976, -13.164020019999953 ], [ -74.086550037999984, -13.164150019999965 ], [ -74.087260037999954, -13.164000019999946 ], [ -74.089000037999938, -13.162900019999938 ], [ -74.090340037999965, -13.161880019999955 ], [ -74.090730037999947, -13.16169001999998 ], [ -74.091430037999942, -13.161470019999967 ], [ -74.091790037999942, -13.161290019999967 ], [ -74.092140315999984, -13.16095642199997 ], [ -74.092409983999971, -13.160489980999955 ], [ -74.092413563999969, -13.160479179999982 ], [ -74.092453233999947, -13.160353105999945 ], [ -74.092539108999972, -13.160081230999936 ], [ -74.092589983999972, -13.159919980999973 ], [ -74.092899983999985, -13.159619980999935 ], [ -74.093249983999954, -13.159489980999979 ], [ -74.09493998399995, -13.159179980999966 ], [ -74.095299983999951, -13.159019980999972 ], [ -74.095769983999958, -13.158709980999959 ], [ -74.096039983999958, -13.158409980999977 ], [ -74.096539983999946, -13.157109980999962 ], [ -74.096619983999972, -13.156349980999948 ], [ -74.09660998399994, -13.155529980999972 ], [ -74.096539983999946, -13.155329980999966 ], [ -74.096149983999965, -13.154909980999946 ], [ -74.095969983999964, -13.154409980999958 ], [ -74.095939983999983, -13.153959980999957 ], [ -74.095459983999945, -13.152669980999974 ], [ -74.095409983999957, -13.152219980999973 ], [ -74.095459983999945, -13.151289980999934 ], [ -74.095169983999938, -13.150259980999977 ], [ -74.095229979999942, -13.149690021999959 ], [ -74.095259983999938, -13.149389980999956 ], [ -74.095219983999982, -13.149019980999981 ], [ -74.094999983999969, -13.148619980999968 ], [ -74.094649983999943, -13.148239980999961 ], [ -74.094419983999956, -13.148079980999967 ], [ -74.094289983999943, -13.147829980999973 ], [ -74.094329983999955, -13.147389980999947 ], [ -74.094659983999975, -13.146729980999964 ], [ -74.09466998399995, -13.146339980999926 ], [ -74.094499983999981, -13.146149980999951 ], [ -74.093729983999935, -13.14602998099997 ], [ -74.093459983999935, -13.145849980999969 ], [ -74.093279983999935, -13.145649980999963 ], [ -74.093079983999985, -13.144839980999961 ], [ -74.093109983999966, -13.144139980999967 ], [ -74.093439983999986, -13.14324998099994 ], [ -74.093929983999942, -13.142389980999951 ], [ -74.094229983999981, -13.142039980999982 ], [ -74.094829983999944, -13.141679980999982 ], [ -74.096009983999977, -13.141309980999949 ], [ -74.096199983999952, -13.14124998099993 ], [ -74.09651998399994, -13.141059980999955 ], [ -74.09669998399994, -13.140609980999955 ], [ -74.096809983999947, -13.139969980999979 ], [ -74.096979983999972, -13.139549980999959 ], [ -74.097489983999935, -13.139019980999933 ], [ -74.097829983999986, -13.138989980999952 ], [ -74.099439983999957, -13.13921998099994 ], [ -74.099829983999939, -13.139099980999958 ], [ -74.100209983999946, -13.138719980999952 ], [ -74.100439983999934, -13.138359980999951 ], [ -74.100539983999965, -13.137849980999931 ], [ -74.100419983999984, -13.135779980999928 ], [ -74.10054998399994, -13.135429980999959 ], [ -74.100949983999953, -13.135029980999946 ], [ -74.10107997199998, -13.134969986999977 ], [ -74.101609983999936, -13.134739980999939 ], [ -74.103479983999989, -13.134159980999982 ], [ -74.105079983999985, -13.134029980999969 ], [ -74.105359983999961, -13.133959980999975 ], [ -74.105819983999936, -13.133709980999981 ], [ -74.10639998399995, -13.133149980999974 ], [ -74.107219983999983, -13.132909980999955 ], [ -74.108269983999946, -13.133049980999942 ], [ -74.110109983999962, -13.132799980999948 ], [ -74.111019983999938, -13.132949980999967 ], [ -74.112169983999934, -13.133319980999943 ], [ -74.112799983999935, -13.133309980999968 ], [ -74.113369983999974, -13.133199980999962 ], [ -74.114479983999956, -13.132739980999929 ], [ -74.115829983999959, -13.132539980999979 ], [ -74.117379983999967, -13.131759980999959 ], [ -74.117899983999962, -13.131749980999928 ], [ -74.119109983999977, -13.132019980999928 ], [ -74.119869983999934, -13.131959980999966 ], [ -74.120979983999973, -13.131509980999965 ], [ -74.121609983999974, -13.131329980999965 ], [ -74.122789983999951, -13.130769980999958 ], [ -74.123109983999939, -13.130679980999957 ], [ -74.123439983999958, -13.130659980999951 ], [ -74.124109983999972, -13.130769980999958 ], [ -74.124899983999967, -13.130979980999939 ], [ -74.126142733999984, -13.13086810599998 ], [ -74.127119983999989, -13.130779980999932 ], [ -74.127279983999983, -13.130869980999933 ], [ -74.127271358999963, -13.130857730999935 ], [ -74.127267983999957, -13.130852855999933 ], [ -74.127249233999976, -13.130826480999929 ], [ -74.127216233999945, -13.130779605999976 ], [ -74.127187858999946, -13.130739355999935 ], [ -74.127039983999964, -13.130529980999938 ], [ -74.126850358999945, -13.130116480999959 ], [ -74.126792733999935, -13.129990980999935 ], [ -74.126649983999982, -13.129679980999981 ], [ -74.12636998399995, -13.12933998099993 ], [ -74.124659983999948, -13.128039980999972 ], [ -74.124459983999941, -13.127959980999947 ], [ -74.12424998399996, -13.127769980999972 ], [ -74.124199983999972, -13.12739998099994 ], [ -74.124399983999979, -13.126919980999958 ], [ -74.124269983999966, -13.126259980999976 ], [ -74.124309983999979, -13.125519980999968 ], [ -74.124139983999953, -13.124319980999928 ], [ -74.123679983999978, -13.123519980999959 ], [ -74.123269984, -13.122119980999969 ], [ -74.122469983999963, -13.120559980999928 ], [ -74.122359983999957, -13.119939980999959 ], [ -74.122029983999937, -13.119449980999946 ], [ -74.122009983999988, -13.119239980999964 ], [ -74.122169983999981, -13.118759980999926 ], [ -74.122129983999969, -13.118569980999951 ], [ -74.121849983999937, -13.118139980999956 ], [ -74.120799983999973, -13.117209980999974 ], [ -74.119429983999964, -13.116499980999947 ], [ -74.119119983999951, -13.116239980999978 ], [ -74.118969983999989, -13.115959980999946 ], [ -74.118829988999948, -13.115069962999939 ], [ -74.118969983999989, -13.114669980999963 ], [ -74.119249983999964, -13.114459980999982 ], [ -74.119639983999946, -13.114339980999944 ], [ -74.120339983999941, -13.114369980999982 ], [ -74.120979983999973, -13.114219980999962 ], [ -74.121549983999955, -13.113879980999968 ], [ -74.121959983999943, -13.113549980999949 ], [ -74.12251998399995, -13.112919980999948 ], [ -74.123169983999958, -13.112039980999953 ], [ -74.124019983999972, -13.111349980999933 ], [ -74.124109983999972, -13.110469980999937 ], [ -74.124499983999954, -13.109409980999942 ], [ -74.12469998399996, -13.109159980999948 ], [ -74.125259983999968, -13.108959980999941 ], [ -74.125359983999942, -13.108789980999973 ], [ -74.125379983999949, -13.108619980999947 ], [ -74.125139983999986, -13.108119980999959 ], [ -74.125199983999948, -13.107709980999971 ], [ -74.125139983999986, -13.107069980999938 ], [ -74.125189983999974, -13.106879980999963 ], [ -74.125539983999943, -13.106409980999956 ], [ -74.125699983999937, -13.105509980999955 ], [ -74.125879983999937, -13.105179980999935 ], [ -74.125849983999956, -13.104879980999954 ], [ -74.125479983999981, -13.104329980999978 ], [ -74.125419983999961, -13.103989980999927 ], [ -74.125589983999987, -13.103169980999951 ], [ -74.125819983999975, -13.102549980999981 ], [ -74.125849983999956, -13.102109980999955 ], [ -74.125819983999975, -13.10193998099993 ], [ -74.124759983999979, -13.10068998099996 ], [ -74.124599983999985, -13.099969980999958 ], [ -74.124419983999985, -13.099749980999945 ], [ -74.124399983999979, -13.098559980999937 ], [ -74.124219983999978, -13.09743998099998 ], [ -74.123545733999947, -13.097023730999979 ], [ -74.122662983999987, -13.096483730999978 ], [ -74.12215410899995, -13.096140980999962 ], [ -74.121780358999956, -13.095715355999971 ], [ -74.121699108999962, -13.095407105999982 ], [ -74.121489983999936, -13.094257605999928 ], [ -74.121350733999975, -13.093734855999969 ], [ -74.121315858999935, -13.093177605999927 ], [ -74.122151858999985, -13.092411230999971 ], [ -74.122465483999974, -13.091819105999946 ], [ -74.122569983999938, -13.091017855999951 ], [ -74.122395733999952, -13.090390855999942 ], [ -74.121942983999986, -13.089763730999948 ], [ -74.121315858999935, -13.08913673099994 ], [ -74.120270858999959, -13.088370355999928 ], [ -74.118737983999949, -13.087743355999976 ], [ -74.116891733999978, -13.08676798099998 ], [ -74.115602858999978, -13.085862230999965 ], [ -74.112572108999984, -13.084015980999936 ], [ -74.11145748399997, -13.082204480999962 ], [ -74.111511108999935, -13.079956730999982 ], [ -74.111296358999937, -13.078877730999977 ], [ -74.110583358999975, -13.07745173099994 ], [ -74.109267108999973, -13.074215855999967 ], [ -74.108060608999949, -13.072186855999973 ], [ -74.106524983999975, -13.069608980999931 ], [ -74.105428108999945, -13.067470105999973 ], [ -74.104671233999966, -13.06671873099998 ], [ -74.103091733999975, -13.065753480999945 ], [ -74.10186323399995, -13.064217855999971 ], [ -74.100590858999965, -13.063208730999975 ], [ -74.099186733999943, -13.062901605999969 ], [ -74.097738858999946, -13.062638355999979 ], [ -74.094711483999959, -13.062375105999934 ], [ -74.09238610899996, -13.062331230999973 ], [ -74.09124535899997, -13.061936355999933 ], [ -74.090455608999946, -13.060444480999934 ], [ -74.089007733999949, -13.05754873099994 ], [ -74.088092483999958, -13.054874605999942 ], [ -74.086885233999965, -13.052919730999974 ], [ -74.085160483999971, -13.049872480999966 ], [ -74.08395298399995, -13.047917605999942 ], [ -74.082382858999949, -13.04604885599997 ], [ -74.081031233999965, -13.045113230999959 ], [ -74.079246108999939, -13.045015605999936 ], [ -74.078085983999983, -13.04457810599996 ], [ -74.077129108999941, -13.043772980999961 ], [ -74.076326483999935, -13.042945230999976 ], [ -74.074971983999944, -13.041766480999968 ], [ -74.072940483999957, -13.039860230999977 ], [ -74.071861983999952, -13.039208105999933 ], [ -74.071034233999967, -13.03888210599996 ], [ -74.069805233999944, -13.037778480999975 ], [ -74.069228358999965, -13.03740223099993 ], [ -74.068199983999989, -13.036750105999943 ], [ -74.067372359, -13.03577185599994 ], [ -74.066343983999957, -13.033890855999971 ], [ -74.065917608999939, -13.032611730999974 ], [ -74.065731108999955, -13.031939730999966 ], [ -74.065192858999978, -13.032236730999955 ] ] ] ] } },
{ "type": "Feature", "properties": { "UBIGEO": "050104", "CCDD": "05", "CCPP": "01", "CCDI": "04", "DEPARTAMEN": "AYACUCHO", "PROVINCIA": "HUAMANGA", "DISTRITO": "CARMEN ALTO", "OBJECTID": 448.0, "ESRI_OID": 452.0 }, "geometry": { "type": "MultiPolygon", "coordinates": [ [ [ [ -74.224269567999954, -13.170030195999971 ], [ -74.223947774999942, -13.170167736999929 ], [ -74.223781688999964, -13.170153462999963 ], [ -74.223552024999947, -13.170126214999982 ], [ -74.223205578999966, -13.170019816999968 ], [ -74.223088799999971, -13.169971806999968 ], [ -74.223060252999971, -13.170223531999966 ], [ -74.222802340999976, -13.170346285999926 ], [ -74.222747543999958, -13.170588140999939 ], [ -74.222539936999965, -13.170832080999958 ], [ -74.222437233999983, -13.170968605999974 ], [ -74.22236023399995, -13.171235230999969 ], [ -74.222247483999979, -13.171404355999982 ], [ -74.222006483999962, -13.171563355999979 ], [ -74.22175010899997, -13.171640230999969 ], [ -74.221747983999933, -13.171626230999948 ], [ -74.221739858999968, -13.17163510599994 ], [ -74.221668233999935, -13.171855730999937 ], [ -74.221668233999935, -13.17194285599993 ], [ -74.221201483999948, -13.171850480999979 ], [ -74.220832233999943, -13.172127355999976 ], [ -74.220811733999938, -13.17222998099993 ], [ -74.220693858999937, -13.172255605999965 ], [ -74.220468233999952, -13.172532480999962 ], [ -74.220355358999939, -13.172609355999953 ], [ -74.220160483999962, -13.172537605999935 ], [ -74.219642608999948, -13.17250185599994 ], [ -74.219642608999948, -13.172737605999941 ], [ -74.21961698399997, -13.173306730999968 ], [ -74.219619233999936, -13.173334730999954 ], [ -74.219299108999962, -13.173516980999977 ], [ -74.218934983999986, -13.173757980999937 ], [ -74.218868358999941, -13.173937480999939 ], [ -74.218724733999977, -13.174521980999941 ], [ -74.218709358999945, -13.174962980999965 ], [ -74.218586358999971, -13.175993605999963 ], [ -74.218509483999981, -13.176457730999971 ], [ -74.218437608999977, -13.177047355999946 ], [ -74.218386358999965, -13.177478105999967 ], [ -74.218258233999961, -13.178375480999932 ], [ -74.218242858999986, -13.178811230999941 ], [ -74.217996608999954, -13.179964980999955 ], [ -74.217483858999969, -13.179682980999928 ], [ -74.21690960899997, -13.179385605999926 ], [ -74.216386608999983, -13.179118980999931 ], [ -74.216048108999985, -13.179418855999927 ], [ -74.215617483999949, -13.179736855999977 ], [ -74.215268733999949, -13.180008605999944 ], [ -74.214458608999962, -13.180805980999935 ], [ -74.214376608999942, -13.180939230999968 ], [ -74.213597108999977, -13.181462230999955 ], [ -74.212871483999947, -13.181913605999966 ], [ -74.212307608999936, -13.182262230999982 ], [ -74.212245983999935, -13.182246855999949 ], [ -74.21197935899994, -13.181959605999964 ], [ -74.211538358999974, -13.181395605999967 ], [ -74.211348733999955, -13.18111360599994 ], [ -74.211281983999982, -13.180980230999978 ], [ -74.211020608999945, -13.180611105999958 ], [ -74.210820483999953, -13.180246980999982 ], [ -74.210750209999958, -13.180171687999973 ], [ -74.210717912999939, -13.180241394999939 ], [ -74.21061803799995, -13.180386769999927 ], [ -74.210552537999945, -13.180511019999926 ], [ -74.210549412999967, -13.180614519999949 ], [ -74.210595287999979, -13.18074764499994 ], [ -74.210666162999985, -13.180889769999965 ], [ -74.210706162999941, -13.18101364499995 ], [ -74.210725787999934, -13.181142144999967 ], [ -74.210770537999963, -13.18127214499998 ], [ -74.210767537999971, -13.181368019999979 ], [ -74.210691162999979, -13.181489519999957 ], [ -74.210686037999949, -13.181494519999944 ], [ -74.210599287999969, -13.181607519999943 ], [ -74.210576162999985, -13.181660269999952 ], [ -74.210593037999956, -13.181742894999957 ], [ -74.210603162999973, -13.18181551999993 ], [ -74.210580162999975, -13.181903769999963 ], [ -74.210504537999952, -13.181940019999956 ], [ -74.210425912999938, -13.181998894999936 ], [ -74.210357162999969, -13.182066769999949 ], [ -74.210347912999964, -13.182189144999938 ], [ -74.210348662999934, -13.182311269999957 ], [ -74.210348662999934, -13.182314394999935 ], [ -74.210316662999958, -13.182439144999933 ], [ -74.210242162999975, -13.182541144999959 ], [ -74.210177537999982, -13.182674519999978 ], [ -74.210122787999978, -13.182804519999934 ], [ -74.210123787999976, -13.182911769999976 ], [ -74.210147662999987, -13.183018644999947 ], [ -74.210174787999961, -13.183121769999957 ], [ -74.210149412999954, -13.183190519999926 ], [ -74.210065537999981, -13.183231269999965 ], [ -74.209956287999944, -13.183309394999981 ], [ -74.209899912999958, -13.183424019999961 ], [ -74.20991278799994, -13.183514394999975 ], [ -74.209932912999989, -13.183546769999964 ], [ -74.209977037999977, -13.183589644999927 ], [ -74.210080412999957, -13.183607269999982 ], [ -74.21017741299994, -13.18366476999995 ], [ -74.210239037999941, -13.183728519999931 ], [ -74.210319787999936, -13.18383139499997 ], [ -74.210368787999982, -13.183924019999949 ], [ -74.210382537999976, -13.184030769999936 ], [ -74.210383787999945, -13.184152644999926 ], [ -74.210383912999987, -13.184165144999952 ], [ -74.210407162999957, -13.184255519999965 ], [ -74.210452287999942, -13.184376144999931 ], [ -74.21045866299994, -13.184385394999936 ], [ -74.210497162999957, -13.184487019999949 ], [ -74.210500287999935, -13.184499394999932 ], [ -74.210503912999968, -13.184582269999964 ], [ -74.210482537999951, -13.184692394999956 ], [ -74.210505162999937, -13.184787019999931 ], [ -74.210568162999948, -13.184863019999966 ], [ -74.210580787999959, -13.184869144999936 ], [ -74.210684537999953, -13.184929519999969 ], [ -74.210693912999943, -13.184935519999954 ], [ -74.210747162999951, -13.184995769999944 ], [ -74.210784787999955, -13.185098269999969 ], [ -74.210784787999955, -13.185107269999946 ], [ -74.210759912999947, -13.185206769999979 ], [ -74.21068553799995, -13.18530614499997 ], [ -74.210682412999972, -13.185315144999947 ], [ -74.21064241299996, -13.185423144999959 ], [ -74.210642787999973, -13.185524519999944 ], [ -74.21068341299997, -13.18560451999997 ], [ -74.210767037999972, -13.185665894999943 ], [ -74.210902787999942, -13.185711769999955 ], [ -74.210979537999947, -13.185761019999973 ], [ -74.211010162999969, -13.185822394999946 ], [ -74.211000787999978, -13.185890019999931 ], [ -74.211000662999936, -13.185966269999938 ], [ -74.210979537999947, -13.186061019999954 ], [ -74.210969912999985, -13.186225769999965 ], [ -74.210975037999958, -13.186358894999955 ], [ -74.211048912999956, -13.186454644999969 ], [ -74.211155162999944, -13.186484519999965 ], [ -74.211167287999956, -13.186484519999965 ], [ -74.211170287999948, -13.186484519999965 ], [ -74.211224912999967, -13.186502394999934 ], [ -74.211279787999956, -13.186565019999932 ], [ -74.211319537999941, -13.186618894999981 ], [ -74.211332037999966, -13.186699019999935 ], [ -74.211329412999987, -13.18678164499994 ], [ -74.21135703799996, -13.186867144999951 ], [ -74.211372662999963, -13.18700189499998 ], [ -74.211370037999984, -13.187135894999926 ], [ -74.21137016299997, -13.187138769999933 ], [ -74.211400412999978, -13.187243019999926 ], [ -74.211442662999957, -13.187375519999932 ], [ -74.211531912999988, -13.187558019999926 ], [ -74.211605537999958, -13.187656769999933 ], [ -74.211790662999988, -13.187819144999935 ], [ -74.211912162999965, -13.188026144999981 ], [ -74.211943037999959, -13.188221269999929 ], [ -74.211944287999984, -13.188425894999966 ], [ -74.211877787999981, -13.188737644999946 ], [ -74.211871537999968, -13.18896914499993 ], [ -74.211870162999958, -13.189018769999961 ], [ -74.211921037999957, -13.18929839499998 ], [ -74.212000662999969, -13.189471769999955 ], [ -74.212238162999938, -13.189606769999955 ], [ -74.212465162999933, -13.189722269999947 ], [ -74.212553912999965, -13.189818144999947 ], [ -74.212583662999975, -13.18995214499995 ], [ -74.212639875999969, -13.190041424999947 ], [ -74.212564454999949, -13.190173411999979 ], [ -74.212496044999966, -13.190277513999945 ], [ -74.212418712999977, -13.190369717999943 ], [ -74.212350302999937, -13.190435152999953 ], [ -74.212290816999939, -13.190515459999972 ], [ -74.21224620199996, -13.190625509999961 ], [ -74.21218076599996, -13.190738533999934 ], [ -74.212145074999967, -13.190789097999982 ], [ -74.212081423999962, -13.190865834999954 ], [ -74.212024316999987, -13.190961013999981 ], [ -74.211971968999933, -13.191056191999962 ], [ -74.211895825999989, -13.191160888999946 ], [ -74.211726329999976, -13.191352042999938 ], [ -74.211631537999949, -13.191499018999934 ], [ -74.211593818999972, -13.191591063999965 ], [ -74.211539537999954, -13.191723518999936 ], [ -74.211531912999988, -13.191865643999961 ], [ -74.211524537999935, -13.191920018999951 ], [ -74.211509912999986, -13.192034143999933 ], [ -74.211464662999958, -13.192113018999976 ], [ -74.211375287999942, -13.192187018999959 ], [ -74.21133053799997, -13.192242018999934 ], [ -74.211317537999946, -13.192314393999936 ], [ -74.211348787999952, -13.192373643999929 ], [ -74.21136103799995, -13.192450893999933 ], [ -74.211297662999982, -13.192499768999937 ], [ -74.211209162999978, -13.192499268999939 ], [ -74.211133287999985, -13.192486268999971 ], [ -74.211057412999935, -13.192497643999957 ], [ -74.211044912999967, -13.192551143999935 ], [ -74.21105141299995, -13.192615768999929 ], [ -74.211082912999984, -13.192715143999976 ], [ -74.21108303799997, -13.192819518999954 ], [ -74.21106453799996, -13.192928643999949 ], [ -74.210977287999981, -13.193097018999936 ], [ -74.210890162999988, -13.193254018999937 ], [ -74.210803537999936, -13.193353143999957 ], [ -74.21076941299998, -13.193370268999956 ], [ -74.210678787999939, -13.193415893999941 ], [ -74.210572246999959, -13.19344207499995 ], [ -74.210517537999976, -13.19345551899994 ], [ -74.210394662999988, -13.193556268999941 ], [ -74.210306912999954, -13.193559768999933 ], [ -74.210219787999961, -13.193600768999943 ], [ -74.210141287999988, -13.193655518999947 ], [ -74.210133412999937, -13.193655518999947 ], [ -74.210070412999983, -13.19374076899993 ], [ -74.209992287999967, -13.193772268999965 ], [ -74.209851662999938, -13.193760643999951 ], [ -74.209695537999949, -13.193788893999965 ], [ -74.209471787999973, -13.193881768999972 ], [ -74.209438263999971, -13.193911545999981 ], [ -74.209309662999942, -13.19402576899995 ], [ -74.209195037999962, -13.194116018999978 ], [ -74.209065912999961, -13.194233643999951 ], [ -74.208937537999986, -13.194363643999964 ], [ -74.208861787999979, -13.194400518999942 ], [ -74.208823787999961, -13.194459268999935 ], [ -74.208869162999974, -13.194525268999939 ], [ -74.208853912999984, -13.19457676899998 ], [ -74.208764912999982, -13.194713268999976 ], [ -74.208569537999949, -13.194912643999942 ], [ -74.208495662999951, -13.195075143999929 ], [ -74.208460037999942, -13.195215143999974 ], [ -74.208381361999955, -13.195339221999973 ], [ -74.20835756699995, -13.195470091999937 ], [ -74.208309977999988, -13.195589065999968 ], [ -74.208238593999965, -13.195708038999953 ], [ -74.208214799999951, -13.195862703999978 ], [ -74.208167210999989, -13.196005470999978 ], [ -74.208095826999966, -13.196136341999932 ], [ -74.208024442999942, -13.196243416999948 ], [ -74.20770321599997, -13.196338595999975 ], [ -74.207417679999935, -13.196386184999938 ], [ -74.207227323999973, -13.196421876999977 ], [ -74.206810917999974, -13.196409979999942 ], [ -74.206489690999945, -13.196445671999982 ], [ -74.20575800599994, -13.196595577999972 ], [ -74.205122689999939, -13.19672763799997 ], [ -74.205069151999965, -13.196732396999948 ], [ -74.204884743999969, -13.196702652999932 ], [ -74.204652746999955, -13.196678858999974 ], [ -74.204295827999943, -13.196595577999972 ], [ -74.203903215999958, -13.196452809999926 ], [ -74.203736653999954, -13.196333836999941 ], [ -74.203552245999958, -13.19623865799997 ], [ -74.203314299999988, -13.196119684999928 ], [ -74.203195326999946, -13.195851995999931 ], [ -74.203076353999961, -13.195762765999973 ], [ -74.202600461999964, -13.195703279999975 ], [ -74.202035339999952, -13.195733022999946 ], [ -74.201708163999967, -13.195970968999973 ], [ -74.201172784999983, -13.196000711999943 ], [ -74.200696892999986, -13.195911482999975 ], [ -74.200161513999944, -13.195851995999931 ], [ -74.19983433799996, -13.195881738999958 ], [ -74.199179985999933, -13.195970968999973 ], [ -74.198793323999951, -13.196089941999958 ], [ -74.198317431999953, -13.19623865799997 ], [ -74.197722566999971, -13.196536090999928 ], [ -74.197306160999972, -13.19689300999994 ], [ -74.19674103899996, -13.197190442999954 ], [ -74.196424773999979, -13.197345598999959 ], [ -74.196418052999945, -13.197349439999982 ], [ -74.196419983999988, -13.197349980999945 ], [ -74.196689983999988, -13.197499980999964 ], [ -74.198179983999978, -13.199569980999968 ], [ -74.198709983999947, -13.199949980999975 ], [ -74.199099983999986, -13.200329980999982 ], [ -74.199602108999954, -13.200668980999978 ], [ -74.199868858999935, -13.200848980999979 ], [ -74.199889733999953, -13.200862980999943 ], [ -74.19989585899998, -13.200867230999961 ], [ -74.199899983999956, -13.200869980999926 ], [ -74.200049983999975, -13.201139980999926 ], [ -74.20014998399995, -13.201559980999946 ], [ -74.200100912999972, -13.20198643599997 ], [ -74.200289983999937, -13.202279980999947 ], [ -74.200449983999988, -13.20240998099996 ], [ -74.201339983999958, -13.202739980999979 ], [ -74.201499983999952, -13.202929980999954 ], [ -74.201689983999984, -13.203319980999936 ], [ -74.201829983999971, -13.203609980999943 ], [ -74.20208998399994, -13.203789980999943 ], [ -74.202469983999947, -13.203909980999981 ], [ -74.202639983999973, -13.204159980999975 ], [ -74.202769983999985, -13.204849980999938 ], [ -74.203119983999954, -13.205009980999932 ], [ -74.203949983999962, -13.205239980999977 ], [ -74.205029983999964, -13.206029980999972 ], [ -74.205509983999946, -13.206179980999934 ], [ -74.206189983999934, -13.206239980999953 ], [ -74.206499983999947, -13.20616998099996 ], [ -74.207279983999967, -13.20556998099994 ], [ -74.207739983999943, -13.20556998099994 ], [ -74.208019983999975, -13.205689980999978 ], [ -74.208249983999963, -13.20616998099996 ], [ -74.208259983999938, -13.20759998099993 ], [ -74.208869983999989, -13.208349980999969 ], [ -74.209489983999958, -13.208819980999976 ], [ -74.210619983999948, -13.209199980999927 ], [ -74.210949983999967, -13.209369980999952 ], [ -74.211459983999987, -13.209719980999978 ], [ -74.211749983999937, -13.209919980999928 ], [ -74.212189983999963, -13.21037998099996 ], [ -74.212759983999945, -13.211439980999955 ], [ -74.212809983999989, -13.21246998099997 ], [ -74.21301998399997, -13.213259980999965 ], [ -74.213049983999952, -13.213969980999934 ], [ -74.212939983999945, -13.214819980999948 ], [ -74.212439983999957, -13.215979980999975 ], [ -74.212319983999976, -13.216089980999982 ], [ -74.211809983999956, -13.21631998099997 ], [ -74.211379983999961, -13.21676998099997 ], [ -74.211089983999955, -13.217549980999934 ], [ -74.210539983999979, -13.218619980999961 ], [ -74.210510002999968, -13.21882 ], [ -74.211099983999986, -13.21941998099993 ], [ -74.211459983999987, -13.219899980999969 ], [ -74.211829983999962, -13.220689980999964 ], [ -74.212549983999963, -13.220989980999946 ], [ -74.213429983999958, -13.22114998099994 ], [ -74.214439983999966, -13.22150998099994 ], [ -74.21474998399998, -13.221709980999947 ], [ -74.215739983999981, -13.222879980999949 ], [ -74.216099983999982, -13.223069980999981 ], [ -74.216959983999971, -13.224939980999977 ], [ -74.217119983999964, -13.226109980999979 ], [ -74.217659983999965, -13.226909980999949 ], [ -74.218019983999966, -13.227089980999949 ], [ -74.220079983999938, -13.227829980999957 ], [ -74.220509983999989, -13.228199980999932 ], [ -74.221279983999978, -13.229109980999965 ], [ -74.221579983999959, -13.229219980999972 ], [ -74.222039983999935, -13.229529980999928 ], [ -74.222359983999979, -13.22980998099996 ], [ -74.224519983999983, -13.23087998099993 ], [ -74.225669983999978, -13.230889980999962 ], [ -74.226899983999942, -13.230999980999968 ], [ -74.227389983999956, -13.231109980999975 ], [ -74.227859983999963, -13.231309980999981 ], [ -74.22903998399994, -13.232209980999926 ], [ -74.22912998399994, -13.232459980999977 ], [ -74.229769983999972, -13.233459980999953 ], [ -74.230449983999961, -13.23425998099998 ], [ -74.231799983999963, -13.234989980999956 ], [ -74.232379983999977, -13.235449980999931 ], [ -74.232619983999939, -13.236259980999932 ], [ -74.232349983999939, -13.23699998099994 ], [ -74.232339983999964, -13.237389980999978 ], [ -74.232429983999964, -13.237569980999979 ], [ -74.232629983999971, -13.23759998099996 ], [ -74.233559983999953, -13.237499980999928 ], [ -74.234279983999954, -13.23777998099996 ], [ -74.235479983999937, -13.237989980999942 ], [ -74.236849983999946, -13.238619980999943 ], [ -74.237589983999953, -13.239159980999943 ], [ -74.238259983999967, -13.240389980999964 ], [ -74.238609983999936, -13.240789980999978 ], [ -74.239039983999987, -13.24102998099994 ], [ -74.239399983999988, -13.241549980999935 ], [ -74.240229983999939, -13.241699980999954 ], [ -74.241127141999982, -13.241723652999951 ], [ -74.241507615999978, -13.241340212999944 ], [ -74.241508115999977, -13.241339708999931 ], [ -74.242003104999981, -13.24084086199997 ], [ -74.243030977999979, -13.240126214999975 ], [ -74.243399278999959, -13.239481376999947 ], [ -74.243986692999954, -13.239052498999968 ], [ -74.244575211999972, -13.238264773999958 ], [ -74.245312016999947, -13.236903326999936 ], [ -74.245901627999956, -13.235756751999929 ], [ -74.246784715999979, -13.234467499999937 ], [ -74.247595414999978, -13.23289095399997 ], [ -74.247382244999983, -13.230737230999978 ], [ -74.246581477999939, -13.229084164999961 ], [ -74.245559838999952, -13.227789292999944 ], [ -74.245125375999976, -13.226137302999973 ], [ -74.244692684999961, -13.223911160999933 ], [ -74.244550369999956, -13.222547113999951 ], [ -74.24492283099994, -13.220538656999963 ], [ -74.244634448999989, -13.219030638999982 ], [ -74.245665750999933, -13.217167665999966 ], [ -74.246402256999943, -13.21587797899997 ], [ -74.246847944999956, -13.213869732999967 ], [ -74.248098084999981, -13.21229447099995 ], [ -74.250740442999984, -13.210579744999961 ], [ -74.253527301999952, -13.20951133799997 ], [ -74.256607582999948, -13.208300212999973 ], [ -74.258955319999984, -13.207086929999946 ], [ -74.260120037999968, -13.205960017999928 ], [ -74.26091089199997, -13.205488947999982 ], [ -74.260887453999942, -13.205469527999981 ], [ -74.260830287999966, -13.205409269999961 ], [ -74.260803412999962, -13.205364519999932 ], [ -74.260800537999955, -13.205320019999931 ], [ -74.260767662999967, -13.20528389499998 ], [ -74.260710537999955, -13.205274019999933 ], [ -74.260653412999943, -13.20524314499994 ], [ -74.260601912999959, -13.20520326999997 ], [ -74.260547287999941, -13.205166144999964 ], [ -74.260495412999944, -13.205122894999931 ], [ -74.260418787999981, -13.20508489499997 ], [ -74.260366412999986, -13.205029144999969 ], [ -74.26032928799998, -13.204970644999946 ], [ -74.260273412999936, -13.204923519999966 ], [ -74.260207912999988, -13.204881894999971 ], [ -74.260192037999957, -13.204828394999936 ], [ -74.260138412999936, -13.204776269999968 ], [ -74.260122287999934, -13.204734769999959 ], [ -74.260121912999978, -13.204671644999962 ], [ -74.260108787999968, -13.204604519999975 ], [ -74.260084412999959, -13.204558019999979 ], [ -74.260041662999981, -13.204467769999951 ], [ -74.26003303799996, -13.204372269999965 ], [ -74.260008287999938, -13.204272144999948 ], [ -74.259977037999988, -13.204150019999929 ], [ -74.259977662999972, -13.204090019999967 ], [ -74.260014287999979, -13.204037269999958 ], [ -74.260021538, -13.203982769999982 ], [ -74.259963287999938, -13.203919394999957 ], [ -74.259957537999981, -13.203842644999952 ], [ -74.25998803799996, -13.20376626999996 ], [ -74.260002412999938, -13.203667019999955 ], [ -74.260000412999943, -13.203556894999963 ], [ -74.259957912999937, -13.203477144999965 ], [ -74.259935037999981, -13.203410144999964 ], [ -74.259938787999943, -13.203339769999957 ], [ -74.259962662999953, -13.203275644999962 ], [ -74.25997353799994, -13.203169144999947 ], [ -74.259970662999933, -13.203084769999975 ], [ -74.259974787999965, -13.202993394999964 ], [ -74.259992412999964, -13.202897894999978 ], [ -74.259993037999948, -13.20280551999997 ], [ -74.259989662999942, -13.20280226999995 ], [ -74.25990528799997, -13.202742269999931 ], [ -74.259858412999961, -13.202628644999947 ], [ -74.259848662999957, -13.202516769999932 ], [ -74.259872537999968, -13.202439269999957 ], [ -74.259910162999972, -13.202357394999979 ], [ -74.259992787999977, -13.202258769999958 ], [ -74.260063787999968, -13.202190019999932 ], [ -74.26008391299996, -13.202129894999928 ], [ -74.260129412999959, -13.202066269999932 ], [ -74.260157537999987, -13.20201426999995 ], [ -74.260183537999978, -13.201966144999972 ], [ -74.260245162999979, -13.201891769999975 ], [ -74.260278537999966, -13.201854769999954 ], [ -74.260281912999972, -13.201812519999976 ], [ -74.260285412999963, -13.201761894999947 ], [ -74.260280662999946, -13.201711019999948 ], [ -74.260280662999946, -13.201708269999926 ], [ -74.260261912999965, -13.201648769999963 ], [ -74.260212662999947, -13.201634144999957 ], [ -74.260131787999967, -13.20160476999996 ], [ -74.260049662999961, -13.201566269999944 ], [ -74.259984662999955, -13.201499394999928 ], [ -74.259981662999962, -13.201496519999978 ], [ -74.259973287999969, -13.201414894999971 ], [ -74.259983162999958, -13.201323769999931 ], [ -74.259983287999944, -13.201311894999947 ], [ -74.260008662999951, -13.201214019999952 ], [ -74.260024537999982, -13.201148269999976 ], [ -74.260028037999973, -13.201077144999942 ], [ -74.260063162999984, -13.201020144999973 ], [ -74.260120537999967, -13.201003769999943 ], [ -74.260143537999966, -13.200964144999944 ], [ -74.26015866299997, -13.200882644999979 ], [ -74.260159287999954, -13.200805769999931 ], [ -74.26015941299994, -13.200799894999932 ], [ -74.260183162999965, -13.200689519999969 ], [ -74.260206537999977, -13.200634144999981 ], [ -74.260258037999961, -13.20054889499994 ], [ -74.260261037999953, -13.200537269999927 ], [ -74.260273287999951, -13.200448144999939 ], [ -74.260273287999951, -13.200445269999932 ], [ -74.260273537999979, -13.20043101999994 ], [ -74.26027516299996, -13.200311519999957 ], [ -74.260275412999988, -13.200303019999978 ], [ -74.260277787999939, -13.200204019999944 ], [ -74.260262787999977, -13.200116394999952 ], [ -74.260241912999959, -13.200043144999938 ], [ -74.260229162999963, -13.19991701999993 ], [ -74.260206662999963, -13.199803394999947 ], [ -74.260225787999957, -13.199678019999965 ], [ -74.260268412999949, -13.199587269999938 ], [ -74.26028316299994, -13.199538644999961 ], [ -74.260283287999982, -13.199475769999935 ], [ -74.260283537999953, -13.199473144999956 ], [ -74.260283412999968, -13.199468769999953 ], [ -74.260283912999967, -13.199463394999952 ], [ -74.260273662999964, -13.199424769999951 ], [ -74.260258912999973, -13.199376144999974 ], [ -74.260257912999975, -13.199369769999976 ], [ -74.260272287999953, -13.199314894999929 ], [ -74.260303662999945, -13.199296394999976 ], [ -74.260335037999937, -13.199278019999952 ], [ -74.260345537999967, -13.199237144999927 ], [ -74.26032203799997, -13.199201894999931 ], [ -74.260350037999956, -13.199129769999956 ], [ -74.260400162999986, -13.19906476999995 ], [ -74.260425787999964, -13.19900451999996 ], [ -74.260425037999937, -13.198956019999969 ], [ -74.260437412999977, -13.198815269999955 ], [ -74.260425162999979, -13.198733019999963 ], [ -74.260412287999941, -13.198687894999978 ], [ -74.260378162999984, -13.198654144999978 ], [ -74.260356912999953, -13.198619644999951 ], [ -74.260352912999963, -13.198595519999969 ], [ -74.260343537999972, -13.198572019999972 ], [ -74.260328537999953, -13.198559144999933 ], [ -74.260315912999943, -13.198544144999971 ], [ -74.260304037999958, -13.198522519999926 ], [ -74.260286787999974, -13.198501519999979 ], [ -74.260262662999935, -13.198503019999976 ], [ -74.260240287999977, -13.19850364499996 ], [ -74.260202412999945, -13.198500019999926 ], [ -74.260171287999981, -13.19847714499997 ], [ -74.260165412999982, -13.198474144999977 ], [ -74.260115287999952, -13.198439644999951 ], [ -74.26006541299995, -13.198401644999933 ], [ -74.260034662999942, -13.198358894999956 ], [ -74.260009662999948, -13.198328269999934 ], [ -74.259981037999978, -13.198306644999946 ], [ -74.25997941299994, -13.198305894999976 ], [ -74.259947412999963, -13.198297269999955 ], [ -74.259945912999967, -13.198296519999928 ], [ -74.259938037999973, -13.198292644999981 ], [ -74.259902787999977, -13.198297019999927 ], [ -74.259873162999952, -13.198300644999961 ], [ -74.259869912999989, -13.198299144999964 ], [ -74.259831912999971, -13.198284144999946 ], [ -74.259827037999969, -13.198281769999937 ], [ -74.259786412999972, -13.198246894999954 ], [ -74.25978153799997, -13.198244519999946 ], [ -74.259742787999983, -13.198223519999942 ], [ -74.259694162999949, -13.198233144999961 ], [ -74.259645912999986, -13.198250894999944 ], [ -74.259625287999938, -13.198263394999969 ], [ -74.259604662999948, -13.19827601999998 ], [ -74.259551537999982, -13.198278644999959 ], [ -74.259499287999972, -13.198259644999951 ], [ -74.259495912999967, -13.198258394999982 ], [ -74.259463287999949, -13.198241894999967 ], [ -74.259427787999982, -13.198206144999972 ], [ -74.25939503799998, -13.198144269999943 ], [ -74.259378537999964, -13.19807639499993 ], [ -74.259369037999988, -13.198005269999953 ], [ -74.259367287999964, -13.19795589499995 ], [ -74.259356912999976, -13.19792001999997 ], [ -74.259360912999966, -13.19789564499996 ], [ -74.25936016299994, -13.197879519999958 ], [ -74.259366412999952, -13.197862894999957 ], [ -74.259360912999966, -13.197841144999927 ], [ -74.259344787999964, -13.19782889499993 ], [ -74.259332662999952, -13.197820019999938 ], [ -74.259320037999942, -13.197812519999957 ], [ -74.259307412999988, -13.197781894999935 ], [ -74.259285912999985, -13.197755894999943 ], [ -74.259247912999967, -13.197731144999977 ], [ -74.259203037999953, -13.197708644999977 ], [ -74.259198537999964, -13.19770651999994 ], [ -74.259154037999963, -13.197685769999964 ], [ -74.259150912999985, -13.197684394999953 ], [ -74.259144662999972, -13.197681519999946 ], [ -74.259138537999945, -13.197678644999939 ], [ -74.259075037999935, -13.197656644999938 ], [ -74.258983287999968, -13.197645894999937 ], [ -74.258930662999944, -13.197637019999945 ], [ -74.258856912999988, -13.197632769999927 ], [ -74.258821037999951, -13.197604394999928 ], [ -74.258794162999948, -13.197577019999926 ], [ -74.25874416299996, -13.197553894999942 ], [ -74.258700287999943, -13.197552519999931 ], [ -74.258665287999975, -13.197547894999957 ], [ -74.258619037999949, -13.197517894999976 ], [ -74.258606787999952, -13.19743651999994 ], [ -74.258575037999947, -13.197356769999942 ], [ -74.258541162999961, -13.197278769999969 ], [ -74.258529662999933, -13.197196644999963 ], [ -74.258529162999935, -13.197192394999945 ], [ -74.258519537999973, -13.197118769999975 ], [ -74.258511662999979, -13.197045519999961 ], [ -74.258514287999958, -13.197038644999964 ], [ -74.258525912999971, -13.196966519999933 ], [ -74.258522912999979, -13.196909394999977 ], [ -74.25852128799994, -13.196848519999946 ], [ -74.258523912999976, -13.196793769999942 ], [ -74.258524537999961, -13.196792019999975 ], [ -74.258538537999982, -13.196743269999956 ], [ -74.258535162999976, -13.196716269999968 ], [ -74.258516912999937, -13.196704269999941 ], [ -74.258489912999949, -13.196708644999944 ], [ -74.258451787999945, -13.196723894999934 ], [ -74.258401162999974, -13.196722269999952 ], [ -74.258392662999938, -13.196719894999944 ], [ -74.258342662999951, -13.19672726999994 ], [ -74.258302037999954, -13.196746394999934 ], [ -74.258238162999987, -13.196775144999947 ], [ -74.258216537999942, -13.196781144999932 ], [ -74.258213787999978, -13.196781894999958 ], [ -74.25820628799994, -13.196782394999957 ], [ -74.25819616299998, -13.19678351999994 ], [ -74.258153787999959, -13.196772644999953 ], [ -74.258136537999974, -13.196740144999978 ], [ -74.258113787999946, -13.196701894999933 ], [ -74.258104912999954, -13.196653269999956 ], [ -74.258103162999987, -13.196603394999954 ], [ -74.258092787999942, -13.19653526999997 ], [ -74.258086162999973, -13.196497769999951 ], [ -74.258081662999984, -13.196496019999927 ], [ -74.258049912999979, -13.196479769999939 ], [ -74.258031162999941, -13.196483644999944 ], [ -74.258024412999987, -13.196482894999974 ], [ -74.257984912999973, -13.196486019999952 ], [ -74.257981162999954, -13.196486519999951 ], [ -74.257945412999959, -13.196472769999957 ], [ -74.25790716299997, -13.196444894999956 ], [ -74.257905537999989, -13.196444269999972 ], [ -74.257867287999943, -13.196429519999981 ], [ -74.25786403799998, -13.196428269999956 ], [ -74.257826037999962, -13.196402269999965 ], [ -74.257791162999979, -13.196381144999975 ], [ -74.257750162999969, -13.196380644999977 ], [ -74.257743537999943, -13.196378144999926 ], [ -74.257687287999943, -13.196356519999938 ], [ -74.257680662999974, -13.196353894999959 ], [ -74.257626537999954, -13.196334769999964 ], [ -74.257596912999986, -13.196305894999966 ], [ -74.257597787999941, -13.196304144999942 ], [ -74.257584662999989, -13.196254394999926 ], [ -74.257567662999975, -13.196200519999934 ], [ -74.257530537999969, -13.196130269999969 ], [ -74.257527787999948, -13.196127144999934 ], [ -74.257483912999987, -13.196083519999945 ], [ -74.257482287999949, -13.196012644999939 ], [ -74.257482912999933, -13.196010894999972 ], [ -74.257472912999958, -13.195935519999978 ], [ -74.257478537999987, -13.195900269999981 ], [ -74.257497537999939, -13.195862269999964 ], [ -74.257514912999966, -13.195812644999933 ], [ -74.257498537999936, -13.195764519999955 ], [ -74.257470162999937, -13.195730019999928 ], [ -74.257438037999975, -13.195715144999951 ], [ -74.257388537999987, -13.195705519999933 ], [ -74.257335412999964, -13.195698644999936 ], [ -74.257298037999988, -13.195677144999934 ], [ -74.257249162999983, -13.195638019999933 ], [ -74.257201787999975, -13.195575269999949 ], [ -74.257177037999952, -13.195533019999971 ], [ -74.257121287999951, -13.195488394999927 ], [ -74.257090662999985, -13.195472769999981 ], [ -74.257040662999941, -13.19547864499998 ], [ -74.256989037999972, -13.195495144999938 ], [ -74.256947662999949, -13.195482019999929 ], [ -74.256923287999939, -13.195446269999934 ], [ -74.256922412999984, -13.195355519999964 ], [ -74.256952162999937, -13.195269894999967 ], [ -74.257020662999935, -13.195188519999931 ], [ -74.257082412999978, -13.195136769999976 ], [ -74.257154537999952, -13.195107519999965 ], [ -74.257188287999952, -13.195068144999937 ], [ -74.257181162999984, -13.195034519999979 ], [ -74.25717941299996, -13.195006269999965 ], [ -74.257199287999981, -13.194978394999964 ], [ -74.257226412999955, -13.19495739499996 ], [ -74.257234912999934, -13.194907644999944 ], [ -74.257225662999986, -13.19487939499993 ], [ -74.257205162999981, -13.194841519999954 ], [ -74.257203162999986, -13.194840269999929 ], [ -74.257161037999936, -13.194798769999977 ], [ -74.25715291299997, -13.194793644999947 ], [ -74.25710253799997, -13.194764894999935 ], [ -74.257097662999968, -13.194764394999936 ], [ -74.257029537999983, -13.194753394999964 ], [ -74.256961912999941, -13.194730019999952 ], [ -74.25689091299995, -13.194697019999978 ], [ -74.256847162999975, -13.194651519999979 ], [ -74.25678891299998, -13.194604894999941 ], [ -74.256735912999943, -13.19456501999997 ], [ -74.256689162999976, -13.194553519999943 ], [ -74.256642537999937, -13.194562644999962 ], [ -74.256610912999975, -13.194593894999969 ], [ -74.256542787999933, -13.194637019999959 ], [ -74.25648403799994, -13.19464776999996 ], [ -74.256435162999935, -13.194630769999947 ], [ -74.256382912999982, -13.194585769999946 ], [ -74.256327662999979, -13.194537269999955 ], [ -74.256300162999935, -13.194521019999968 ], [ -74.256263412999942, -13.194521644999952 ], [ -74.256223912999985, -13.194505644999936 ], [ -74.256198537999978, -13.194467519999932 ], [ -74.256192287999966, -13.194442644999981 ], [ -74.256219037999983, -13.194405894999932 ], [ -74.256213912999954, -13.19437851999993 ], [ -74.25619216299998, -13.194364019999966 ], [ -74.256195162999973, -13.194306144999928 ], [ -74.256211912999959, -13.19423476999998 ], [ -74.256214412999952, -13.194176269999957 ], [ -74.256184162999944, -13.19411176999995 ], [ -74.256149912999945, -13.194038269999965 ], [ -74.256101412999953, -13.193970269999966 ], [ -74.256044162999956, -13.193935519999968 ], [ -74.255968037999935, -13.193923519999942 ], [ -74.255918162999933, -13.193916144999946 ], [ -74.255846412999972, -13.193929769999954 ], [ -74.255798287999937, -13.193958519999967 ], [ -74.255752537999967, -13.193965019999951 ], [ -74.255717412999957, -13.19394514499993 ], [ -74.25567891299994, -13.193896269999982 ], [ -74.255671037999946, -13.193815769999958 ], [ -74.255679162999968, -13.193729019999978 ], [ -74.255662912999981, -13.193660769999951 ], [ -74.255629537999937, -13.193578769999931 ], [ -74.255577912999968, -13.193524269999955 ], [ -74.255515912999954, -13.193495144999929 ], [ -74.255435537999972, -13.193442144999949 ], [ -74.255373037999959, -13.193385644999978 ], [ -74.255291787999965, -13.193333519999953 ], [ -74.255222162999985, -13.193307269999934 ], [ -74.255180287999963, -13.193278394999936 ], [ -74.255150662999938, -13.193232019999982 ], [ -74.25513303799994, -13.193164519999982 ], [ -74.255114287999959, -13.193119269999954 ], [ -74.255064412999957, -13.193088519999947 ], [ -74.25501653799995, -13.193065769999976 ], [ -74.254993537999951, -13.193037894999975 ], [ -74.254964412999982, -13.193019769999978 ], [ -74.254920537999965, -13.193019894999964 ], [ -74.254874037999969, -13.193033519999972 ], [ -74.254814162999935, -13.193061394999972 ], [ -74.254711787999952, -13.193085269999926 ], [ -74.254647787999943, -13.193101019999972 ], [ -74.254530287999955, -13.193157519999943 ], [ -74.254478162999987, -13.193168144999959 ], [ -74.254418537999982, -13.19313601999994 ], [ -74.254367912999953, -13.193057644999953 ], [ -74.254257912999947, -13.192930519999948 ], [ -74.254190662999974, -13.192846144999976 ], [ -74.254132912999978, -13.192794769999978 ], [ -74.254052287999968, -13.192753019999941 ], [ -74.253948287999947, -13.192725394999968 ], [ -74.253868787999977, -13.192720394999981 ], [ -74.253793537999968, -13.192753019999941 ], [ -74.253724037999973, -13.19278651999997 ], [ -74.25362053799995, -13.192834394999977 ], [ -74.253547287999936, -13.192832019999969 ], [ -74.253426537999985, -13.192828519999978 ], [ -74.253323037999962, -13.192817769999976 ], [ -74.253248412999937, -13.192800769999963 ], [ -74.253182912999989, -13.192787394999982 ], [ -74.253096537999966, -13.192751769999973 ], [ -74.253021037999986, -13.192719519999969 ], [ -74.252946787999974, -13.19266489499995 ], [ -74.25287216299995, -13.19264751999998 ], [ -74.25282128799995, -13.19266351999994 ], [ -74.252749162999976, -13.192696144999957 ], [ -74.25269566299994, -13.192713519999927 ], [ -74.252687037999976, -13.192715519999979 ], [ -74.252585412999963, -13.19272914499993 ], [ -74.252582412999971, -13.192730769999969 ], [ -74.252475912999955, -13.192736769999954 ], [ -74.252341412999954, -13.192765769999937 ], [ -74.252222287999984, -13.192764519999969 ], [ -74.252134412999965, -13.192751269999974 ], [ -74.252104162999956, -13.192728019999947 ], [ -74.252085037999962, -13.192686894999952 ], [ -74.252065287999983, -13.192662019999943 ], [ -74.252035412999987, -13.192647019999981 ], [ -74.252000912999961, -13.192654644999948 ], [ -74.25196978799994, -13.192670269999951 ], [ -74.251924537999969, -13.192696144999957 ], [ -74.251861537999957, -13.192733769999961 ], [ -74.251769662999948, -13.192789644999948 ], [ -74.251712787999963, -13.192824144999975 ], [ -74.251660037999955, -13.192841394999959 ], [ -74.251621787999966, -13.192830894999929 ], [ -74.251590287999989, -13.192801644999975 ], [ -74.251558037999985, -13.192800019999936 ], [ -74.251523037999959, -13.192781644999968 ], [ -74.251455537999959, -13.192789769999933 ], [ -74.251392912999961, -13.192793644999938 ], [ -74.251270412999986, -13.192774394999958 ], [ -74.251139912999975, -13.19275889499994 ], [ -74.251062412999943, -13.19276401999997 ], [ -74.251006537999956, -13.19276476999994 ], [ -74.250954412999988, -13.19277014499994 ], [ -74.250932787999943, -13.192782394999938 ], [ -74.250909787999944, -13.192812144999948 ], [ -74.250889412999982, -13.192821644999981 ], [ -74.25084891299997, -13.19279851999994 ], [ -74.250768787999959, -13.192783019999979 ], [ -74.250667662999945, -13.192761894999933 ], [ -74.250520037999934, -13.192726144999938 ], [ -74.250435787999947, -13.192698019999966 ], [ -74.250330662999943, -13.192679519999956 ], [ -74.250255787999947, -13.19266089499996 ], [ -74.25015491299996, -13.192653394999979 ], [ -74.250056412999982, -13.192674394999926 ], [ -74.249960787999953, -13.192669019999926 ], [ -74.249880037999958, -13.192675644999952 ], [ -74.249794412999961, -13.192670894999935 ], [ -74.249746037999955, -13.192666394999947 ], [ -74.249687912999946, -13.192676019999965 ], [ -74.24963153799996, -13.192700644999945 ], [ -74.249553287999959, -13.192727894999962 ], [ -74.249466912999935, -13.192706769999972 ], [ -74.249374287999956, -13.192721394999978 ], [ -74.249258287999965, -13.19280389499994 ], [ -74.249188162999985, -13.192846019999934 ], [ -74.249114912999971, -13.19287326999995 ], [ -74.249054787999967, -13.192883394999967 ], [ -74.249019037999972, -13.192873769999949 ], [ -74.248978787999988, -13.192852394999932 ], [ -74.248941037999941, -13.192832144999954 ], [ -74.248901037999985, -13.192831644999956 ], [ -74.248881787999949, -13.192819269999973 ], [ -74.248879287999955, -13.192784644999961 ], [ -74.24887003799995, -13.192755394999949 ], [ -74.24879528799994, -13.192727519999949 ], [ -74.248721537999984, -13.192738144999964 ], [ -74.248639037999965, -13.192753019999941 ], [ -74.248561662999975, -13.192787519999968 ], [ -74.24852591299998, -13.192807019999975 ], [ -74.24848678799998, -13.192849019999926 ], [ -74.248456662999956, -13.192898769999942 ], [ -74.248424912999951, -13.192930644999933 ], [ -74.248367537999968, -13.192936144999976 ], [ -74.248329912999964, -13.192971019999959 ], [ -74.24827191299994, -13.193020144999934 ], [ -74.24819853799994, -13.193053019999979 ], [ -74.248110537999935, -13.193083644999945 ], [ -74.248018662999982, -13.193116019999934 ], [ -74.24793716299996, -13.193121144999964 ], [ -74.247838412999954, -13.193087769999977 ], [ -74.24774916299998, -13.193061394999972 ], [ -74.247674912999969, -13.193069894999951 ], [ -74.247599912999988, -13.193095519999929 ], [ -74.247543662999988, -13.193080769999938 ], [ -74.24750378799996, -13.193065894999961 ], [ -74.247438037999984, -13.193015769999931 ], [ -74.247332662999952, -13.19295714499998 ], [ -74.247264787999939, -13.192928519999953 ], [ -74.247200662999944, -13.192933269999969 ], [ -74.247115537999946, -13.192958894999947 ], [ -74.247018787999934, -13.192989644999955 ], [ -74.246936162999987, -13.192991144999951 ], [ -74.24684541299996, -13.193015769999931 ], [ -74.246741287999953, -13.193040519999954 ], [ -74.246662162999939, -13.193067519999943 ], [ -74.246570787999985, -13.19307439499994 ], [ -74.246510162999982, -13.193095644999971 ], [ -74.24644978799995, -13.193098394999936 ], [ -74.246363162999955, -13.19310089499993 ], [ -74.246306412999957, -13.193111269999974 ], [ -74.246302537999952, -13.193113019999942 ], [ -74.246288912999944, -13.193114394999952 ], [ -74.246239537999941, -13.193110644999933 ], [ -74.246178912999937, -13.193102769999939 ], [ -74.246108662999973, -13.193123644999957 ], [ -74.246053037999957, -13.193153644999938 ], [ -74.245938037999963, -13.193218019999961 ], [ -74.245818662999966, -13.19327801999998 ], [ -74.245796662999965, -13.193289769999978 ], [ -74.245784412999967, -13.19329726999996 ], [ -74.245708537999974, -13.19334364499997 ], [ -74.245701912999948, -13.193348894999929 ], [ -74.245686037999974, -13.193358019999948 ], [ -74.245672787999979, -13.193368394999936 ], [ -74.245658912999943, -13.193374269999936 ], [ -74.245592787999954, -13.193418644999952 ], [ -74.245570162999968, -13.193435019999981 ], [ -74.245552912999983, -13.193449144999931 ], [ -74.245466787999987, -13.193498394999949 ], [ -74.245441787999937, -13.19351314499994 ], [ -74.245347162999963, -13.193549644999962 ], [ -74.24517616299994, -13.193565269999965 ], [ -74.245029662999968, -13.193528519999973 ], [ -74.244917537999982, -13.193488894999973 ], [ -74.244843912999954, -13.193467269999928 ], [ -74.244759662999968, -13.19347139499996 ], [ -74.244609412999978, -13.193453019999936 ], [ -74.244545037999956, -13.193446269999981 ], [ -74.244464037999933, -13.193513394999968 ], [ -74.244390162999935, -13.193513769999981 ], [ -74.244387287999984, -13.193512644999942 ], [ -74.244373162999977, -13.193514394999966 ], [ -74.244356037999978, -13.19351501999995 ], [ -74.244251662999943, -13.193481894999934 ], [ -74.244248787999936, -13.193480769999951 ], [ -74.244234662999986, -13.19347539499995 ], [ -74.244138662999944, -13.193391644999963 ], [ -74.244135787999937, -13.19339051999998 ], [ -74.24403491299995, -13.193296769999961 ], [ -74.243963537999946, -13.193232019999982 ], [ -74.243946037999933, -13.193173144999946 ], [ -74.243944287999966, -13.193115519999935 ], [ -74.243903287999956, -13.193044394999959 ], [ -74.243850787999975, -13.192976019999946 ], [ -74.243793787999948, -13.19294664499995 ], [ -74.24368541299998, -13.192937144999973 ], [ -74.243609037999988, -13.192924894999976 ], [ -74.243494537999936, -13.19293139499996 ], [ -74.243417662999946, -13.192914519999931 ], [ -74.243349412999976, -13.192881394999972 ], [ -74.243324912999981, -13.192823144999977 ], [ -74.243324162999954, -13.19274764499994 ], [ -74.243302412999981, -13.192689894999944 ], [ -74.243247537999935, -13.192634144999943 ], [ -74.243195412999967, -13.192569019999951 ], [ -74.24316016299997, -13.192535644999964 ], [ -74.243116412999939, -13.192516394999927 ], [ -74.243019537999942, -13.192512019999981 ], [ -74.24291266299997, -13.192519019999963 ], [ -74.242801912999937, -13.192554894999944 ], [ -74.242733662999967, -13.192588394999973 ], [ -74.242663787999959, -13.192612269999927 ], [ -74.242576287999952, -13.192610769999931 ], [ -74.242495287999986, -13.192612519999955 ], [ -74.242413412999952, -13.192618269999969 ], [ -74.24233116299996, -13.192657894999968 ], [ -74.242228287999978, -13.192622269999958 ], [ -74.242119662999983, -13.192591019999952 ], [ -74.24204666299994, -13.192555394999943 ], [ -74.241979287999982, -13.192524769999977 ], [ -74.24194678799995, -13.19251139499994 ], [ -74.241955412999971, -13.192476644999942 ], [ -74.241956912999967, -13.192439644999979 ], [ -74.241940162999981, -13.19241551999994 ], [ -74.241914787999974, -13.192410394999968 ], [ -74.241888662999941, -13.192423644999963 ], [ -74.241860287999941, -13.192445644999964 ], [ -74.241808912999943, -13.192482144999929 ], [ -74.241768537999974, -13.192519519999962 ], [ -74.241711037999949, -13.19254114499995 ], [ -74.241627912999945, -13.192572394999956 ], [ -74.241540912999938, -13.192615019999948 ], [ -74.241455537999968, -13.19262714499996 ], [ -74.241387912999983, -13.192590394999968 ], [ -74.241318037999974, -13.192566519999957 ], [ -74.241232037999964, -13.192560519999972 ], [ -74.241185787999939, -13.192565644999945 ], [ -74.241130287999965, -13.192592144999935 ], [ -74.241035662999934, -13.192658644999938 ], [ -74.240982537999969, -13.192677519999961 ], [ -74.240913162999959, -13.192656019999959 ], [ -74.240856912999959, -13.19263839499996 ], [ -74.240812037999945, -13.192648894999934 ], [ -74.240747037999938, -13.192720394999981 ], [ -74.240666162999958, -13.192793894999966 ], [ -74.240579412999978, -13.192820019999942 ], [ -74.240500537999935, -13.192830644999958 ], [ -74.240427287999978, -13.192865144999928 ], [ -74.240349412999933, -13.192938019999929 ], [ -74.240285662999952, -13.192992144999948 ], [ -74.24020603799994, -13.193031144999964 ], [ -74.240196287999936, -13.193037519999962 ], [ -74.240140412999949, -13.193070019999936 ], [ -74.240131787999985, -13.193073394999942 ], [ -74.240056412999934, -13.193116394999947 ], [ -74.240021912999964, -13.193177519999949 ], [ -74.23998753799998, -13.193218644999945 ], [ -74.239944537999975, -13.193234769999947 ], [ -74.239912537999942, -13.193232894999937 ], [ -74.239884662999941, -13.193209644999968 ], [ -74.239871287999961, -13.193166644999963 ], [ -74.239861662999942, -13.193102894999981 ], [ -74.239833287999943, -13.193069019999939 ], [ -74.239787287999945, -13.193031769999948 ], [ -74.239722037999968, -13.192994394999971 ], [ -74.239646537999988, -13.192952769999977 ], [ -74.239573037999946, -13.192958019999935 ], [ -74.239464912999949, -13.192964894999932 ], [ -74.239375537999933, -13.192983019999929 ], [ -74.239296412999977, -13.192993644999945 ], [ -74.239211162999936, -13.192964019999977 ], [ -74.239148537999938, -13.192947894999975 ], [ -74.239058412999952, -13.192942769999945 ], [ -74.239003537999963, -13.192958144999977 ], [ -74.238909412999988, -13.192943519999972 ], [ -74.23883041299996, -13.192926519999958 ], [ -74.238776037999969, -13.192945394999981 ], [ -74.238718412999958, -13.192947644999947 ], [ -74.238667787999987, -13.192917644999966 ], [ -74.238624412999968, -13.192832144999954 ], [ -74.238605162999988, -13.19276589499998 ], [ -74.238606412999957, -13.192722519999961 ], [ -74.238606412999957, -13.192666019999933 ], [ -74.238643037999964, -13.192609769999933 ], [ -74.238666037999963, -13.192530519999934 ], [ -74.238662412999986, -13.192440394999949 ], [ -74.238640787999941, -13.192368769999973 ], [ -74.238590912999939, -13.192315144999952 ], [ -74.238532912999972, -13.192291394999927 ], [ -74.238470412999959, -13.192275519999953 ], [ -74.238436912999987, -13.192243269999949 ], [ -74.238405287999967, -13.192164394999963 ], [ -74.238402662999988, -13.192107269999951 ], [ -74.238388412999939, -13.192079019999937 ], [ -74.238352537999958, -13.192082769999956 ], [ -74.238301537999973, -13.192096769999978 ], [ -74.238255037999977, -13.192122394999956 ], [ -74.238216162999947, -13.192113019999965 ], [ -74.238146787999938, -13.192072394999968 ], [ -74.238084912999966, -13.192030269999975 ], [ -74.238069412999948, -13.191963144999932 ], [ -74.23807941299998, -13.191904644999966 ], [ -74.238111537999941, -13.19182064499995 ], [ -74.238097412999934, -13.191774519999967 ], [ -74.237999662999982, -13.19174514499997 ], [ -74.237947412999972, -13.191752144999953 ], [ -74.237898412999982, -13.191789894999943 ], [ -74.237703287999977, -13.191846019999957 ], [ -74.237548662999984, -13.191881394999939 ], [ -74.237438037999937, -13.191904019999981 ], [ -74.237367162999988, -13.191901144999974 ], [ -74.237323912999955, -13.19186239499993 ], [ -74.237257287999967, -13.19171001999996 ], [ -74.237150412999938, -13.191583269999967 ], [ -74.237093912999967, -13.191451644999972 ], [ -74.237080037999988, -13.191321269999946 ], [ -74.237072787999978, -13.191195019999952 ], [ -74.23707766299998, -13.191065519999938 ], [ -74.237122412999952, -13.19092926999997 ], [ -74.237230537999949, -13.190835394999965 ], [ -74.237233537999941, -13.190823269999953 ], [ -74.237307662999967, -13.190740769999934 ], [ -74.237299037999946, -13.190707144999976 ], [ -74.237238537999986, -13.190697394999972 ], [ -74.237116912999966, -13.190687769999954 ], [ -74.236981412999967, -13.190701019999949 ], [ -74.236972287999947, -13.190702019999947 ], [ -74.236955412999976, -13.190697644999943 ], [ -74.236793662999958, -13.190712644999962 ], [ -74.236683787999937, -13.190698644999941 ], [ -74.236602287999972, -13.190651644999946 ], [ -74.236566037999978, -13.190562144999944 ], [ -74.236589037999977, -13.190455769999971 ], [ -74.236580912999955, -13.190374769999949 ], [ -74.236626912999952, -13.190257519999932 ], [ -74.236683287999938, -13.190097894999951 ], [ -74.236690662999933, -13.189983519999942 ], [ -74.236666662999937, -13.189879019999978 ], [ -74.236602412999957, -13.189827894999951 ], [ -74.236535787999969, -13.189754894999965 ], [ -74.236447037999937, -13.189704644999949 ], [ -74.236360537999985, -13.189704644999949 ], [ -74.23623553799996, -13.189752769999927 ], [ -74.236109412999951, -13.189783269999964 ], [ -74.235977162999973, -13.189811394999936 ], [ -74.235869287999947, -13.189823519999948 ], [ -74.235737037999968, -13.189780019999944 ], [ -74.235598787999947, -13.189721144999965 ], [ -74.235429787999976, -13.189690644999928 ], [ -74.23521266299997, -13.189601394999954 ], [ -74.235161037999944, -13.189505769999926 ], [ -74.235109412999975, -13.189405894999936 ], [ -74.235096787999964, -13.189324269999929 ], [ -74.235120037999934, -13.189198269999963 ], [ -74.235085162999951, -13.189109019999933 ], [ -74.235047162999933, -13.189011519999951 ], [ -74.235010287999955, -13.18893651999997 ], [ -74.234960912999952, -13.188901019999946 ], [ -74.234891662999985, -13.188870769999937 ], [ -74.234802287999969, -13.188849269999935 ], [ -74.234681787999989, -13.188831894999964 ], [ -74.234581412999944, -13.18883526999997 ], [ -74.234503162999943, -13.188777519999974 ], [ -74.234417162999989, -13.188718644999938 ], [ -74.234359662999964, -13.188678019999941 ], [ -74.234319662999951, -13.188654519999943 ], [ -74.234251662999952, -13.188669019999963 ], [ -74.234205412999984, -13.188663519999977 ], [ -74.234181537999973, -13.188600519999966 ], [ -74.234154287999957, -13.188499269999966 ], [ -74.234155287999954, -13.188423894999971 ], [ -74.234178787999952, -13.188325019999979 ], [ -74.234205162999956, -13.188204019999944 ], [ -74.234178412999938, -13.188132769999982 ], [ -74.234165287999986, -13.188078269999949 ], [ -74.234130662999974, -13.188039894999974 ], [ -74.234095037999964, -13.188009019999981 ], [ -74.234039912999947, -13.188009394999938 ], [ -74.23396153799996, -13.188037269999938 ], [ -74.233895162999943, -13.188049269999965 ], [ -74.233842787999947, -13.18801826999993 ], [ -74.233794287999956, -13.187953769999979 ], [ -74.233770162999974, -13.18787264499997 ], [ -74.233772912999939, -13.187782394999942 ], [ -74.233804787999986, -13.18768139499997 ], [ -74.23384903799996, -13.187599269999964 ], [ -74.233887162999963, -13.18752201999996 ], [ -74.233887662999962, -13.187518394999927 ], [ -74.233916412999974, -13.187421394999944 ], [ -74.233909162999964, -13.187357019999979 ], [ -74.233843662999959, -13.187320894999971 ], [ -74.233754662999957, -13.187271394999982 ], [ -74.233713037999962, -13.187139769999931 ], [ -74.233722787999966, -13.186996019999981 ], [ -74.233749037999985, -13.18683314499998 ], [ -74.23380803799995, -13.186684144999958 ], [ -74.233836037999936, -13.186574519999965 ], [ -74.233828287999984, -13.186420894999969 ], [ -74.233814537999933, -13.18628939499996 ], [ -74.233758787999989, -13.186194519999958 ], [ -74.233635412999945, -13.186110519999943 ], [ -74.233628287999977, -13.186105894999969 ], [ -74.233566662999976, -13.186007894999932 ], [ -74.233529037999972, -13.18593076999997 ], [ -74.233488787999988, -13.185872019999977 ], [ -74.233472912999957, -13.185839269999974 ], [ -74.233497537999938, -13.185799644999975 ], [ -74.233505912999988, -13.18576201999997 ], [ -74.233435287999953, -13.185722019999957 ], [ -74.233330037999963, -13.185626269999943 ], [ -74.233246912999959, -13.185541144999945 ], [ -74.233099787999947, -13.185404019999964 ], [ -74.232996287999981, -13.185276144999932 ], [ -74.232948162999946, -13.185172144999967 ], [ -74.232922912999982, -13.185114269999929 ], [ -74.232937162999974, -13.185047769999926 ], [ -74.232953037999948, -13.184970644999964 ], [ -74.232932412999958, -13.184900144999972 ], [ -74.232823412999949, -13.184816394999928 ], [ -74.232721037999966, -13.184769019999976 ], [ -74.232631287999936, -13.184747769999944 ], [ -74.232573412999955, -13.184712394999963 ], [ -74.232526037999946, -13.184639894999975 ], [ -74.232522912999968, -13.18463139499994 ], [ -74.232482037999944, -13.184544269999947 ], [ -74.232483412999954, -13.184463269999981 ], [ -74.232463537999934, -13.184379019999938 ], [ -74.232370912999954, -13.184256894999976 ], [ -74.232316037999965, -13.184187144999953 ], [ -74.232280662999983, -13.184117769999943 ], [ -74.232241912999939, -13.184065644999976 ], [ -74.232194912999944, -13.184042769999962 ], [ -74.232154912999988, -13.184053644999949 ], [ -74.232114912999975, -13.18406439499995 ], [ -74.232051412999965, -13.184053894999977 ], [ -74.231984287999978, -13.184013644999936 ], [ -74.231951537999976, -13.183921019999957 ], [ -74.231947537999986, -13.183911269999953 ], [ -74.23193178799994, -13.183777519999978 ], [ -74.231951787999947, -13.183629144999941 ], [ -74.231951662999961, -13.183547644999976 ], [ -74.231902537999986, -13.183453019999945 ], [ -74.231801412999971, -13.183381019999956 ], [ -74.231741787999965, -13.183340894999958 ], [ -74.23165566299997, -13.183305894999933 ], [ -74.231532787999981, -13.183240769999941 ], [ -74.23146066299995, -13.183205519999944 ], [ -74.231411162999962, -13.183142519999933 ], [ -74.231361412999945, -13.183058019999976 ], [ -74.231340287999956, -13.182969019999973 ], [ -74.231339037999987, -13.182954769999981 ], [ -74.231326412999977, -13.182813644999953 ], [ -74.231321412999989, -13.182695644999967 ], [ -74.231295787999954, -13.182546644999945 ], [ -74.231261037999957, -13.182340644999954 ], [ -74.231221912999956, -13.182160644999954 ], [ -74.231185912999933, -13.182062144999975 ], [ -74.231092287999957, -13.181954394999934 ], [ -74.230999037999936, -13.18187426999998 ], [ -74.230896662999953, -13.181783894999967 ], [ -74.230794912999954, -13.181737394999971 ], [ -74.230707037999935, -13.181687894999982 ], [ -74.230668537999975, -13.181625894999968 ], [ -74.230662037999934, -13.181614644999968 ], [ -74.230657662999988, -13.181605644999934 ], [ -74.230653287999985, -13.181598769999937 ], [ -74.230589162999934, -13.181439519999969 ], [ -74.230558662999954, -13.181303269999944 ], [ -74.230526787999963, -13.181176894999965 ], [ -74.230526662999978, -13.181174269999929 ], [ -74.230485787999953, -13.180976519999945 ], [ -74.230481162999979, -13.180846519999932 ], [ -74.230478537999943, -13.180843394999954 ], [ -74.230434287999969, -13.180725769999981 ], [ -74.230395037999983, -13.180585769999936 ], [ -74.23038741299996, -13.180495644999951 ], [ -74.230428787999983, -13.180377519999979 ], [ -74.230438662999973, -13.180279144999929 ], [ -74.230437912999946, -13.180193894999945 ], [ -74.230430662999936, -13.180098394999959 ], [ -74.230370537999988, -13.18003226999997 ], [ -74.230296912999961, -13.179969894999942 ], [ -74.230234037999935, -13.179944144999979 ], [ -74.230156287999989, -13.179928519999976 ], [ -74.230067287999987, -13.179929394999931 ], [ -74.230009787999961, -13.179924644999971 ], [ -74.229955037999957, -13.179889144999947 ], [ -74.229944037999985, -13.179856269999959 ], [ -74.229948787999945, -13.179771019999976 ], [ -74.229954787999986, -13.17969689499995 ], [ -74.229954787999986, -13.179695144999926 ], [ -74.229952037999965, -13.179614519999973 ], [ -74.229926787999943, -13.17952951999996 ], [ -74.229877287999955, -13.179478894999932 ], [ -74.229875662999973, -13.179476894999937 ], [ -74.229874162999977, -13.179467769999974 ], [ -74.22986941299996, -13.17946201999996 ], [ -74.229811162999965, -13.179413644999954 ], [ -74.229809537999984, -13.179413519999969 ], [ -74.229801412999961, -13.179412769999942 ], [ -74.229730787999983, -13.179403644999979 ], [ -74.229729162999945, -13.179403769999965 ], [ -74.229722537999976, -13.179401894999955 ], [ -74.229714412999954, -13.17940251999994 ], [ -74.229631537999978, -13.179381019999937 ], [ -74.229559538, -13.179330769999979 ], [ -74.229447412999946, -13.179284019999955 ], [ -74.22944403799994, -13.179284269999926 ], [ -74.229437162999943, -13.179282394999973 ], [ -74.229363037999974, -13.179238644999941 ], [ -74.229327037999951, -13.179198269999972 ], [ -74.229321787999936, -13.179188394999926 ], [ -74.229315287999952, -13.17918101999993 ], [ -74.229307912999957, -13.179168644999947 ], [ -74.229304662999937, -13.179160894999939 ], [ -74.229273537999973, -13.179107019999947 ], [ -74.229270287999952, -13.179099019999967 ], [ -74.229262412999958, -13.179085769999972 ], [ -74.229256162999945, -13.179072394999935 ], [ -74.229220287999965, -13.178965019999964 ], [ -74.229217412999958, -13.178950144999931 ], [ -74.22921316299994, -13.178938269999946 ], [ -74.229189537999957, -13.178836769999975 ], [ -74.229188287999989, -13.178829019999966 ], [ -74.229164912999977, -13.178740519999963 ], [ -74.229161662999957, -13.178734019999979 ], [ -74.229112037999982, -13.17864639499993 ], [ -74.229040037999937, -13.178541894999967 ], [ -74.228978162999965, -13.178462769999953 ], [ -74.228945537999948, -13.178430894999963 ], [ -74.228943037999954, -13.178427019999958 ], [ -74.22893916299995, -13.178424394999979 ], [ -74.228935412999988, -13.178419269999949 ], [ -74.228895162999947, -13.178380894999975 ], [ -74.228861912999946, -13.178340144999936 ], [ -74.228857912999956, -13.178334519999964 ], [ -74.228853912999966, -13.178329019999978 ], [ -74.228837662999979, -13.178289394999979 ], [ -74.228821162999964, -13.178223269999933 ], [ -74.228818537999985, -13.17816326999997 ], [ -74.228820287999952, -13.178097144999981 ], [ -74.228816037999934, -13.178025144999935 ], [ -74.228816162999976, -13.178017644999954 ], [ -74.228816162999976, -13.178002644999935 ], [ -74.228816162999976, -13.177993144999959 ], [ -74.228816287999962, -13.177985644999978 ], [ -74.22881941299994, -13.17797789499997 ], [ -74.228823162999959, -13.177896769999961 ], [ -74.228823162999959, -13.177892644999929 ], [ -74.228823162999959, -13.177884394999978 ], [ -74.228823787999943, -13.177782019999938 ], [ -74.228823912999985, -13.177776269999981 ], [ -74.228822162999961, -13.177768269999945 ], [ -74.228822287999947, -13.177758519999941 ], [ -74.228824412999984, -13.177677144999961 ], [ -74.228806912999971, -13.177616644999944 ], [ -74.228806912999971, -13.177614519999963 ], [ -74.228799787999947, -13.17760501999993 ], [ -74.228796287999955, -13.177598019999948 ], [ -74.228752662999966, -13.177552644999935 ], [ -74.228748912999947, -13.177545394999981 ], [ -74.228741537999952, -13.177539894999938 ], [ -74.228702537999936, -13.177520394999931 ], [ -74.22862016299996, -13.177466519999939 ], [ -74.22861616299997, -13.177463644999932 ], [ -74.228604412999971, -13.17745476999994 ], [ -74.228598537999972, -13.177451519999977 ], [ -74.228586912999958, -13.177449519999982 ], [ -74.228507912999987, -13.177397519999943 ], [ -74.228503662999969, -13.177394144999937 ], [ -74.228489287999935, -13.177386269999943 ], [ -74.228487037999969, -13.17738326999995 ], [ -74.228476537999939, -13.17737601999994 ], [ -74.22847016299994, -13.177372269999978 ], [ -74.228374287999941, -13.177316644999962 ], [ -74.228361412999959, -13.17730639499996 ], [ -74.228344537999988, -13.177296394999928 ], [ -74.228336037999952, -13.177291394999941 ], [ -74.228329537999969, -13.177286269999968 ], [ -74.228318787999967, -13.177278644999944 ], [ -74.22825828799995, -13.177226144999963 ], [ -74.228255912999941, -13.177223519999927 ], [ -74.22825028799997, -13.17721239499997 ], [ -74.228239912999982, -13.177181394999934 ], [ -74.228235912999935, -13.177125894999961 ], [ -74.228247912999961, -13.177064769999959 ], [ -74.228231912999945, -13.176965019999955 ], [ -74.228172537999967, -13.176866519999976 ], [ -74.228140037999935, -13.176782394999975 ], [ -74.228086787999985, -13.176689394999926 ], [ -74.228047787999969, -13.176652769999976 ], [ -74.228042537999954, -13.176607644999933 ], [ -74.228051412999946, -13.176574394999932 ], [ -74.228067037999949, -13.176547894999942 ], [ -74.228073662999975, -13.176493644999937 ], [ -74.228073412999947, -13.176490394999973 ], [ -74.228073912999946, -13.176408269999968 ], [ -74.228049787999964, -13.17631214499994 ], [ -74.228036287999942, -13.17623339499994 ], [ -74.228040662999945, -13.176143769999953 ], [ -74.228045162999933, -13.17604939499995 ], [ -74.228057912999986, -13.175969644999952 ], [ -74.228057662999959, -13.175965144999964 ], [ -74.228063912999971, -13.175887269999976 ], [ -74.228044912999962, -13.175791894999975 ], [ -74.227994788, -13.17571001999994 ], [ -74.22792216299996, -13.175581269999952 ], [ -74.227856162999956, -13.175479019999955 ], [ -74.227792662999946, -13.175367269999981 ], [ -74.227769537999961, -13.175268144999961 ], [ -74.22777728799997, -13.175164769999981 ], [ -74.227771787999984, -13.175060769999959 ], [ -74.227770412999973, -13.175049519999959 ], [ -74.227757787999963, -13.174922644999981 ], [ -74.227730662999988, -13.174852144999932 ], [ -74.227703537999957, -13.174810144999981 ], [ -74.227658287999986, -13.174768644999972 ], [ -74.227633412999978, -13.174735894999969 ], [ -74.227626037999983, -13.17470564499996 ], [ -74.227616662999935, -13.174671269999976 ], [ -74.227591537999956, -13.174648394999963 ], [ -74.227589912999974, -13.174648394999963 ], [ -74.227571412999964, -13.174613894999936 ], [ -74.227547537999953, -13.174563519999936 ], [ -74.227530037999941, -13.174515269999972 ], [ -74.227493037999977, -13.174453394999944 ], [ -74.227467412999943, -13.174390894999931 ], [ -74.227455662999944, -13.17434164499997 ], [ -74.22747966299994, -13.174282394999977 ], [ -74.227513537999982, -13.174181144999977 ], [ -74.227613037999959, -13.174023019999936 ], [ -74.227709287999971, -13.173891394999941 ], [ -74.227792287999989, -13.173793644999932 ], [ -74.227827537999985, -13.173731519999933 ], [ -74.227833162999957, -13.173648269999944 ], [ -74.22781691299997, -13.17359464499998 ], [ -74.227770662999944, -13.173532269999953 ], [ -74.227708912999958, -13.173460894999948 ], [ -74.227642037999942, -13.173370519999935 ], [ -74.227599662999978, -13.173294769999927 ], [ -74.227542787999937, -13.173204894999969 ], [ -74.227505162999989, -13.173131269999942 ], [ -74.227444162999973, -13.173000144999946 ], [ -74.22743466299994, -13.172955644999945 ], [ -74.227432912999973, -13.172900019999929 ], [ -74.22742266299997, -13.172830269999963 ], [ -74.22741728799997, -13.172778519999952 ], [ -74.227422037999986, -13.172728519999964 ], [ -74.227428787999941, -13.172686394999971 ], [ -74.227417912999954, -13.172625644999925 ], [ -74.227417412999955, -13.172560644999976 ], [ -74.227416787999971, -13.172467644999927 ], [ -74.227408537999963, -13.172385019999979 ], [ -74.227385912999978, -13.172279519999961 ], [ -74.227356037999982, -13.172180019999928 ], [ -74.227311662999966, -13.172061644999928 ], [ -74.227309287999958, -13.172050894999927 ], [ -74.227288287999954, -13.171941019999963 ], [ -74.227266662999966, -13.171839519999935 ], [ -74.227245912999933, -13.171773144999975 ], [ -74.227245162999964, -13.171757644999957 ], [ -74.227239912999949, -13.171742144999939 ], [ -74.227236662999985, -13.171723394999958 ], [ -74.227233912999964, -13.171713894999982 ], [ -74.22722416299996, -13.171610269999974 ], [ -74.227224037999974, -13.171606894999968 ], [ -74.22721291299996, -13.171483769999952 ], [ -74.227212537999947, -13.17147676999997 ], [ -74.227176037999982, -13.171303769999952 ], [ -74.227122537999946, -13.171140019999939 ], [ -74.227049412999975, -13.170948019999969 ], [ -74.227020037999978, -13.170843894999962 ], [ -74.227011912999956, -13.170789144999958 ], [ -74.226988037999945, -13.17073264499993 ], [ -74.226983287999985, -13.17067164499997 ], [ -74.226992162999977, -13.170619144999932 ], [ -74.22700853799995, -13.170538019999981 ], [ -74.227015912999946, -13.17046264499993 ], [ -74.227014662999977, -13.170400144999974 ], [ -74.227007912999966, -13.170336144999965 ], [ -74.227008412999965, -13.170208894999973 ], [ -74.227020287999949, -13.169954144999963 ], [ -74.227055037999946, -13.169710769999938 ], [ -74.227096787999983, -13.169399269999928 ], [ -74.22710366299998, -13.169117519999929 ], [ -74.226995254999963, -13.169003790999966 ], [ -74.226915403999953, -13.168970519999959 ], [ -74.22686771399998, -13.168823939999982 ], [ -74.226713565999944, -13.168877853999959 ], [ -74.226521672999979, -13.16895330899996 ], [ -74.226357438999969, -13.169049111999982 ], [ -74.226161272999946, -13.16916164099996 ], [ -74.22576133299998, -13.169397347999961 ], [ -74.22537355999998, -13.169595035999976 ], [ -74.224944608999976, -13.169737980999969 ], [ -74.224713584999961, -13.169832261999943 ], [ -74.224269567999954, -13.170030195999971 ] ] ] ] } },
{ "type": "Feature", "properties": { "UBIGEO": "050105", "CCDD": "05", "CCPP": "01", "CCDI": "05", "DEPARTAMEN": "AYACUCHO", "PROVINCIA": "HUAMANGA", "DISTRITO": "CHIARA", "OBJECTID": 449.0, "ESRI_OID": 453.0 }, "geometry": { "type": "MultiPolygon", "coordinates": [ [ [ [ -74.197958106999977, -13.202691238999932 ], [ -74.195830828999988, -13.203617564999945 ], [ -74.193630055999961, -13.204615410999963 ], [ -74.192233830999953, -13.205974621999928 ], [ -74.191203606999977, -13.207406749999961 ], [ -74.190613348999989, -13.208696728999939 ], [ -74.189801906999946, -13.210416619999933 ], [ -74.189648537999972, -13.212497435999978 ], [ -74.189936338999985, -13.214077265999947 ], [ -74.190444846999981, -13.215370718999964 ], [ -74.190438692999976, -13.217236695999929 ], [ -74.190653719999943, -13.218672755999933 ], [ -74.190208987999938, -13.220250267999972 ], [ -74.189690758999973, -13.221899310999959 ], [ -74.188659973999961, -13.223474960999965 ], [ -74.187703143999954, -13.224835533999965 ], [ -74.187115436999989, -13.225336046999928 ], [ -74.186601455999948, -13.225693255999943 ], [ -74.185208166999985, -13.226119431999962 ], [ -74.184474033999948, -13.226590765999958 ], [ -74.183810910999966, -13.22773695199993 ], [ -74.182708955999942, -13.228666423999982 ], [ -74.181828442999972, -13.229094220999968 ], [ -74.181167215999949, -13.229666253999937 ], [ -74.180211758999974, -13.230596183999978 ], [ -74.179477506999945, -13.231096208999929 ], [ -74.178595535999989, -13.231954599999938 ], [ -74.17800779199996, -13.232455091999952 ], [ -74.176907483999969, -13.232882162999942 ], [ -74.175147608999964, -13.233378867999932 ], [ -74.174046080999972, -13.234164763999956 ], [ -74.173017078999976, -13.235166195999966 ], [ -74.172207119999939, -13.236383638999939 ], [ -74.171983705999935, -13.237459445999946 ], [ -74.171541727999966, -13.238175697999964 ], [ -74.170512453999947, -13.239248884999938 ], [ -74.169556434999947, -13.240322306999929 ], [ -74.167867070999989, -13.241608640999971 ], [ -74.167424584999935, -13.242468419999966 ], [ -74.166540820999955, -13.243829138999956 ], [ -74.165731776999962, -13.244759486999953 ], [ -74.164994272999934, -13.246192443999973 ], [ -74.164403039999968, -13.247697648999974 ], [ -74.163885551999954, -13.249059552999938 ], [ -74.163809346999983, -13.249920525999926 ], [ -74.163147285999969, -13.250707804999934 ], [ -74.162340412999981, -13.250992232999977 ], [ -74.161530834999951, -13.252066097999943 ], [ -74.160575215999984, -13.252995945999942 ], [ -74.159548295999969, -13.253351406999968 ], [ -74.157716461999939, -13.253417132999971 ], [ -74.156250697999951, -13.253555826999957 ], [ -74.154711670999973, -13.253694267999947 ], [ -74.153610981999975, -13.254192996999961 ], [ -74.152949621999937, -13.254764945999966 ], [ -74.151847930999963, -13.255550736999965 ], [ -74.151696922999975, -13.256842060999929 ], [ -74.151546164999957, -13.258061619999978 ], [ -74.150368695999987, -13.259564830999977 ], [ -74.148679602999948, -13.260707486999934 ], [ -74.148202971999979, -13.261339611999972 ], [ -74.147869932999981, -13.261781302999964 ], [ -74.147499602999972, -13.262928355999975 ], [ -74.146763436999947, -13.263930644999959 ], [ -74.146027264999987, -13.264932931999965 ], [ -74.145583651999971, -13.266079736999927 ], [ -74.145288324999967, -13.266724656999941 ], [ -74.144991994999941, -13.267656648999946 ], [ -74.144255803999954, -13.268658927999979 ], [ -74.14344658899995, -13.269589193999934 ], [ -74.142491334999988, -13.270375427999966 ], [ -74.141755377999971, -13.27130593399994 ], [ -74.141090664999979, -13.27281082099995 ], [ -74.140135391999934, -13.273597044999974 ], [ -74.139693250999983, -13.27431323299993 ], [ -74.139398151999956, -13.274886376999973 ], [ -74.138884000999951, -13.275243478999926 ], [ -74.137710166999966, -13.275670115999958 ], [ -74.136388014999966, -13.27659861799998 ], [ -74.135359440999935, -13.277384574999928 ], [ -74.134477147999974, -13.278242791999958 ], [ -74.13286239599995, -13.279026742999974 ], [ -74.130732949999981, -13.280311300999927 ], [ -74.129851651999957, -13.280882431999942 ], [ -74.128749514999981, -13.281739875999961 ], [ -74.127940451999962, -13.282598318999931 ], [ -74.125590363999947, -13.284097376999966 ], [ -74.124710328999981, -13.284309654999959 ], [ -74.123357365999937, -13.285008121999965 ], [ -74.122566983999945, -13.285410355999943 ], [ -74.122480074999942, -13.285461052999949 ], [ -74.120948483999939, -13.286354480999933 ], [ -74.119532233999962, -13.287163730999964 ], [ -74.117441858999939, -13.288377605999926 ], [ -74.116497608999964, -13.289591480999945 ], [ -74.11440698399997, -13.292761105999944 ], [ -74.112586233999934, -13.29539123099994 ], [ -74.111372233999987, -13.296807355999931 ], [ -74.11049560899994, -13.29802123099995 ], [ -74.108288108999943, -13.299970105999932 ], [ -74.106558608999933, -13.301224605999948 ], [ -74.103604108999946, -13.302790605999974 ], [ -74.100985108999964, -13.304100105999964 ], [ -74.099725983999974, -13.304502855999942 ], [ -74.097912858999962, -13.305006605999949 ], [ -74.096905608999975, -13.305409605999955 ], [ -74.096099733999949, -13.30616510599998 ], [ -74.095444983999982, -13.307222730999968 ], [ -74.095193108999979, -13.308229980999954 ], [ -74.094999959999939, -13.309751693999942 ], [ -74.095495358999983, -13.31029498099997 ], [ -74.09710548399994, -13.311181605999934 ], [ -74.098063983999964, -13.311604480999961 ], [ -74.099121608999951, -13.312460730999931 ], [ -74.099675608999974, -13.313165855999955 ], [ -74.100380733999941, -13.314727105999964 ], [ -74.101085858999966, -13.317849855999953 ], [ -74.10138810899997, -13.318705980999937 ], [ -74.102036920999979, -13.319128890999934 ], [ -74.102294608999955, -13.319965105999927 ], [ -74.102143483999953, -13.321727855999939 ], [ -74.102113274999965, -13.323207845999946 ], [ -74.102202467999973, -13.324310250999929 ], [ -74.102869108999982, -13.326243355999964 ], [ -74.103970858999958, -13.327659980999954 ], [ -74.105151233999948, -13.329863355999976 ], [ -74.106725233999953, -13.331673355999953 ], [ -74.10719735899994, -13.333011105999958 ], [ -74.10727610899994, -13.334191605999933 ], [ -74.106567733999952, -13.336552480999956 ], [ -74.106489108999938, -13.339149480999936 ], [ -74.106803858999967, -13.341825105999931 ], [ -74.10727610899994, -13.34387123099998 ], [ -74.107984358999943, -13.345602480999958 ], [ -74.10854915699997, -13.346248031999949 ], [ -74.109085983999989, -13.346861605999948 ], [ -74.110177119999946, -13.347609800999976 ], [ -74.110906352999962, -13.348617097999977 ], [ -74.111342352999941, -13.349712863999969 ], [ -74.108919330999981, -13.350834894999934 ], [ -74.107818373999976, -13.35126162399996 ], [ -74.10649832699994, -13.351472271999967 ], [ -74.105616182999938, -13.352186828999947 ], [ -74.105120463999981, -13.352379388999964 ], [ -74.104380154999944, -13.352666961999944 ], [ -74.104163108999956, -13.352933355999937 ], [ -74.103142358999946, -13.353851980999934 ], [ -74.101458358999935, -13.354821605999973 ], [ -74.100182483999959, -13.355331855999964 ], [ -74.099732953999933, -13.355435609999972 ], [ -74.099007117999975, -13.355608214999961 ], [ -74.098262867999949, -13.355932390999953 ], [ -74.096303983999974, -13.354617480999934 ], [ -74.095028108999941, -13.353698855999937 ], [ -74.094109608999986, -13.353086480999934 ], [ -74.093050733999974, -13.352333980999958 ], [ -74.092527608999944, -13.35191273099997 ], [ -74.092017233999968, -13.351708605999931 ], [ -74.090945483999974, -13.351555480999934 ], [ -74.090180108999959, -13.351657480999961 ], [ -74.089669733999983, -13.352116730999967 ], [ -74.089006358999939, -13.353086480999934 ], [ -74.088189733999968, -13.354770605999931 ], [ -74.086454608999986, -13.358393855999964 ], [ -74.085107483999934, -13.361290980999968 ], [ -74.082995233999952, -13.362697855999954 ], [ -74.082163858999934, -13.363141355999971 ], [ -74.080445733999966, -13.363640105999934 ], [ -74.079614358999947, -13.363917230999959 ], [ -74.079115608999984, -13.364693230999933 ], [ -74.079134686999964, -13.36511326599998 ], [ -74.079141652999965, -13.365112961999955 ], [ -74.079248065999934, -13.366948011999966 ], [ -74.079390574999934, -13.368025023999962 ], [ -74.080194930999937, -13.368530312999951 ], [ -74.081291117999967, -13.369395492999956 ], [ -74.081742090999967, -13.370945078999966 ], [ -74.081649178999953, -13.371621546999961 ], [ -74.081060352999941, -13.372265306999964 ], [ -74.080469070999982, -13.373554953999928 ], [ -74.080445688999987, -13.373711070999946 ], [ -74.080318664999936, -13.37455913499997 ], [ -74.08068243699995, -13.375278119999962 ], [ -74.080835174999947, -13.376330464999967 ], [ -74.080090057999939, -13.376854824999953 ], [ -74.078549412999962, -13.377208046999954 ], [ -74.077082885999971, -13.377346232999969 ], [ -74.075795608999954, -13.377476730999945 ], [ -74.074588983999945, -13.37798473099997 ], [ -74.073509483999942, -13.379127855999968 ], [ -74.072874358999968, -13.380905980999955 ], [ -74.072429858999953, -13.383319230999973 ], [ -74.071498108999947, -13.38541023099998 ], [ -74.070884733999947, -13.387578105999978 ], [ -74.068810608999968, -13.389603480999938 ], [ -74.066455108999946, -13.390544980999948 ], [ -74.064555233999954, -13.390876230999936 ], [ -74.063031108999951, -13.391574730999935 ], [ -74.061189482999964, -13.392463855999949 ], [ -74.059665357999961, -13.393860980999932 ], [ -74.058712857999978, -13.395131105999951 ], [ -74.058585857999958, -13.39646473099998 ], [ -74.059220857999946, -13.397607730999937 ], [ -74.060363982999945, -13.398877855999956 ], [ -74.06080848299996, -13.39963998099995 ], [ -74.061045982999985, -13.400865480999926 ], [ -74.061349482999958, -13.402876730999935 ], [ -74.061387482999976, -13.405115730999967 ], [ -74.061235733, -13.406178230999956 ], [ -74.060552482999981, -13.40731673099998 ], [ -74.059907482999961, -13.408531105999941 ], [ -74.058896324999978, -13.408943287999932 ], [ -74.059873342999936, -13.40956350099998 ], [ -74.060036469999943, -13.41037806099996 ], [ -74.060196748999942, -13.411925168999971 ], [ -74.06052395599994, -13.413310105999926 ], [ -74.060769600999947, -13.414287763999937 ], [ -74.061266900999954, -13.414696591999927 ], [ -74.062508106999985, -13.416247718999955 ], [ -74.064169164999953, -13.416742257999942 ], [ -74.065219576999937, -13.41695933699998 ], [ -74.06522003799995, -13.416960017999941 ], [ -74.065530037999963, -13.417250019999926 ], [ -74.065890037999964, -13.417430017999948 ], [ -74.066760037999984, -13.417740017999961 ], [ -74.067770037999935, -13.418080017999955 ], [ -74.068520037999974, -13.418280017999962 ], [ -74.06943003799995, -13.418590019999954 ], [ -74.070020037999939, -13.418880017999982 ], [ -74.070510037999952, -13.419160019999936 ], [ -74.070980037999959, -13.41938001799997 ], [ -74.07134003799996, -13.419580019999955 ], [ -74.071640037999941, -13.419730017999939 ], [ -74.071960037999986, -13.419890017999933 ], [ -74.072370037999974, -13.420020019999981 ], [ -74.072570037999981, -13.420160019999969 ], [ -74.072750037999981, -13.420340019999969 ], [ -74.072750139999982, -13.420341629999939 ], [ -74.072600037999962, -13.421370019999927 ], [ -74.072000037999942, -13.422590019999973 ], [ -74.071790037999961, -13.423140019999948 ], [ -74.071640037999941, -13.423850017999939 ], [ -74.071550037999941, -13.424790019999932 ], [ -74.071130037999978, -13.426440019999973 ], [ -74.07110003799994, -13.427560017999951 ], [ -74.071500037999954, -13.429450017999955 ], [ -74.071490037999979, -13.431510019999962 ], [ -74.071270037999966, -13.432220019999932 ], [ -74.070600037999952, -13.433380019999959 ], [ -74.070530037999958, -13.43367001799993 ], [ -74.070580037999946, -13.434080019999953 ], [ -74.071070037999959, -13.434680019999973 ], [ -74.071500037999954, -13.434860019999974 ], [ -74.071730037999941, -13.435070019999955 ], [ -74.071920037999973, -13.435520017999977 ], [ -74.072040037999955, -13.436700019999932 ], [ -74.072270037999942, -13.43735001999994 ], [ -74.073000037999975, -13.438400017999982 ], [ -74.073620037999945, -13.438870017999932 ], [ -74.073730037999951, -13.439140019999968 ], [ -74.073930037999958, -13.440060019999976 ], [ -74.074360037999952, -13.441010019999965 ], [ -74.075390037999966, -13.441540017999955 ], [ -74.075910037999961, -13.442120017999969 ], [ -74.076190037999936, -13.442320019999954 ], [ -74.077420037999957, -13.442520017999982 ], [ -74.077890037999964, -13.442770017999976 ], [ -74.078110037999977, -13.443020019999949 ], [ -74.078210037999952, -13.443430019999937 ], [ -74.078860037999959, -13.444050017999928 ], [ -74.079230037999935, -13.444860019999965 ], [ -74.079410037999935, -13.445570017999955 ], [ -74.079720037999948, -13.446110017999956 ], [ -74.079980037999974, -13.446870019999949 ], [ -74.080070037999974, -13.447550019999937 ], [ -74.079940037999961, -13.447860017999972 ], [ -74.07982003799998, -13.44846001999997 ], [ -74.07982003799998, -13.448810017999961 ], [ -74.079950037999936, -13.449280017999968 ], [ -74.080380037999987, -13.450230019999935 ], [ -74.080470037999987, -13.450580019999961 ], [ -74.080220037999936, -13.451570019999963 ], [ -74.080300037999962, -13.452690019999977 ], [ -74.080250037999974, -13.452960019999978 ], [ -74.079740037999954, -13.454120019999948 ], [ -74.079650037999954, -13.455020019999949 ], [ -74.079540037999948, -13.455440017999933 ], [ -74.079840037999986, -13.457370019999928 ], [ -74.079660037999986, -13.45798001999998 ], [ -74.079590037999935, -13.458620017999976 ], [ -74.079630037999948, -13.459130019999975 ], [ -74.079520037999941, -13.459810017999928 ], [ -74.079570037999986, -13.460460019999971 ], [ -74.079440037999973, -13.460670017999973 ], [ -74.079210037999985, -13.461420019999935 ], [ -74.078460037999946, -13.462840019999931 ], [ -74.077830037999945, -13.464220017999935 ], [ -74.077690037999957, -13.466430017999926 ], [ -74.077430037999989, -13.466790019999962 ], [ -74.076690037999981, -13.46738001999995 ], [ -74.076480037999943, -13.467880019999939 ], [ -74.076250037999955, -13.468160019999971 ], [ -74.07606003799998, -13.468270019999977 ], [ -74.075430037999979, -13.468320019999965 ], [ -74.075070037999978, -13.468550019999952 ], [ -74.074460037999984, -13.470130019999942 ], [ -74.074420037999971, -13.47018001999993 ], [ -74.074090037999952, -13.470520017999945 ], [ -74.073670037999989, -13.470810019999931 ], [ -74.073350037999944, -13.471130019999976 ], [ -74.073120037999956, -13.471640019999938 ], [ -74.072370037999974, -13.472640017999936 ], [ -74.072130037999955, -13.473360019999973 ], [ -74.071930037999948, -13.474570017999952 ], [ -74.071400037999979, -13.475110017999953 ], [ -74.071120037999947, -13.475960017999967 ], [ -74.070620383999938, -13.476599293999982 ], [ -74.07061515099997, -13.476597959999935 ], [ -74.070568358999935, -13.476796855999964 ], [ -74.070177733999969, -13.477455105999979 ], [ -74.069979428999943, -13.477616049999938 ], [ -74.069820037999989, -13.477740019999942 ], [ -74.068970037999975, -13.478030019999949 ], [ -74.068774904999941, -13.478135496999926 ], [ -74.068602508999959, -13.47822868399993 ], [ -74.068361358999937, -13.478742230999956 ], [ -74.068152358999953, -13.479978480999932 ], [ -74.067872983999962, -13.480529355999977 ], [ -74.067623108999953, -13.480790980999927 ], [ -74.06736323399997, -13.480953105999959 ], [ -74.067147842999987, -13.480975482999952 ], [ -74.066860037999959, -13.481010017999949 ], [ -74.066680037999959, -13.481090019999954 ], [ -74.066084412999942, -13.481626082999981 ], [ -74.065980037999964, -13.481720017999976 ], [ -74.065932883999949, -13.481818256999929 ], [ -74.065860037999983, -13.481970019999949 ], [ -74.065901631999964, -13.482053205999932 ], [ -74.06591003799997, -13.482070019999981 ], [ -74.065920936999987, -13.482137593999937 ], [ -74.066007858999967, -13.48269335599997 ], [ -74.066268309999941, -13.483264672999951 ], [ -74.066412108999941, -13.483580105999977 ], [ -74.066630858999986, -13.484259730999952 ], [ -74.066809350999961, -13.484636283999976 ], [ -74.067240037999966, -13.485540019999974 ], [ -74.067234020999933, -13.485967308999932 ], [ -74.067230037999934, -13.486250019999943 ], [ -74.067230037999934, -13.486830019999957 ], [ -74.067380037999953, -13.48767001799996 ], [ -74.067650037999954, -13.488260019999927 ], [ -74.068200037999986, -13.488840019999941 ], [ -74.068439393999938, -13.489438410999981 ], [ -74.068440037999949, -13.489440019999961 ], [ -74.068421035999961, -13.489630039999952 ], [ -74.068410108999956, -13.489744105999932 ], [ -74.068363984999962, -13.489851310999939 ], [ -74.068290037999986, -13.490030019999949 ], [ -74.067640035999943, -13.490800017999959 ], [ -74.067550037999979, -13.490990017999934 ], [ -74.06755396799997, -13.491072525999982 ], [ -74.067564483999945, -13.491197230999944 ], [ -74.067678570999988, -13.491383207999945 ], [ -74.067780037999967, -13.491540017999966 ], [ -74.067780037999967, -13.491691920999926 ], [ -74.067780037999967, -13.491790017999961 ], [ -74.067780037999967, -13.491890019999971 ], [ -74.067732854999974, -13.492059879999942 ], [ -74.067729518999954, -13.492070832999957 ], [ -74.067694662999941, -13.49212538699993 ], [ -74.067500037999935, -13.492430017999936 ], [ -74.067079820999936, -13.492735633999928 ], [ -74.066624983999986, -13.49307423099998 ], [ -74.066531233999967, -13.49322848099996 ], [ -74.066535500999976, -13.493350183999951 ], [ -74.066539108999962, -13.493453105999947 ], [ -74.066816358999972, -13.493744105999951 ], [ -74.066910963999987, -13.493900888999974 ], [ -74.06695310899994, -13.493970730999933 ], [ -74.067050733999963, -13.495128855999951 ], [ -74.067026781999971, -13.495205320999958 ], [ -74.066840037999953, -13.495810019999965 ], [ -74.066800785999988, -13.495868111999926 ], [ -74.06659373399998, -13.496183605999931 ], [ -74.066564899999946, -13.496225269999968 ], [ -74.066540037999971, -13.496270017999962 ], [ -74.066410037999958, -13.496670017999975 ], [ -74.066370037999945, -13.49720001999998 ], [ -74.066470037999977, -13.498100017999946 ], [ -74.066300037999952, -13.498410019999938 ], [ -74.065960037999957, -13.498680019999938 ], [ -74.065900037999938, -13.498910019999926 ], [ -74.065938754999934, -13.499348816999941 ], [ -74.065960983999958, -13.499589855999943 ], [ -74.065967891999946, -13.499670521999974 ], [ -74.06600003799997, -13.500000019999959 ], [ -74.06599057699998, -13.500193943999932 ], [ -74.06598435899997, -13.500412105999942 ], [ -74.065964858999962, -13.500710980999941 ], [ -74.065994326999942, -13.500787170999956 ], [ -74.066040037999983, -13.500890019999929 ], [ -74.066079410999976, -13.501008136999928 ], [ -74.066214858999956, -13.501361355999961 ], [ -74.066302733999976, -13.501466855999979 ], [ -74.066371621999963, -13.501522080999962 ], [ -74.066499983999961, -13.501624980999964 ], [ -74.066563943999938, -13.50165197299998 ], [ -74.066624983999986, -13.501677730999972 ], [ -74.066767608999953, -13.501765605999935 ], [ -74.066857358999982, -13.50185548099995 ], [ -74.066858604999936, -13.501858584999979 ], [ -74.066872363999948, -13.501892888999976 ], [ -74.066892608999979, -13.50194335599997 ], [ -74.066964733999953, -13.502083980999942 ], [ -74.067267608999941, -13.502435605999949 ], [ -74.067462858999988, -13.50275198099996 ], [ -74.06752013199997, -13.503023771999949 ], [ -74.067548858999942, -13.503160105999939 ], [ -74.067581832999963, -13.503450724999936 ], [ -74.067620037999973, -13.503800017999936 ], [ -74.067930037999986, -13.504490017999956 ], [ -74.067951967999988, -13.504590888999928 ], [ -74.06797848399998, -13.504724605999968 ], [ -74.067979299999934, -13.504725373999975 ], [ -74.067940037999961, -13.50501001799995 ], [ -74.067590037999935, -13.505410019999943 ], [ -74.067460037999979, -13.505770017999964 ], [ -74.067520037999941, -13.506080019999956 ], [ -74.067900037999948, -13.506650017999959 ], [ -74.067840037999986, -13.507090017999928 ], [ -74.067690037999967, -13.507540017999929 ], [ -74.067050037999934, -13.508800019999967 ], [ -74.066860037999959, -13.509040017999951 ], [ -74.066540037999971, -13.509230017999926 ], [ -74.066010037999945, -13.509410017999926 ], [ -74.065110037999943, -13.509540019999974 ], [ -74.064830037999968, -13.509630017999939 ], [ -74.064540037999961, -13.509900019999975 ], [ -74.064200037999967, -13.510510017999934 ], [ -74.064100037999935, -13.511230017999935 ], [ -74.064280037999936, -13.512240017999943 ], [ -74.06424003799998, -13.512590017999969 ], [ -74.063570037999966, -13.51352001999993 ], [ -74.062970037999946, -13.514040019999982 ], [ -74.062850037999965, -13.514270019999969 ], [ -74.062790037999946, -13.514380019999976 ], [ -74.062480037999933, -13.514620019999938 ], [ -74.062100037999983, -13.515080017999935 ], [ -74.061770037999963, -13.515930019999928 ], [ -74.061310037999988, -13.516880019999974 ], [ -74.060920037999949, -13.517490017999933 ], [ -74.060740037999949, -13.51779001999995 ], [ -74.060150037999961, -13.518270017999953 ], [ -74.060100037999973, -13.518470019999938 ], [ -74.060170037999967, -13.519290019999971 ], [ -74.059940037999979, -13.520070017999956 ], [ -74.060010037999973, -13.520560019999948 ], [ -74.059960037999986, -13.520930017999945 ], [ -74.058980037999959, -13.522740019999958 ], [ -74.057570037999938, -13.52409001999996 ], [ -74.057370037999988, -13.524390019999942 ], [ -74.057140037999943, -13.52460001999998 ], [ -74.056690037999942, -13.524790017999976 ], [ -74.056020037999986, -13.524940019999974 ], [ -74.05594003799996, -13.525000019999936 ], [ -74.055140037999934, -13.525540019999937 ], [ -74.054010037999944, -13.52594001999995 ], [ -74.053320037999981, -13.526410017999979 ], [ -74.052800037999987, -13.527280019999978 ], [ -74.052830037999968, -13.52742001799993 ], [ -74.052950037999949, -13.528050017999931 ], [ -74.052810037999961, -13.52871001799997 ], [ -74.052250037999954, -13.529430017999971 ], [ -74.05122003799994, -13.530260017999979 ], [ -74.050860037999939, -13.530640019999964 ], [ -74.050360037999951, -13.531490019999978 ], [ -74.050310037999964, -13.531800017999956 ], [ -74.050270037999951, -13.53205001799995 ], [ -74.050310037999964, -13.532520017999957 ], [ -74.050360037999951, -13.53265001799997 ], [ -74.050780037999971, -13.534050017999959 ], [ -74.050896457999954, -13.534601547999955 ], [ -74.051418379999973, -13.535059021999928 ], [ -74.052080037999986, -13.535440019999953 ], [ -74.053029268999978, -13.53631289499998 ], [ -74.053480037999975, -13.536120019999942 ], [ -74.054040037999982, -13.536180019999961 ], [ -74.054660037999952, -13.536140019999948 ], [ -74.055050037999933, -13.536020019999967 ], [ -74.055630143999963, -13.535739967999973 ], [ -74.05586998299998, -13.535619980999968 ], [ -74.056209982999974, -13.535549980999974 ], [ -74.056599982999956, -13.53558998099993 ], [ -74.057749982999951, -13.535889980999968 ], [ -74.058509982999965, -13.535934980999969 ], [ -74.059269982999979, -13.535979980999969 ], [ -74.05956998299996, -13.535949980999931 ], [ -74.060009982999986, -13.535649980999949 ], [ -74.060219982999968, -13.535349980999968 ], [ -74.060399982999968, -13.534149980999928 ], [ -74.060549982999987, -13.533809980999933 ], [ -74.061229982999976, -13.533599980999952 ], [ -74.061729983999953, -13.533539980999933 ], [ -74.061879983999972, -13.533589980999977 ], [ -74.062159983999948, -13.533529980999958 ], [ -74.062379983999961, -13.533599980999952 ], [ -74.062559983999961, -13.533779980999952 ], [ -74.062719983999955, -13.534059980999928 ], [ -74.062809983999955, -13.534479980999947 ], [ -74.062779983999974, -13.534859980999954 ], [ -74.062639983999986, -13.535169980999967 ], [ -74.062839983999936, -13.535459980999974 ], [ -74.063019983999936, -13.535579980999955 ], [ -74.063219983999943, -13.535609980999936 ], [ -74.063369983999962, -13.535549980999974 ], [ -74.063909983999963, -13.535009980999973 ], [ -74.064239983999983, -13.534809980999967 ], [ -74.064529983999989, -13.534709980999935 ], [ -74.065629983999941, -13.534319980999953 ], [ -74.066149983999935, -13.534349980999934 ], [ -74.066589983999961, -13.534639980999941 ], [ -74.066859983999962, -13.535289980999949 ], [ -74.067249983999943, -13.535709980999968 ], [ -74.067569983999988, -13.535949980999931 ], [ -74.067649983999956, -13.53600998099995 ], [ -74.068349983999951, -13.536339980999969 ], [ -74.069169983999984, -13.537099980999926 ], [ -74.069339983999953, -13.53714998099997 ], [ -74.070189983999967, -13.537159980999945 ], [ -74.070729983999968, -13.537109980999958 ], [ -74.071149983999987, -13.537189980999926 ], [ -74.071579983999982, -13.537459980999927 ], [ -74.072509983999964, -13.538319980999972 ], [ -74.073079983999946, -13.538479980999966 ], [ -74.073429983999972, -13.538179980999928 ], [ -74.073619983999947, -13.537739980999959 ], [ -74.073769983999966, -13.537109980999958 ], [ -74.073869996999974, -13.536979963999954 ], [ -74.074059983999973, -13.536729980999951 ], [ -74.074799983999981, -13.536209980999956 ], [ -74.075129983999943, -13.535979980999969 ], [ -74.075979983999957, -13.535269980999942 ], [ -74.078449983999974, -13.532679980999944 ], [ -74.078719983999974, -13.53251998099995 ], [ -74.079229983999937, -13.532349980999982 ], [ -74.079429983999944, -13.532389980999938 ], [ -74.079549983999982, -13.53260998099995 ], [ -74.079259983999975, -13.533299980999971 ], [ -74.079239983999969, -13.533499980999977 ], [ -74.079309983999963, -13.533619980999958 ], [ -74.079829983999957, -13.533539980999933 ], [ -74.080689983999946, -13.533129980999945 ], [ -74.080959983999946, -13.533049980999976 ], [ -74.081599983999979, -13.533099980999964 ], [ -74.082029983999973, -13.533439980999958 ], [ -74.082459983999968, -13.534239980999928 ], [ -74.083309983999982, -13.534579980999979 ], [ -74.083699983999963, -13.534809980999967 ], [ -74.085139983999966, -13.536059980999937 ], [ -74.085249983999972, -13.536059980999937 ], [ -74.085489983999935, -13.535369980999974 ], [ -74.085619983999948, -13.53511998099998 ], [ -74.08580998399998, -13.534929980999948 ], [ -74.085979983999948, -13.534839980999948 ], [ -74.086059983999974, -13.53478998099996 ], [ -74.086249983999949, -13.534779980999929 ], [ -74.086619983999981, -13.53487998099996 ], [ -74.086821358999941, -13.53500448099993 ], [ -74.087379983999938, -13.535349980999968 ], [ -74.087769983999976, -13.535379980999949 ], [ -74.088669983999978, -13.535139980999929 ], [ -74.089459983999973, -13.534799980999935 ], [ -74.090059983999936, -13.534619980999935 ], [ -74.090799983999943, -13.534509980999928 ], [ -74.09108998399995, -13.534559980999973 ], [ -74.09126998399995, -13.534659980999947 ], [ -74.091559983999957, -13.535289980999949 ], [ -74.091619983999976, -13.535539980999943 ], [ -74.091849983999964, -13.53576998099993 ], [ -74.092129983999939, -13.535739980999949 ], [ -74.09317998399996, -13.535339980999936 ], [ -74.093599983999979, -13.53529998099998 ], [ -74.093709983999986, -13.535359980999942 ], [ -74.093939983999974, -13.535669980999955 ], [ -74.094069983999987, -13.535729980999974 ], [ -74.094259983999962, -13.536119980999956 ], [ -74.094549983999968, -13.536319980999963 ], [ -74.095189983999944, -13.536329980999938 ], [ -74.095537242999967, -13.536329980999938 ], [ -74.095699983999964, -13.536329980999938 ], [ -74.095729983999945, -13.536339980999969 ], [ -74.09624998399994, -13.536409980999963 ], [ -74.096599983999965, -13.536359980999976 ], [ -74.096919983999953, -13.536229980999963 ], [ -74.097199983999985, -13.536119980999956 ], [ -74.097549983999954, -13.536049980999962 ], [ -74.099489983999945, -13.536229980999963 ], [ -74.100229983999952, -13.536159980999969 ], [ -74.100999983999941, -13.535809980999943 ], [ -74.101889983999968, -13.535139980999929 ], [ -74.10245998399995, -13.534979980999935 ], [ -74.102849983999988, -13.534979980999935 ], [ -74.10359998399997, -13.53547998099998 ], [ -74.103869983999971, -13.53549998099993 ], [ -74.104509983999947, -13.53478998099996 ], [ -74.104739983999934, -13.534539980999966 ], [ -74.105239983999979, -13.534169980999934 ], [ -74.105639983999936, -13.534059980999928 ], [ -74.106059983999955, -13.534129980999978 ], [ -74.106419983999956, -13.534109980999972 ], [ -74.106889983999963, -13.533969980999927 ], [ -74.107419983999989, -13.533719980999933 ], [ -74.108109983999952, -13.533559980999939 ], [ -74.108439983999972, -13.533589980999977 ], [ -74.108779983999966, -13.533769980999978 ], [ -74.109279983999954, -13.534349980999934 ], [ -74.109739983999987, -13.534989980999967 ], [ -74.109759983999936, -13.534999980999942 ], [ -74.109899983999981, -13.535089980999942 ], [ -74.110089983999956, -13.535089980999942 ], [ -74.110439983999981, -13.534869980999929 ], [ -74.110569983999937, -13.534539980999966 ], [ -74.110509983999975, -13.534089980999966 ], [ -74.110269983999956, -13.533609980999927 ], [ -74.110276108999983, -13.533518730999958 ], [ -74.110299983999937, -13.533159980999926 ], [ -74.110419983999975, -13.53293998099997 ], [ -74.110719983999957, -13.53260998099995 ], [ -74.111189983999964, -13.532289980999963 ], [ -74.111889983999959, -13.532049980999943 ], [ -74.112379983999972, -13.532079980999981 ], [ -74.112709983999935, -13.532709980999982 ], [ -74.11296998399996, -13.532989980999957 ], [ -74.113079983999967, -13.53302998099997 ], [ -74.113199983999948, -13.532989980999957 ], [ -74.11347998399998, -13.532709980999982 ], [ -74.11374998399998, -13.532269980999956 ], [ -74.11445998399995, -13.53182998099993 ], [ -74.114909983999951, -13.531619980999949 ], [ -74.115359983999952, -13.531709980999949 ], [ -74.115909983999984, -13.532109980999962 ], [ -74.116149983999946, -13.532169980999981 ], [ -74.11630998399994, -13.532299980999937 ], [ -74.116809983999985, -13.532239980999975 ], [ -74.117969983999956, -13.531689980999943 ], [ -74.118869983999957, -13.531499980999968 ], [ -74.119549983999946, -13.531279980999955 ], [ -74.120229983999934, -13.529969980999965 ], [ -74.120659983999985, -13.529659980999952 ], [ -74.121189983999955, -13.529489980999927 ], [ -74.121499983999968, -13.529479980999952 ], [ -74.121679983999968, -13.529589980999958 ], [ -74.121819983999956, -13.53006998099994 ], [ -74.121809983999981, -13.530609980999941 ], [ -74.122229983999944, -13.531049980999967 ], [ -74.122599983999976, -13.531229980999967 ], [ -74.123129983999945, -13.531209980999961 ], [ -74.123289983999939, -13.531099980999954 ], [ -74.123359983999933, -13.530949980999935 ], [ -74.123429983999984, -13.530219980999959 ], [ -74.123729983999965, -13.529899980999971 ], [ -74.12400998399994, -13.529839980999952 ], [ -74.124849983999979, -13.529919980999978 ], [ -74.125789983999937, -13.529239980999932 ], [ -74.125909983999975, -13.528789980999932 ], [ -74.125699983999937, -13.528299980999975 ], [ -74.125449983999943, -13.527969980999956 ], [ -74.125339983999936, -13.527429980999955 ], [ -74.125589983999987, -13.527059980999979 ], [ -74.125793108999972, -13.526843980999956 ], [ -74.126059983999937, -13.526559980999934 ], [ -74.126259983999944, -13.526189980999959 ], [ -74.126439983999944, -13.526159980999978 ], [ -74.126739983999983, -13.526609980999979 ], [ -74.126919983999983, -13.526619980999953 ], [ -74.127169983999977, -13.526419980999947 ], [ -74.127399983999965, -13.525709980999977 ], [ -74.127909983999984, -13.525209980999932 ], [ -74.128489983999941, -13.524959980999938 ], [ -74.12914998399998, -13.524909980999951 ], [ -74.129319983999949, -13.524699980999969 ], [ -74.129469983999968, -13.52412998099993 ], [ -74.129869983999981, -13.524159980999968 ], [ -74.130239983999957, -13.524119980999956 ], [ -74.130449983999938, -13.524009980999949 ], [ -74.13045998399997, -13.523999980999974 ], [ -74.130669983999951, -13.523789980999936 ], [ -74.130959983999958, -13.523319980999929 ], [ -74.131189983999946, -13.522579980999978 ], [ -74.131259983999939, -13.522119980999946 ], [ -74.131239983999933, -13.521599980999952 ], [ -74.131299983999952, -13.521349980999958 ], [ -74.131499983999959, -13.521169980999957 ], [ -74.131859983999959, -13.521079980999957 ], [ -74.132049983999934, -13.52102998099997 ], [ -74.132479983999986, -13.520809980999957 ], [ -74.13272998399998, -13.520599980999975 ], [ -74.13317998399998, -13.520029980999936 ], [ -74.133699983999975, -13.518919980999954 ], [ -74.134479983999938, -13.516589980999981 ], [ -74.134739983999964, -13.516359980999937 ], [ -74.135229983999977, -13.515939980999974 ], [ -74.135709983999959, -13.515039980999973 ], [ -74.135879983999985, -13.515009980999935 ], [ -74.136209983999947, -13.515099980999935 ], [ -74.136509983999986, -13.515489980999973 ], [ -74.136699983999961, -13.515589980999948 ], [ -74.136819983999942, -13.515739980999967 ], [ -74.136989983999968, -13.51579998099993 ], [ -74.137139983999987, -13.515769980999949 ], [ -74.137519983999937, -13.515339980999954 ], [ -74.13800998399995, -13.514929980999966 ], [ -74.138219983999988, -13.514549980999959 ], [ -74.138359983999976, -13.51412998099994 ], [ -74.138499983999964, -13.513699980999945 ], [ -74.138598983999941, -13.513558605999947 ], [ -74.138779983999939, -13.513299980999932 ], [ -74.140889983999955, -13.514329980999946 ], [ -74.141244358999984, -13.514405480999926 ], [ -74.14149998399995, -13.514459980999959 ], [ -74.141549983999937, -13.514349980999953 ], [ -74.141609983999956, -13.513719980999952 ], [ -74.142309983999951, -13.513189980999982 ], [ -74.142989983999939, -13.512569980999956 ], [ -74.143209983999952, -13.512609980999969 ], [ -74.143779983999934, -13.512899980999975 ], [ -74.144859983999936, -13.513669980999964 ], [ -74.145249983999975, -13.513769980999939 ], [ -74.145559983999988, -13.513719980999952 ], [ -74.145749983999963, -13.513629980999951 ], [ -74.145779983999944, -13.51359998099997 ], [ -74.146279983999989, -13.513199980999957 ], [ -74.146669983999971, -13.512609980999969 ], [ -74.146999983999933, -13.512359980999975 ], [ -74.147579983999947, -13.512209980999955 ], [ -74.148689983999986, -13.512239980999937 ], [ -74.149239983999962, -13.512159980999968 ], [ -74.149819983999976, -13.511849980999955 ], [ -74.150269983999976, -13.511179980999941 ], [ -74.150284608999982, -13.511176730999978 ], [ -74.150719983999977, -13.511079980999966 ], [ -74.150989983999978, -13.510939980999979 ], [ -74.151018608999948, -13.510718230999942 ], [ -74.151029983999933, -13.510629980999965 ], [ -74.150699983999971, -13.509809980999933 ], [ -74.150809983999977, -13.509759980999945 ], [ -74.151019983999959, -13.509519980999926 ], [ -74.151529983999978, -13.509309980999944 ], [ -74.151705233999962, -13.509203855999942 ], [ -74.151824233999946, -13.509131730999968 ], [ -74.151859983999941, -13.509109980999938 ], [ -74.151912608999965, -13.509057355999971 ], [ -74.151934233999953, -13.509035730999926 ], [ -74.151941358999977, -13.509027355999933 ], [ -74.152398483999946, -13.508578105999959 ], [ -74.152387020999981, -13.508481090999965 ], [ -74.152353483999946, -13.50819723099994 ], [ -74.15205313599995, -13.507782750999979 ], [ -74.151980037999977, -13.507680019999952 ], [ -74.151952901999948, -13.50762081299996 ], [ -74.15187498399996, -13.507441355999958 ], [ -74.151873108999951, -13.507208980999962 ], [ -74.151960904999953, -13.507082238999942 ], [ -74.152185608999957, -13.506757855999979 ], [ -74.153138733999981, -13.505839855999966 ], [ -74.153195320999941, -13.505769851999958 ], [ -74.153400037999972, -13.505510019999974 ], [ -74.153473735999967, -13.505132314999969 ], [ -74.153556608999963, -13.504689480999957 ], [ -74.153693250999936, -13.504616615999964 ], [ -74.15405003799998, -13.504420017999962 ], [ -74.154330037999955, -13.504100019999953 ], [ -74.154336778999948, -13.504029246999949 ], [ -74.154345733999946, -13.50389060599997 ], [ -74.154128858999968, -13.503261730999952 ], [ -74.154298733999951, -13.502861480999968 ], [ -74.15455660899994, -13.502486355999963 ], [ -74.154930217999947, -13.502277361999973 ], [ -74.155031233999978, -13.502220855999951 ], [ -74.155505858999959, -13.502132855999946 ], [ -74.155581113999972, -13.502106734999927 ], [ -74.156187608999971, -13.501896230999932 ], [ -74.156568358999948, -13.50172585599995 ], [ -74.156822233999947, -13.50161523099996 ], [ -74.157068358999936, -13.501490230999934 ], [ -74.157316358999935, -13.501277355999946 ], [ -74.157355326999948, -13.501195328999927 ], [ -74.157370037999954, -13.50116001799995 ], [ -74.157380037999985, -13.501030017999938 ], [ -74.157389928999976, -13.500871791999941 ], [ -74.15739003799996, -13.500870017999944 ], [ -74.157320037999966, -13.50054001999996 ], [ -74.157367053999963, -13.500425840999981 ], [ -74.157392608999942, -13.500367230999927 ], [ -74.157474608999962, -13.500197230999959 ], [ -74.157570326999974, -13.500052967999977 ], [ -74.157610037999973, -13.500000019999959 ], [ -74.157619918999956, -13.499841939999953 ], [ -74.157634733999942, -13.499679730999958 ], [ -74.157431608999957, -13.499417980999965 ], [ -74.157552356999986, -13.499048010999957 ], [ -74.157585944999937, -13.499018898999964 ], [ -74.157701233999944, -13.498921855999981 ], [ -74.158357483999964, -13.498914105999972 ], [ -74.158755858999939, -13.49885160599996 ], [ -74.158758826999986, -13.498850201999971 ], [ -74.159189358999981, -13.49864648099998 ], [ -74.159220395999967, -13.498609543999976 ], [ -74.159393861999945, -13.498403095999947 ], [ -74.159952371999964, -13.497345822999932 ], [ -74.16012885899994, -13.49701173099993 ], [ -74.160119988999952, -13.496929633999969 ], [ -74.160110037999971, -13.496850019999954 ], [ -74.159630037999989, -13.49618001999994 ], [ -74.159550037999963, -13.495890019999933 ], [ -74.159540037999989, -13.495540019999964 ], [ -74.159591899999953, -13.495421170999975 ], [ -74.15977535899998, -13.49498635599997 ], [ -74.159785012999976, -13.494825863999949 ], [ -74.159790037999983, -13.494660019999969 ], [ -74.159590037999976, -13.494370017999927 ], [ -74.15933003799995, -13.494210019999969 ], [ -74.159329879999973, -13.49420921799998 ], [ -74.159218408999948, -13.493644894999932 ], [ -74.159170037999957, -13.493400017999932 ], [ -74.159155576999979, -13.493377523999982 ], [ -74.158900037999956, -13.492980017999969 ], [ -74.158870037999975, -13.492830019999928 ], [ -74.158911975999956, -13.492737314999943 ], [ -74.159064483999941, -13.492406230999961 ], [ -74.159481608999954, -13.491858795999974 ], [ -74.159482608999951, -13.491857480999954 ], [ -74.16029685899997, -13.491216855999937 ], [ -74.160776399999975, -13.490565914999934 ], [ -74.160970037999959, -13.49030001999995 ], [ -74.161730037999973, -13.489550019999967 ], [ -74.16202003799998, -13.488830019999966 ], [ -74.162320037999962, -13.487640019999958 ], [ -74.162623475999965, -13.487068843999964 ], [ -74.162660037999956, -13.487000017999947 ], [ -74.163110037999957, -13.486330019999968 ], [ -74.163070037999944, -13.485910019999949 ], [ -74.162440037999943, -13.485860017999926 ], [ -74.162283461999948, -13.485746935999941 ], [ -74.162259862999974, -13.485729554999978 ], [ -74.162150037999936, -13.485440019999942 ], [ -74.162083360999986, -13.485340002999976 ], [ -74.162010033999934, -13.485230058999946 ], [ -74.161500037999986, -13.48445001999994 ], [ -74.161440037999967, -13.484110019999946 ], [ -74.161440168999945, -13.484109144999934 ], [ -74.161500037999986, -13.483710017999954 ], [ -74.16175003799998, -13.483450017999928 ], [ -74.16179361099995, -13.483183742999927 ], [ -74.16184003799998, -13.482900017999953 ], [ -74.16211003799998, -13.482740019999937 ], [ -74.162176852999949, -13.482618918999947 ], [ -74.162270037999974, -13.482450019999931 ], [ -74.162290037999981, -13.482250019999981 ], [ -74.162209819999987, -13.482070709999959 ], [ -74.162123108999936, -13.481865230999972 ], [ -74.162115662999952, -13.481743154999947 ], [ -74.162105483999937, -13.481576230999963 ], [ -74.162221998999939, -13.480895076999957 ], [ -74.162283233999972, -13.480537105999929 ], [ -74.162460983999949, -13.480093855999939 ], [ -74.162748108999949, -13.479833980999956 ], [ -74.163210983999988, -13.479681605999929 ], [ -74.163460983999983, -13.479501980999942 ], [ -74.163777223999944, -13.479447156999981 ], [ -74.164238233999981, -13.479367230999969 ], [ -74.164376983999944, -13.479296855999962 ], [ -74.164438365999956, -13.479200025999944 ], [ -74.164451233999955, -13.479179730999931 ], [ -74.164451992999943, -13.478966992999972 ], [ -74.164460037999959, -13.478090019999968 ], [ -74.164690037999947, -13.477590017999944 ], [ -74.164810037999985, -13.477310019999948 ], [ -74.164930037999966, -13.47674001799993 ], [ -74.164928713999984, -13.476728636999951 ], [ -74.164880037999978, -13.476310017999936 ], [ -74.164680037999972, -13.475950017999935 ], [ -74.164578313999982, -13.475652109999942 ], [ -74.164540037999984, -13.475540019999926 ], [ -74.164550037999959, -13.475100019999957 ], [ -74.16466696599997, -13.474700515999928 ], [ -74.164790983999978, -13.474279355999954 ], [ -74.164952787999937, -13.473957480999957 ], [ -74.165339858999971, -13.473187480999968 ], [ -74.165378858999986, -13.472744105999936 ], [ -74.165316358999974, -13.471767605999958 ], [ -74.165492172999961, -13.471381328999939 ], [ -74.165630037999961, -13.471070019999956 ], [ -74.165520037999954, -13.470770017999939 ], [ -74.165520037999954, -13.470678597999949 ], [ -74.165520037999954, -13.470560019999937 ], [ -74.165741705999949, -13.470395818999975 ], [ -74.165790037999955, -13.47036001999993 ], [ -74.165879606999965, -13.470208144999958 ], [ -74.166020037999942, -13.46997001799997 ], [ -74.166020037999942, -13.469510017999937 ], [ -74.165810037999961, -13.468650017999948 ], [ -74.16588545999997, -13.468515052999976 ], [ -74.166003858999943, -13.468306605999942 ], [ -74.16630986399997, -13.467976810999971 ], [ -74.166530184999942, -13.467739361999975 ], [ -74.166546338999979, -13.467666670999961 ], [ -74.16660748399994, -13.467376980999973 ], [ -74.166527358999986, -13.466681605999952 ], [ -74.166705108999963, -13.466031230999931 ], [ -74.167255445999956, -13.464962918999959 ], [ -74.167402358999936, -13.464677730999938 ], [ -74.167968733999942, -13.463874980999947 ], [ -74.167970043999958, -13.463870019999945 ], [ -74.168140037999933, -13.463240019999944 ], [ -74.16846249699995, -13.462722129999975 ], [ -74.168470733999982, -13.462708980999935 ], [ -74.168453108999984, -13.462429730999929 ], [ -74.168232399999965, -13.462047679999955 ], [ -74.168076233999955, -13.46177735599997 ], [ -74.168105483999966, -13.461587855999937 ], [ -74.168226608999987, -13.461406230999955 ], [ -74.168358963999935, -13.461290644999963 ], [ -74.168503858999941, -13.461164105999956 ], [ -74.169300733999989, -13.460660105999978 ], [ -74.169671858999948, -13.460199230999933 ], [ -74.16969469299994, -13.460069357999942 ], [ -74.169765608999967, -13.459665980999944 ], [ -74.169941158999961, -13.459156656999937 ], [ -74.170064483999965, -13.45879885599993 ], [ -74.170640608999975, -13.457851605999963 ], [ -74.170681108999986, -13.457761716999926 ], [ -74.170840037999938, -13.457420019999972 ], [ -74.170925649999958, -13.457211341999937 ], [ -74.171000037999988, -13.457030019999934 ], [ -74.171490037999945, -13.455070019999937 ], [ -74.171552008999981, -13.454932650999979 ], [ -74.172085983999978, -13.453742355999964 ], [ -74.173117360999981, -13.452064330999974 ], [ -74.173923858999956, -13.451109355999961 ], [ -74.17408198399994, -13.45079298099995 ], [ -74.174185670999975, -13.450473117999934 ], [ -74.174316233999946, -13.450070355999969 ], [ -74.174663063999958, -13.449412554999981 ], [ -74.174680037999963, -13.449380017999943 ], [ -74.175130037999963, -13.449150019999934 ], [ -74.175710037999977, -13.449070019999965 ], [ -74.176236309999979, -13.448920345999966 ], [ -74.176800037999953, -13.448760019999952 ], [ -74.17680291299996, -13.44875837799998 ], [ -74.177360037999961, -13.448440017999928 ], [ -74.177810037999961, -13.448060019999957 ], [ -74.178340037999988, -13.447210019999943 ], [ -74.178632451999988, -13.447013795999965 ], [ -74.179103483999938, -13.446695355999964 ], [ -74.179228987999977, -13.446587187999967 ], [ -74.179583983999976, -13.446281230999944 ], [ -74.180038184999944, -13.445728689999953 ], [ -74.180169983999974, -13.445568355999967 ], [ -74.181079813999986, -13.444626193999966 ], [ -74.182040983999968, -13.44363085599997 ], [ -74.182441358999938, -13.442683605999946 ], [ -74.182574233999958, -13.442023480999978 ], [ -74.183373233999987, -13.440724605999947 ], [ -74.183687483999961, -13.440552730999968 ], [ -74.184390483999948, -13.440392605999932 ], [ -74.185093733999963, -13.439779355999974 ], [ -74.185410824999963, -13.439298840999982 ], [ -74.185610037999936, -13.43900001999998 ], [ -74.185647711999934, -13.438957634999952 ], [ -74.18568748399997, -13.43891410599997 ], [ -74.186484358999962, -13.438093730999981 ], [ -74.187224608999941, -13.437933605999945 ], [ -74.187819399999967, -13.437494121999976 ], [ -74.187880037999946, -13.437450019999972 ], [ -74.188380037999934, -13.437170017999961 ], [ -74.189190037999936, -13.437000019999971 ], [ -74.189920037999968, -13.436730017999935 ], [ -74.19058003799995, -13.436610019999932 ], [ -74.190970037999989, -13.436430017999953 ], [ -74.191580037999984, -13.435990019999963 ], [ -74.191917223999951, -13.435684304999938 ], [ -74.192331983999964, -13.435310605999973 ], [ -74.193121108999947, -13.434253855999941 ], [ -74.193621108999935, -13.433804730999952 ], [ -74.193703016999962, -13.43358842799995 ], [ -74.193820037999956, -13.433290019999959 ], [ -74.193840832999967, -13.432994734999966 ], [ -74.193874983999933, -13.432583980999937 ], [ -74.193833278999989, -13.432143492999955 ], [ -74.193790037999975, -13.431630017999964 ], [ -74.193530037999949, -13.430850017999944 ], [ -74.193570037999962, -13.430490017999944 ], [ -74.193890045999979, -13.429939980999961 ], [ -74.193892608999988, -13.429935605999958 ], [ -74.194062483999971, -13.429167980999978 ], [ -74.194128990999957, -13.42899582299998 ], [ -74.19425003799995, -13.428690019999976 ], [ -74.194433393999986, -13.428367757999979 ], [ -74.194581983999967, -13.428111355999931 ], [ -74.194840535999958, -13.427770959999975 ], [ -74.195210037999971, -13.42729001999993 ], [ -74.195232221999959, -13.426757617999954 ], [ -74.195253858999934, -13.426331980999976 ], [ -74.195402358999957, -13.425781230999974 ], [ -74.195631184999968, -13.425331734999929 ], [ -74.195730037999965, -13.425140019999958 ], [ -74.195765947999973, -13.424988398999972 ], [ -74.195822233999934, -13.424759730999938 ], [ -74.195816106999985, -13.424543750999931 ], [ -74.195810037999934, -13.42421001799994 ], [ -74.195570037999971, -13.423450019999962 ], [ -74.195477567999944, -13.422752293999963 ], [ -74.195460983999965, -13.422624980999956 ], [ -74.195551141999943, -13.42199368799993 ], [ -74.195700037999984, -13.420970017999934 ], [ -74.195590037999978, -13.419830019999949 ], [ -74.195640037999965, -13.419350019999968 ], [ -74.195760037999946, -13.419040019999954 ], [ -74.195710037999959, -13.418570019999947 ], [ -74.195757098999934, -13.418177853999964 ], [ -74.195771483999977, -13.41807035599993 ], [ -74.196050733999982, -13.417419980999966 ], [ -74.196127875999935, -13.417308822999928 ], [ -74.196750037999948, -13.41642001799994 ], [ -74.197020037999948, -13.415520017999938 ], [ -74.197210112999983, -13.415075384999966 ], [ -74.197583983999948, -13.41420510599994 ], [ -74.198253858999976, -13.413113230999954 ], [ -74.198379942999964, -13.412699519999933 ], [ -74.198500037999963, -13.412320019999981 ], [ -74.199038156999961, -13.41145787399995 ], [ -74.199433608999982, -13.410830105999935 ], [ -74.199482053999986, -13.410641461999944 ], [ -74.199510037999971, -13.410540019999928 ], [ -74.199430037999946, -13.409990017999974 ], [ -74.199120038, -13.409390019999933 ], [ -74.198920037999983, -13.408480017999977 ], [ -74.198828549999973, -13.408239261999938 ], [ -74.198732483999947, -13.40797848099993 ], [ -74.197499984, -13.406285105999928 ], [ -74.197050733999959, -13.405488230999936 ], [ -74.196975738999981, -13.405402453999955 ], [ -74.196770037999954, -13.405160019999926 ], [ -74.196527412999956, -13.405026158999931 ], [ -74.196478483999954, -13.404998230999979 ], [ -74.196422697999935, -13.40499046399998 ], [ -74.196360037999966, -13.404980019999982 ], [ -74.196359043999962, -13.404979886999968 ], [ -74.19643020999996, -13.403053390999958 ], [ -74.206188688999987, -13.40423255099995 ], [ -74.206300037999938, -13.404770019999944 ], [ -74.206181018999985, -13.405336556999941 ], [ -74.206050037999944, -13.405960017999973 ], [ -74.20607003799995, -13.406800019999935 ], [ -74.206070358999966, -13.406800689999955 ], [ -74.20607382299994, -13.406807492999974 ], [ -74.206464733999951, -13.407570355999951 ], [ -74.207384733999959, -13.408331980999947 ], [ -74.207753905999937, -13.408725879999963 ], [ -74.208060037999985, -13.409050019999938 ], [ -74.208185490999938, -13.40910820199997 ], [ -74.209439483999972, -13.409685605999982 ], [ -74.210542024999938, -13.411352029999932 ], [ -74.211003170999959, -13.411819019999939 ], [ -74.212910108999949, -13.413748105999957 ], [ -74.21310602899996, -13.41386201399996 ], [ -74.213540037999962, -13.414110019999953 ], [ -74.213852612999972, -13.414191056999982 ], [ -74.214080233999937, -13.414248105999945 ], [ -74.214774975999944, -13.41425001999994 ], [ -74.216167983999981, -13.414253855999959 ], [ -74.217837858999985, -13.414540980999959 ], [ -74.218073338999943, -13.414658359999976 ], [ -74.218530037999983, -13.414890017999937 ], [ -74.219122987999981, -13.415292775999944 ], [ -74.219590037999978, -13.415610017999938 ], [ -74.219767246999936, -13.415654322999956 ], [ -74.219989983999938, -13.415709980999964 ], [ -74.220940037999981, -13.415700017999939 ], [ -74.221660037999982, -13.416210019999937 ], [ -74.222530037999945, -13.41669001799994 ], [ -74.222660131999987, -13.416723748999971 ], [ -74.223070037999946, -13.416830019999963 ], [ -74.223800037999979, -13.416870019999976 ], [ -74.225180037999962, -13.416740017999928 ], [ -74.226130037999951, -13.41676001999997 ], [ -74.226647442999933, -13.416723060999971 ], [ -74.226690037999958, -13.416720017999978 ], [ -74.22696813999994, -13.416563783999948 ], [ -74.227578108999978, -13.416224605999957 ], [ -74.229083983999942, -13.416320355999972 ], [ -74.229598510999949, -13.416252808999957 ], [ -74.22962003799995, -13.41625001999995 ], [ -74.230500037999946, -13.416020019999962 ], [ -74.231093080999983, -13.415767332999962 ], [ -74.231654358999947, -13.415531230999932 ], [ -74.232439608999982, -13.415290980999941 ], [ -74.233169983999971, -13.414884730999972 ], [ -74.233338621999962, -13.414750340999944 ], [ -74.233430037999938, -13.414680019999935 ], [ -74.234128928999951, -13.414505297999938 ], [ -74.23415048399994, -13.414499980999949 ], [ -74.234613233999937, -13.414013730999955 ], [ -74.235898483999961, -13.413781230999973 ], [ -74.236636733999944, -13.413902355999937 ], [ -74.236945319999961, -13.413860972999942 ], [ -74.237500037999951, -13.413790017999929 ], [ -74.237502285999938, -13.413791654999955 ], [ -74.237610037999957, -13.413870017999955 ], [ -74.238280037999971, -13.415000019999979 ], [ -74.238550037999971, -13.415160017999938 ], [ -74.238834010999938, -13.41521410799993 ], [ -74.23896978099998, -13.415239970999949 ], [ -74.239039176999938, -13.415355250999937 ], [ -74.239181608999957, -13.415591855999935 ], [ -74.239124983999943, -13.415988230999972 ], [ -74.239157969999951, -13.416217607999954 ], [ -74.239160108999954, -13.416232480999952 ], [ -74.239521914999955, -13.416479103999961 ], [ -74.239930037999954, -13.416760017999934 ], [ -74.240129024999987, -13.417020509999929 ], [ -74.240476608999984, -13.417484355999932 ], [ -74.240714903999958, -13.417875580999976 ], [ -74.24086323399996, -13.418119105999949 ], [ -74.241306608999935, -13.418337855999937 ], [ -74.241307336999967, -13.418338699999936 ], [ -74.24151760899997, -13.418581980999932 ], [ -74.241839858999981, -13.418691355999954 ], [ -74.242002102999948, -13.418785021999952 ], [ -74.242420037999977, -13.419030017999944 ], [ -74.243085110999971, -13.419180918999928 ], [ -74.243611233999957, -13.419302730999959 ], [ -74.243812172999981, -13.41956683899997 ], [ -74.24386003799998, -13.419630019999943 ], [ -74.24391959899998, -13.41966698899995 ], [ -74.244146483999941, -13.419810605999942 ], [ -74.244206289999966, -13.419804392999936 ], [ -74.244650037999975, -13.419760017999977 ], [ -74.245490037999957, -13.419880017999958 ], [ -74.24660003799994, -13.42028001999995 ], [ -74.246769442999948, -13.420314769999948 ], [ -74.246990233999952, -13.420361355999944 ], [ -74.247238233999951, -13.420343730999946 ], [ -74.24742385899998, -13.420171855999968 ], [ -74.248208983999973, -13.419904355999961 ], [ -74.248422600999959, -13.419696974999965 ], [ -74.248880037999982, -13.419260019999967 ], [ -74.249600037999983, -13.418230019999953 ], [ -74.250210037999977, -13.417870017999974 ], [ -74.250410037999984, -13.417880019999927 ], [ -74.251270037999973, -13.417590019999977 ], [ -74.251464006999981, -13.417556576999971 ], [ -74.251847608999981, -13.417492230999926 ], [ -74.252110897999955, -13.417579091999926 ], [ -74.252260037999974, -13.417630019999933 ], [ -74.252590037999937, -13.418130017999943 ], [ -74.252821350999966, -13.41830215899995 ], [ -74.253020037999988, -13.418450019999966 ], [ -74.253380037999989, -13.418460019999941 ], [ -74.253482532999953, -13.418432318999976 ], [ -74.253750037999964, -13.41836001799993 ], [ -74.254350037999984, -13.417910019999965 ], [ -74.255140037999979, -13.417130019999945 ], [ -74.255637588999946, -13.416780863999975 ], [ -74.256849608999971, -13.415933605999953 ], [ -74.257421858999976, -13.415744105999977 ], [ -74.25808623599994, -13.415806638999982 ], [ -74.258521483999971, -13.415847605999943 ], [ -74.258634481999934, -13.415759254999955 ], [ -74.258810037999979, -13.415620019999949 ], [ -74.258868305999954, -13.415553982999938 ], [ -74.25911003799996, -13.415280017999976 ], [ -74.259433323999986, -13.414551162999942 ], [ -74.259660037999936, -13.414040019999959 ], [ -74.259786782999981, -13.413508898999964 ], [ -74.259869108999965, -13.413156230999959 ], [ -74.260195358999965, -13.41225385599995 ], [ -74.26039812199997, -13.411985906999973 ], [ -74.260530037999956, -13.411810017999926 ], [ -74.260850037999944, -13.411200019999967 ], [ -74.260810037999988, -13.410320019999972 ], [ -74.260700037999982, -13.409870019999971 ], [ -74.260660106999978, -13.408312605999981 ], [ -74.260660037999969, -13.408310017999952 ], [ -74.260767090999934, -13.407614172999956 ], [ -74.260820483999964, -13.407265605999953 ], [ -74.260898492999956, -13.407046722999951 ], [ -74.260950037999976, -13.406900019999966 ], [ -74.261123033999979, -13.406584781999982 ], [ -74.261396483999988, -13.406081980999943 ], [ -74.261426526999969, -13.405746283999974 ], [ -74.261450037999964, -13.405450017999954 ], [ -74.260630037999988, -13.404710019999982 ], [ -74.260370037999962, -13.404390019999937 ], [ -74.260107645999938, -13.404308588999982 ], [ -74.259793508999962, -13.404211095999926 ], [ -74.259640047999937, -13.403819879999958 ], [ -74.259670037999967, -13.403420017999963 ], [ -74.259767748999934, -13.403141543999936 ], [ -74.259873108999955, -13.402849605999961 ], [ -74.260603483999944, -13.402290980999965 ], [ -74.260787149999942, -13.402209828999958 ], [ -74.260810037999988, -13.402200019999952 ], [ -74.261080037999989, -13.401790019999964 ], [ -74.261363891999963, -13.400826640999981 ], [ -74.261412108999934, -13.400665980999975 ], [ -74.261455338999951, -13.400558605999947 ], [ -74.261780037999984, -13.399760017999938 ], [ -74.261890037999933, -13.399150017999943 ], [ -74.261880283999972, -13.39884279599994 ], [ -74.261871108999969, -13.398515605999933 ], [ -74.261653305999971, -13.397840922999933 ], [ -74.261570037999945, -13.397580017999928 ], [ -74.261530037999989, -13.39724001999997 ], [ -74.261870037999984, -13.396840017999978 ], [ -74.261943713999983, -13.396480847999953 ], [ -74.261950272999968, -13.396449888999939 ], [ -74.262130037999952, -13.396350017999964 ], [ -74.262850037999954, -13.396280019999949 ], [ -74.263530037999942, -13.396090019999974 ], [ -74.263935737999986, -13.396080002999952 ], [ -74.264335983999956, -13.396072230999948 ], [ -74.264671512999939, -13.396180509999965 ], [ -74.264760037999963, -13.396210017999977 ], [ -74.265270037999983, -13.396200017999945 ], [ -74.265776930999948, -13.396242259999951 ], [ -74.266470037999966, -13.396300019999956 ], [ -74.266730037999935, -13.396320019999962 ], [ -74.267070037999986, -13.396240017999958 ], [ -74.267229780999969, -13.396140179999975 ], [ -74.267350037999961, -13.395970019999936 ], [ -74.267620037999961, -13.395150017999981 ], [ -74.268222078999941, -13.394518845999926 ], [ -74.268240037999988, -13.394500019999953 ], [ -74.269420037999964, -13.39425001799998 ], [ -74.269504153999947, -13.394185531999938 ], [ -74.269720037999946, -13.394020019999971 ], [ -74.270300037999959, -13.393740019999939 ], [ -74.270410037999966, -13.393670017999966 ], [ -74.27067423799997, -13.393493886999977 ], [ -74.270892608999986, -13.393351605999953 ], [ -74.271285686999988, -13.392964263999943 ], [ -74.271690037999974, -13.392570017999958 ], [ -74.27180474499994, -13.392490222999982 ], [ -74.271919983999965, -13.392414105999933 ], [ -74.272331403999942, -13.392309463999936 ], [ -74.272373108999943, -13.392298855999968 ], [ -74.273287108999966, -13.392218730999957 ], [ -74.27411995999995, -13.391796597999928 ], [ -74.273960783999939, -13.391133714999967 ], [ -74.273369858999956, -13.38865810599998 ], [ -74.273316733999934, -13.38653435599997 ], [ -74.273051233999979, -13.384198355999956 ], [ -74.272590733999948, -13.382495105999965 ], [ -74.271813108999936, -13.379870230999927 ], [ -74.27064648399994, -13.377342605999957 ], [ -74.268896483999981, -13.374814855999944 ], [ -74.267146608999951, -13.373842730999968 ], [ -74.265785733999962, -13.373648355999933 ], [ -74.263355108999974, -13.373745480999958 ], [ -74.260633108999968, -13.37306498099997 ], [ -74.259466483999972, -13.372384480999926 ], [ -74.258008233999988, -13.370926230999942 ], [ -74.257522108999979, -13.369467980999957 ], [ -74.256549983999946, -13.368106980999926 ], [ -74.254702858999963, -13.366162480999947 ], [ -74.251786358999937, -13.361593355999958 ], [ -74.249190483999939, -13.355631355999947 ], [ -74.248477108999964, -13.35453735599998 ], [ -74.247294858999965, -13.352546480999933 ], [ -74.246797108999942, -13.351799730999971 ], [ -74.246299358999977, -13.350866355999926 ], [ -74.245801608999955, -13.350430980999931 ], [ -74.244246233999945, -13.349746480999954 ], [ -74.243312733999971, -13.349186605999932 ], [ -74.24119748399994, -13.347631105999938 ], [ -74.240326358999937, -13.346386730999939 ], [ -74.238335358999961, -13.342217980999976 ], [ -74.237277608999989, -13.338547105999965 ], [ -74.23659323399994, -13.336742730999958 ], [ -74.237090983999963, -13.335311730999933 ], [ -74.23808648399995, -13.334253980999961 ], [ -74.239953108999941, -13.33363198099994 ], [ -74.241321858999981, -13.333382980999943 ], [ -74.242877358999976, -13.332947355999977 ], [ -74.244121733999975, -13.332262980999928 ], [ -74.244868358999952, -13.331267480999941 ], [ -74.24567723399997, -13.329960855999957 ], [ -74.246237233999977, -13.328467605999947 ], [ -74.246416364999959, -13.326928402999954 ], [ -74.246643487999961, -13.325978470999928 ], [ -74.246378678999974, -13.32349084599997 ], [ -74.245095121999952, -13.321594351999977 ], [ -74.244808098999954, -13.31992816099995 ], [ -74.244022610999934, -13.318193375999954 ], [ -74.243078242999957, -13.316719138999929 ], [ -74.242607627999973, -13.31547864099997 ], [ -74.242375211999956, -13.313929082999948 ], [ -74.241906774999961, -13.311991597999963 ], [ -74.241439065999941, -13.309821789999944 ], [ -74.241760188999933, -13.308273878999955 ], [ -74.242872530999989, -13.306573439999966 ], [ -74.243669522999937, -13.304562283999928 ], [ -74.244229520999966, -13.302472974999944 ], [ -74.244472016999964, -13.300769937999974 ], [ -74.244478973999946, -13.298524097999973 ], [ -74.244640235999952, -13.297517810999977 ], [ -74.244566438999982, -13.295813834999933 ], [ -74.244732731999989, -13.293181248999929 ], [ -74.244975690999979, -13.291323324999951 ], [ -74.245296998999947, -13.289697962999981 ], [ -74.245935530999986, -13.287763765999955 ], [ -74.246653360999971, -13.285752357999968 ], [ -74.246659092999948, -13.283893726999963 ], [ -74.246426670999938, -13.282344168999941 ], [ -74.246035401999961, -13.281026466999947 ], [ -74.245721526999944, -13.280251101999966 ], [ -74.244696063999982, -13.279473625999969 ], [ -74.242958295999983, -13.278926359999957 ], [ -74.241457492999984, -13.278457232999926 ], [ -74.240510153999935, -13.277989748999971 ], [ -74.240592828999979, -13.276828341999931 ], [ -74.240755770999954, -13.275279955999963 ], [ -74.240681278999944, -13.273808304999932 ], [ -74.240606303999982, -13.272491541999955 ], [ -74.240925444999959, -13.271563167999943 ], [ -74.241165278999972, -13.270712001999982 ], [ -74.241632750999941, -13.268418667999981 ], [ -74.241816430999961, -13.265892925999935 ], [ -74.242231715999935, -13.264286523999942 ], [ -74.242530301999977, -13.262507525999979 ], [ -74.242940422999936, -13.262566158999959 ], [ -74.243412889999945, -13.261419246999935 ], [ -74.245115172999988, -13.26062047299996 ], [ -74.245997563999936, -13.25958959999997 ], [ -74.24594549699998, -13.257465064999963 ], [ -74.246244574999935, -13.255513812999936 ], [ -74.246366924999961, -13.253849117999948 ], [ -74.246078990999933, -13.252183208999952 ], [ -74.245264977999966, -13.250056417999929 ], [ -74.244155084999989, -13.248847402999957 ], [ -74.24357323199996, -13.247467701999938 ], [ -74.243343576999962, -13.245916794999971 ], [ -74.243171295999957, -13.244767968999952 ], [ -74.241127141999982, -13.241723652999951 ], [ -74.240229983999939, -13.241699980999954 ], [ -74.239399983999988, -13.241549980999935 ], [ -74.239039983999987, -13.24102998099994 ], [ -74.238609983999936, -13.240789980999978 ], [ -74.238259983999967, -13.240389980999964 ], [ -74.237589983999953, -13.239159980999943 ], [ -74.236849983999946, -13.238619980999943 ], [ -74.235479983999937, -13.237989980999942 ], [ -74.234279983999954, -13.23777998099996 ], [ -74.233559983999953, -13.237499980999928 ], [ -74.232629983999971, -13.23759998099996 ], [ -74.232429983999964, -13.237569980999979 ], [ -74.232339983999964, -13.237389980999978 ], [ -74.232349983999939, -13.23699998099994 ], [ -74.232619983999939, -13.236259980999932 ], [ -74.232379983999977, -13.235449980999931 ], [ -74.231799983999963, -13.234989980999956 ], [ -74.230449983999961, -13.23425998099998 ], [ -74.229769983999972, -13.233459980999953 ], [ -74.22912998399994, -13.232459980999977 ], [ -74.22903998399994, -13.232209980999926 ], [ -74.227859983999963, -13.231309980999981 ], [ -74.227389983999956, -13.231109980999975 ], [ -74.226899983999942, -13.230999980999968 ], [ -74.225669983999978, -13.230889980999962 ], [ -74.224519983999983, -13.23087998099993 ], [ -74.222359983999979, -13.22980998099996 ], [ -74.222039983999935, -13.229529980999928 ], [ -74.221579983999959, -13.229219980999972 ], [ -74.221279983999978, -13.229109980999965 ], [ -74.220509983999989, -13.228199980999932 ], [ -74.220079983999938, -13.227829980999957 ], [ -74.218019983999966, -13.227089980999949 ], [ -74.217659983999965, -13.226909980999949 ], [ -74.217119983999964, -13.226109980999979 ], [ -74.216959983999971, -13.224939980999977 ], [ -74.216099983999982, -13.223069980999981 ], [ -74.215739983999981, -13.222879980999949 ], [ -74.21474998399998, -13.221709980999947 ], [ -74.214439983999966, -13.22150998099994 ], [ -74.213429983999958, -13.22114998099994 ], [ -74.212549983999963, -13.220989980999946 ], [ -74.211829983999962, -13.220689980999964 ], [ -74.211459983999987, -13.219899980999969 ], [ -74.211099983999986, -13.21941998099993 ], [ -74.210510002999968, -13.21882 ], [ -74.210539983999979, -13.218619980999961 ], [ -74.211089983999955, -13.217549980999934 ], [ -74.211379983999961, -13.21676998099997 ], [ -74.211809983999956, -13.21631998099997 ], [ -74.212319983999976, -13.216089980999982 ], [ -74.212439983999957, -13.215979980999975 ], [ -74.212939983999945, -13.214819980999948 ], [ -74.213049983999952, -13.213969980999934 ], [ -74.21301998399997, -13.213259980999965 ], [ -74.212809983999989, -13.21246998099997 ], [ -74.212759983999945, -13.211439980999955 ], [ -74.212189983999963, -13.21037998099996 ], [ -74.211749983999937, -13.209919980999928 ], [ -74.211459983999987, -13.209719980999978 ], [ -74.210949983999967, -13.209369980999952 ], [ -74.210619983999948, -13.209199980999927 ], [ -74.209489983999958, -13.208819980999976 ], [ -74.208869983999989, -13.208349980999969 ], [ -74.208259983999938, -13.20759998099993 ], [ -74.208249983999963, -13.20616998099996 ], [ -74.208019983999975, -13.205689980999978 ], [ -74.207739983999943, -13.20556998099994 ], [ -74.207279983999967, -13.20556998099994 ], [ -74.206499983999947, -13.20616998099996 ], [ -74.206189983999934, -13.206239980999953 ], [ -74.205509983999946, -13.206179980999934 ], [ -74.205029983999964, -13.206029980999972 ], [ -74.203949983999962, -13.205239980999977 ], [ -74.203119983999954, -13.205009980999932 ], [ -74.202769983999985, -13.204849980999938 ], [ -74.202639983999973, -13.204159980999975 ], [ -74.202469983999947, -13.203909980999981 ], [ -74.20208998399994, -13.203789980999943 ], [ -74.201829983999971, -13.203609980999943 ], [ -74.201689983999984, -13.203319980999936 ], [ -74.201499983999952, -13.202929980999954 ], [ -74.201339983999958, -13.202739980999979 ], [ -74.200449983999988, -13.20240998099996 ], [ -74.200289983999937, -13.202279980999947 ], [ -74.200100912999972, -13.20198643599997 ], [ -74.19898733499997, -13.201546152999981 ], [ -74.197958106999977, -13.202691238999932 ] ] ] ] } },
{ "type": "Feature", "properties": { "UBIGEO": "050106", "CCDD": "05", "CCPP": "01", "CCDI": "06", "DEPARTAMEN": "AYACUCHO", "PROVINCIA": "HUAMANGA", "DISTRITO": "OCROS", "OBJECTID": 450.0, "ESRI_OID": 454.0 }, "geometry": { "type": "MultiPolygon", "coordinates": [ [ [ [ -73.846509982999976, -13.259039980999944 ], [ -73.846388107999985, -13.260520105999944 ], [ -73.846445107999955, -13.261755355999981 ], [ -73.846464107999964, -13.26251548099998 ], [ -73.846389982999938, -13.26299998099995 ], [ -73.846389982999938, -13.26300260599993 ], [ -73.846389482999939, -13.263081605999957 ], [ -73.846388732999969, -13.263189230999956 ], [ -73.846379982999963, -13.264509980999946 ], [ -73.846752232999961, -13.266271230999962 ], [ -73.846789982999951, -13.266449980999937 ], [ -73.846949982999945, -13.267959980999933 ], [ -73.846869982999976, -13.269169980999948 ], [ -73.846964857999978, -13.269636355999978 ], [ -73.847109982999939, -13.270349980999981 ], [ -73.847639982999965, -13.272229980999953 ], [ -73.848284482999986, -13.274095480999961 ], [ -73.848399982999979, -13.274429980999969 ], [ -73.84851998299996, -13.274609980999969 ], [ -73.848539982999966, -13.274799980999944 ], [ -73.849279982999974, -13.275939980999965 ], [ -73.84931123299998, -13.275990730999979 ], [ -73.850763607999966, -13.277328355999941 ], [ -73.851783482999963, -13.278807105999931 ], [ -73.853619107999975, -13.279571980999947 ], [ -73.854485982999961, -13.280591855999944 ], [ -73.854740982999942, -13.281764730999953 ], [ -73.855352857999947, -13.282988480999961 ], [ -73.85576085799994, -13.283753355999977 ], [ -73.856321732999959, -13.284110355999928 ], [ -73.856882607999978, -13.284416355999952 ], [ -73.857698607999964, -13.284977230999971 ], [ -73.858820357999946, -13.285232230999952 ], [ -73.860095232999981, -13.285691105999945 ], [ -73.862083857999949, -13.286710980999942 ], [ -73.863562607999938, -13.287781730999939 ], [ -73.864633482999977, -13.288852605999978 ], [ -73.865806357999986, -13.289566480999952 ], [ -73.86601023299994, -13.29073935599996 ], [ -73.865857357999971, -13.292575105999958 ], [ -73.865755357999944, -13.293900855999937 ], [ -73.866112232999967, -13.294359855999971 ], [ -73.866724232999957, -13.294920730999934 ], [ -73.866979107999953, -13.296195480999927 ], [ -73.867336107999961, -13.297419355999978 ], [ -73.867438107999988, -13.298949105999952 ], [ -73.867489107999972, -13.300070980999976 ], [ -73.867642107999984, -13.301396730999954 ], [ -73.868151982999962, -13.302416605999952 ], [ -73.868151982999962, -13.303844355999956 ], [ -73.867540107999957, -13.304609230999972 ], [ -73.866775232999942, -13.305323105999946 ], [ -73.866112232999967, -13.305986105999978 ], [ -73.864990482999985, -13.306750980999936 ], [ -73.86422560799997, -13.307311855999956 ], [ -73.862695732999953, -13.308127730999956 ], [ -73.861369982999975, -13.308535605999964 ], [ -73.860503107999989, -13.30843373099998 ], [ -73.859126357999969, -13.30884160599993 ], [ -73.858106482999972, -13.309351480999965 ], [ -73.856831732999979, -13.309300605999965 ], [ -73.85565885799997, -13.30924960599998 ], [ -73.854364732999954, -13.309389855999939 ], [ -73.853042107999954, -13.309481605999963 ], [ -73.85146223299995, -13.309481605999963 ], [ -73.850074982999956, -13.309250480999935 ], [ -73.849399357999971, -13.309150355999975 ], [ -73.848918857999934, -13.308595355999955 ], [ -73.848302357999955, -13.308055855999953 ], [ -73.847724357999937, -13.307747605999964 ], [ -73.846606857999973, -13.307169605999945 ], [ -73.845913232999976, -13.306784230999938 ], [ -73.844988357999966, -13.306630105999943 ], [ -73.844063482999957, -13.306591480999941 ], [ -73.843138732999989, -13.306630105999943 ], [ -73.841859982999949, -13.306629855999972 ], [ -73.840017357999955, -13.30574373099995 ], [ -73.839050732999965, -13.305297105999955 ], [ -73.838360357999989, -13.305358480999928 ], [ -73.837396982999962, -13.305512605999979 ], [ -73.836703357999966, -13.305666730999974 ], [ -73.836240982999982, -13.305782355999952 ], [ -73.835470232999967, -13.305705230999934 ], [ -73.834660982999935, -13.305589605999955 ], [ -73.83385173299996, -13.305396980999944 ], [ -73.833389357999977, -13.304549230999953 ], [ -73.832348857999989, -13.303971105999949 ], [ -73.831847982999989, -13.304009730999951 ], [ -73.831038732999957, -13.304086730999927 ], [ -73.830460732999939, -13.303778480999938 ], [ -73.829882732999977, -13.303739980999978 ], [ -73.828803732999972, -13.304086730999927 ], [ -73.827763232999985, -13.304780355999981 ], [ -73.826645732999964, -13.305204230999948 ], [ -73.825065857999959, -13.305358480999928 ], [ -73.823601482999948, -13.305512605999979 ], [ -73.822792232999973, -13.305782355999952 ], [ -73.821597732999976, -13.306283230999952 ], [ -73.820672857999966, -13.306321730999969 ], [ -73.81967098299998, -13.306244730999936 ], [ -73.818707607999954, -13.306283230999952 ], [ -73.817667107999966, -13.306167605999974 ], [ -73.816857857999935, -13.306475980999949 ], [ -73.815740357999971, -13.306707105999976 ], [ -73.815123857999936, -13.306976855999949 ], [ -73.814083357999948, -13.307516355999951 ], [ -73.81346685799997, -13.308132980999972 ], [ -73.812888857999951, -13.308903605999944 ], [ -73.812272232999987, -13.309789980999938 ], [ -73.811540107999974, -13.310444980999932 ], [ -73.811000607999972, -13.310984480999934 ], [ -73.810268482999959, -13.311562480999953 ], [ -73.809690357999955, -13.312217605999933 ], [ -73.809382107999966, -13.312718605999976 ], [ -73.808958232999942, -13.313258105999978 ], [ -73.808341732999963, -13.313758980999978 ], [ -73.807529982999938, -13.314639980999971 ], [ -73.807045482999968, -13.314831605999927 ], [ -73.80748985799994, -13.315030855999964 ], [ -73.80802048299995, -13.315126605999978 ], [ -73.809265607999976, -13.315148480999937 ], [ -73.810108107999952, -13.314741980999941 ], [ -73.811054107999951, -13.314388730999951 ], [ -73.81161098299998, -13.314180730999965 ], [ -73.812124482999934, -13.314153230999977 ], [ -73.812927232999982, -13.314431480999929 ], [ -73.81351585799996, -13.314870355999972 ], [ -73.814136607999956, -13.315790855999978 ], [ -73.814618232999976, -13.31626173099994 ], [ -73.815185607999979, -13.316636355999947 ], [ -73.81598835799997, -13.317043105999971 ], [ -73.816865982999957, -13.317332105999981 ], [ -73.817679482999949, -13.317492605999973 ], [ -73.81925285799997, -13.317503355999975 ], [ -73.819841482999948, -13.31764248099995 ], [ -73.820365982999988, -13.31786723099998 ], [ -73.820729857999936, -13.318102855999939 ], [ -73.821393482999952, -13.318798480999931 ], [ -73.82214285799995, -13.31981523099995 ], [ -73.822335357999975, -13.320371855999952 ], [ -73.822636857999953, -13.321242980999955 ], [ -73.82300960799995, -13.32336873099996 ], [ -73.823207607999962, -13.324497605999966 ], [ -73.823469857999953, -13.325017105999962 ], [ -73.823769607999964, -13.325305980999929 ], [ -73.824165607999987, -13.325530855999943 ], [ -73.825032607999958, -13.325819730999967 ], [ -73.825505482999972, -13.325977480999939 ], [ -73.826199232999954, -13.32602310599998 ], [ -73.826969857999984, -13.325990980999961 ], [ -73.827665607999961, -13.326151605999939 ], [ -73.828318482999975, -13.326494105999927 ], [ -73.829709857999944, -13.327607230999945 ], [ -73.831229732999986, -13.329030730999932 ], [ -73.831606982999972, -13.329446480999934 ], [ -73.832098357999939, -13.330156980999959 ], [ -73.831986232999952, -13.330664480999928 ], [ -73.831366607999939, -13.331193355999972 ], [ -73.830887857999983, -13.331601855999963 ], [ -73.829689232999954, -13.332902730999933 ], [ -73.829432732999976, -13.334483980999948 ], [ -73.829112232999989, -13.334831230999953 ], [ -73.828503232999935, -13.335290605999944 ], [ -73.828305732999979, -13.335493605999943 ], [ -73.828145357999972, -13.335830105999946 ], [ -73.828050857999983, -13.336341730999948 ], [ -73.828051357999982, -13.336352980999948 ], [ -73.828049982999971, -13.33635998099993 ], [ -73.827989982999952, -13.336509980999949 ], [ -73.828049982999971, -13.336859980999975 ], [ -73.828331982999941, -13.337286855999935 ], [ -73.828344232999939, -13.337305605999973 ], [ -73.828381732999958, -13.337362230999929 ], [ -73.82839998299994, -13.337389980999944 ], [ -73.828428607999967, -13.337416855999948 ], [ -73.828833857999939, -13.337737855999933 ], [ -73.829374732999952, -13.33833885599995 ], [ -73.829648482999971, -13.338792980999926 ], [ -73.829922232999934, -13.339393855999958 ], [ -73.830171107999945, -13.339940605999971 ], [ -73.830222732999971, -13.340308730999936 ], [ -73.830195982999953, -13.340662605999967 ], [ -73.830101857999978, -13.340872105999949 ], [ -73.830099982999968, -13.340879980999944 ], [ -73.830089982999937, -13.341199980999932 ], [ -73.83005473299994, -13.341319230999943 ], [ -73.829931232999968, -13.341735855999957 ], [ -73.829849982999974, -13.342009980999933 ], [ -73.829709982999987, -13.342309980999971 ], [ -73.829557982999972, -13.342540605999943 ], [ -73.829422607999959, -13.342746105999936 ], [ -73.829421107999963, -13.342748480999944 ], [ -73.82941998299998, -13.342750105999926 ], [ -73.829294607999941, -13.343166605999954 ], [ -73.828920607999976, -13.343774355999926 ], [ -73.828666857999963, -13.34453548099998 ], [ -73.828640107999945, -13.345116480999934 ], [ -73.828626982999936, -13.345369605999963 ], [ -73.828599982999947, -13.345829980999952 ], [ -73.828739982999934, -13.347269980999954 ], [ -73.829269982999961, -13.348919980999938 ], [ -73.829529982999986, -13.349459980999939 ], [ -73.830819982999969, -13.351189980999948 ], [ -73.831290482999975, -13.351612355999976 ], [ -73.831307607999975, -13.351627855999936 ], [ -73.831309982999983, -13.351629980999974 ], [ -73.831317107999951, -13.351646355999947 ], [ -73.831604982999977, -13.352401605999944 ], [ -73.83159810799998, -13.35300923099993 ], [ -73.83137710799997, -13.355186855999932 ], [ -73.831477232999987, -13.355946480999933 ], [ -73.831702607999944, -13.356922980999968 ], [ -73.831944607999958, -13.357624105999946 ], [ -73.832320232999962, -13.358959605999928 ], [ -73.832545607999975, -13.359443730999942 ], [ -73.832929607999972, -13.359986355999979 ], [ -73.833447107999973, -13.360436980999964 ], [ -73.833666232999974, -13.360511105999933 ], [ -73.833949982999968, -13.360609980999982 ], [ -73.834829982999963, -13.361149980999926 ], [ -73.835309982999945, -13.361899980999965 ], [ -73.835449983, -13.362219980999953 ], [ -73.835439982999958, -13.363339980999967 ], [ -73.834789982999951, -13.364909980999926 ], [ -73.834559982999963, -13.365639980999958 ], [ -73.83451998299995, -13.367579980999949 ], [ -73.834629982999957, -13.368179980999969 ], [ -73.83493998299997, -13.368819980999945 ], [ -73.836589982999953, -13.371059980999974 ], [ -73.837459982999974, -13.372359980999931 ], [ -73.837819982999974, -13.373239980999927 ], [ -73.837959982999962, -13.373739980999972 ], [ -73.838069982999968, -13.374899980999942 ], [ -73.838059982999937, -13.375959980999937 ], [ -73.838209982999956, -13.37659998099997 ], [ -73.838465482999936, -13.378669730999945 ], [ -73.838499982999963, -13.378949980999948 ], [ -73.838486607999982, -13.379268355999955 ], [ -73.838419982999937, -13.380839980999951 ], [ -73.838115357999982, -13.382533480999939 ], [ -73.837989982999943, -13.383229980999943 ], [ -73.837969732999966, -13.383723980999946 ], [ -73.837959982999962, -13.383959980999975 ], [ -73.837983607999945, -13.384118605999959 ], [ -73.838004982999962, -13.384261855999966 ], [ -73.838012732999971, -13.384313855999949 ], [ -73.838029990999985, -13.384430039999927 ], [ -73.83806623299995, -13.384688105999942 ], [ -73.838069982999968, -13.384699980999926 ], [ -73.838129982999988, -13.385139980999952 ], [ -73.838529982999944, -13.386249980999935 ], [ -73.838804857999946, -13.386633355999948 ], [ -73.838909982999951, -13.386779980999961 ], [ -73.841209982999942, -13.388809980999952 ], [ -73.841508982999983, -13.389022230999956 ], [ -73.841625357999988, -13.389104730999975 ], [ -73.841671357999985, -13.389137480999977 ], [ -73.841696857999978, -13.389155480999932 ], [ -73.841774982999937, -13.389210980999962 ], [ -73.841829982999968, -13.389249980999978 ], [ -73.841851482999971, -13.389261730999976 ], [ -73.842211732999942, -13.389405980999982 ], [ -73.842504482999971, -13.389633605999961 ], [ -73.843366482999954, -13.390780355999937 ], [ -73.84409035799996, -13.391951355999936 ], [ -73.844816357999946, -13.393125980999969 ], [ -73.845325857999967, -13.393950480999933 ], [ -73.846595107999974, -13.396350980999955 ], [ -73.846960982999974, -13.397432605999938 ], [ -73.847042357999953, -13.397969230999934 ], [ -73.84712660799994, -13.398525480999979 ], [ -73.847156232999964, -13.399075230999927 ], [ -73.847196107999935, -13.399439230999974 ], [ -73.847341607999965, -13.399945105999961 ], [ -73.847366857999987, -13.400308730999939 ], [ -73.847445982999943, -13.400918980999961 ], [ -73.84740173299997, -13.401475355999935 ], [ -73.847221482999942, -13.401801105999937 ], [ -73.847044232999963, -13.402121355999952 ], [ -73.846513232999939, -13.402534605999961 ], [ -73.845874482999989, -13.402777980999929 ], [ -73.844657232999964, -13.403084730999979 ], [ -73.84393285799996, -13.403216105999945 ], [ -73.843371482999942, -13.40326823099997 ], [ -73.843339982999964, -13.403269980999937 ], [ -73.843337357999985, -13.403271355999948 ], [ -73.842849982999951, -13.403519980999931 ], [ -73.842790482999987, -13.403545230999953 ], [ -73.842525982999973, -13.40367798099993 ], [ -73.842137482999988, -13.40399673099995 ], [ -73.841978357999949, -13.404356355999937 ], [ -73.841984232999948, -13.404733605999979 ], [ -73.842237732999934, -13.405140355999947 ], [ -73.842927482999983, -13.405812355999956 ], [ -73.843086607999965, -13.40609535599998 ], [ -73.843192732999967, -13.406519605999961 ], [ -73.843133732999945, -13.406902855999931 ], [ -73.841754232999961, -13.408871730999977 ], [ -73.840822982999953, -13.410422105999942 ], [ -73.840304232999983, -13.411041105999971 ], [ -73.839337482999952, -13.411895855999944 ], [ -73.838782232999961, -13.412386855999955 ], [ -73.83844148299994, -13.412821355999938 ], [ -73.837409857999944, -13.415096730999949 ], [ -73.836861607999936, -13.416564605999952 ], [ -73.836873482999977, -13.417065605999937 ], [ -73.83714460799996, -13.417372230999945 ], [ -73.837415732999943, -13.417548980999982 ], [ -73.837863732999949, -13.41775535599993 ], [ -73.838842357999965, -13.418055980999952 ], [ -73.83917835799997, -13.418333105999977 ], [ -73.839337482999952, -13.418710355999963 ], [ -73.83934923299995, -13.419087605999948 ], [ -73.83930210799997, -13.419453105999935 ], [ -73.839195982999968, -13.419706605999977 ], [ -73.838724357999979, -13.420390355999928 ], [ -73.83714460799996, -13.422365105999972 ], [ -73.836914607999972, -13.42279548099998 ], [ -73.83656098299997, -13.424027480999939 ], [ -73.836283982999987, -13.42459323099996 ], [ -73.835924357999943, -13.424970730999974 ], [ -73.835529357999974, -13.425230105999958 ], [ -73.834957607999968, -13.425365605999957 ], [ -73.833336482999982, -13.425507105999941 ], [ -73.832823607999956, -13.425772355999982 ], [ -73.832357982999952, -13.42630285599995 ], [ -73.832027857999947, -13.42683348099996 ], [ -73.831827607999969, -13.427416980999965 ], [ -73.831497357999979, -13.42825998099994 ], [ -73.83107873299997, -13.429085230999931 ], [ -73.830748607999965, -13.429480230999957 ], [ -73.830017732999977, -13.430004855999982 ], [ -73.82962860799995, -13.430429355999934 ], [ -73.828785607999976, -13.432156480999936 ], [ -73.828166732999989, -13.432875730999967 ], [ -73.82789910799994, -13.43306998099996 ], [ -73.827829982999958, -13.433119980999948 ], [ -73.827490000999944, -13.43358995799997 ], [ -73.827389982999989, -13.433739980999974 ], [ -73.827376976999972, -13.434351326999945 ], [ -73.827358357999969, -13.435226605999958 ], [ -73.827349982999976, -13.435619980999945 ], [ -73.827179982999951, -13.436579980999966 ], [ -73.827229982999938, -13.436949980999941 ], [ -73.827829982999958, -13.437799980999955 ], [ -73.82899998299996, -13.439229980999926 ], [ -73.829385357999968, -13.439866980999966 ], [ -73.829437482999936, -13.439953105999962 ], [ -73.829484482999987, -13.440030855999964 ], [ -73.829489982999974, -13.440039980999927 ], [ -73.829492482999967, -13.440043980999974 ], [ -73.829531232999955, -13.441077605999965 ], [ -73.828687982999952, -13.442844355999966 ], [ -73.828621107999936, -13.443915105999963 ], [ -73.829049357999963, -13.445226730999934 ], [ -73.829959482999982, -13.446484855999927 ], [ -73.830615232999946, -13.447140855999976 ], [ -73.832636357999945, -13.448760230999937 ], [ -73.833600107999985, -13.44918860599995 ], [ -73.834416482999984, -13.449670355999956 ], [ -73.835433732999945, -13.450366355999961 ], [ -73.836357232999944, -13.451263105999942 ], [ -73.837173732999986, -13.452534730999957 ], [ -73.838097232999985, -13.453203855999959 ], [ -73.838378357999943, -13.453605480999954 ], [ -73.838552357999959, -13.454167605999942 ], [ -73.838672732999953, -13.455238480999981 ], [ -73.838953857999968, -13.456376105999936 ], [ -73.838445232999959, -13.45752710599993 ], [ -73.83740123299998, -13.458517480999944 ], [ -73.836665107999977, -13.458905730999959 ], [ -73.835647982999944, -13.460083605999955 ], [ -73.834135482999955, -13.461435355999981 ], [ -73.833953107999946, -13.462572230999967 ], [ -73.834041732999935, -13.463536730999976 ], [ -73.834296107999933, -13.464553980999938 ], [ -73.834403107999947, -13.465343730999962 ], [ -73.834777982999981, -13.465905730999964 ], [ -73.834911732999956, -13.466882855999927 ], [ -73.835005482999975, -13.46822110599993 ], [ -73.835005482999975, -13.469546355999967 ], [ -73.834799062999934, -13.47017582899997 ], [ -73.835380191999946, -13.470359644999974 ], [ -73.835980191999965, -13.47057964499993 ], [ -73.836700191999967, -13.470539644999974 ], [ -73.837570191999987, -13.470079644999942 ], [ -73.840820191999967, -13.469109644999946 ], [ -73.841540191999968, -13.468789644999958 ], [ -73.84184019199995, -13.468709644999933 ], [ -73.842080191999969, -13.468719644999965 ], [ -73.843030191999958, -13.468969644999959 ], [ -73.84369019199994, -13.469069644999934 ], [ -73.846090191999963, -13.468729644999939 ], [ -73.847580191999953, -13.468689644999927 ], [ -73.84874019199998, -13.468629644999965 ], [ -73.850890191999952, -13.468919644999971 ], [ -73.851860191999947, -13.468889644999933 ], [ -73.853220191999981, -13.468619644999933 ], [ -73.854340191999938, -13.468189644999939 ], [ -73.856630191999955, -13.466939644999968 ], [ -73.858680193999987, -13.466199644999961 ], [ -73.859440191999965, -13.466039644999967 ], [ -73.860800193999978, -13.46592964499996 ], [ -73.862870191999946, -13.465609644999972 ], [ -73.864260191999961, -13.465229644999965 ], [ -73.865030191999949, -13.465229644999965 ], [ -73.867220191999934, -13.465899644999979 ], [ -73.869120191999968, -13.466679644999942 ], [ -73.870400191999977, -13.467079644999956 ], [ -73.872500191999961, -13.467949644999976 ], [ -73.874150191999945, -13.469149644999959 ], [ -73.87536019199996, -13.470249644999967 ], [ -73.875830193999946, -13.470769644999962 ], [ -73.876800193999941, -13.472219644999939 ], [ -73.877590168999973, -13.473209621999956 ], [ -73.878480191999984, -13.473279644999934 ], [ -73.879510191999941, -13.473289644999966 ], [ -73.88008019199998, -13.473439644999928 ], [ -73.880640191999987, -13.473669644999973 ], [ -73.880950191999943, -13.473879644999954 ], [ -73.881540191999989, -13.474279644999967 ], [ -73.88282019199994, -13.475249644999963 ], [ -73.88369019199996, -13.476039644999958 ], [ -73.884510191999937, -13.477259644999947 ], [ -73.884410191999962, -13.478389644999936 ], [ -73.884490191999987, -13.478939644999969 ], [ -73.884670191999987, -13.479199644999937 ], [ -73.885410191999938, -13.479619644999957 ], [ -73.88640019199994, -13.480529644999933 ], [ -73.886450191999984, -13.480689644999927 ], [ -73.886450191999984, -13.481649644999948 ], [ -73.887130191999972, -13.482789644999968 ], [ -73.887380191999966, -13.48335964499995 ], [ -73.88796019199998, -13.483979644999977 ], [ -73.888970191999988, -13.484349644999952 ], [ -73.889510191999989, -13.484379644999933 ], [ -73.890370191999978, -13.484629644999927 ], [ -73.890850191999959, -13.484909644999959 ], [ -73.891400191999935, -13.484989644999928 ], [ -73.892050191999942, -13.484989644999928 ], [ -73.892900191999956, -13.485119644999941 ], [ -73.894690191999985, -13.48622964499998 ], [ -73.895540191999942, -13.486369644999968 ], [ -73.896010191999949, -13.486309644999949 ], [ -73.896560191999981, -13.486089644999936 ], [ -73.897790191999945, -13.484959644999947 ], [ -73.898370191999959, -13.484159644999977 ], [ -73.899170191999985, -13.483349644999976 ], [ -73.899890191999987, -13.482769644999962 ], [ -73.900400193999985, -13.48248964499993 ], [ -73.901170191999938, -13.482499644999962 ], [ -73.902260191999972, -13.48281964499995 ], [ -73.903230191999967, -13.483189644999982 ], [ -73.904090191999956, -13.483409644999938 ], [ -73.905550191999964, -13.483409644999938 ], [ -73.906910191999941, -13.48457964499994 ], [ -73.907220193999933, -13.485219644999972 ], [ -73.907650191999949, -13.48642964499993 ], [ -73.907910191999974, -13.486889644999962 ], [ -73.90864019199995, -13.487309644999982 ], [ -73.909700191999946, -13.487759644999926 ], [ -73.910200191999934, -13.488059644999964 ], [ -73.912060191999956, -13.489739644999929 ], [ -73.912390191999975, -13.490119644999936 ], [ -73.913080191999939, -13.490719644999956 ], [ -73.913930191999953, -13.491239644999951 ], [ -73.914320191999934, -13.491489644999945 ], [ -73.916280191999988, -13.493389644999979 ], [ -73.917390191999971, -13.494189644999949 ], [ -73.918950191999954, -13.494939644999931 ], [ -73.919810191999943, -13.495569644999932 ], [ -73.920810191999976, -13.496549644999959 ], [ -73.921750191999934, -13.497279644999935 ], [ -73.922680191999973, -13.497829644999968 ], [ -73.923969137999961, -13.498499090999928 ], [ -73.926082014999963, -13.499363215999949 ], [ -73.927547816999947, -13.499560853999981 ], [ -73.930188654999938, -13.499380765999945 ], [ -73.931559238999967, -13.499003875999961 ], [ -73.933322203999978, -13.498341593999953 ], [ -73.935773410999957, -13.496821066999928 ], [ -73.936944187999984, -13.497400134999964 ], [ -73.938506076999943, -13.497980851999955 ], [ -73.941438121999965, -13.498280295999962 ], [ -73.943098648999978, -13.498670033999929 ], [ -73.945640863999984, -13.498680732999958 ], [ -73.947106686999973, -13.498878260999959 ], [ -73.949243705999947, -13.499574420999977 ], [ -73.95061620599995, -13.500301045999947 ], [ -73.952150080999957, -13.500946920999979 ], [ -73.954329955999981, -13.501189170999965 ], [ -73.957317203999935, -13.501269795999974 ], [ -73.959093328999984, -13.501108420999969 ], [ -73.959870828999954, -13.500895420999939 ], [ -73.962450779999983, -13.50056884299994 ], [ -73.964211211999952, -13.500480435999975 ], [ -73.965972055999941, -13.500296332999937 ], [ -73.967833553999981, -13.499442840999961 ], [ -73.969209432999946, -13.497821859999931 ], [ -73.971071311999935, -13.496872658999962 ], [ -73.974497201999952, -13.496025523999947 ], [ -73.977088627999933, -13.495300744999952 ], [ -73.977531965999958, -13.495176748999938 ], [ -73.977050412999972, -13.493452457999979 ], [ -73.976786695999976, -13.492601119999961 ], [ -73.976278801999968, -13.490961502999937 ], [ -73.976286951999953, -13.48904783699993 ], [ -73.976209953999955, -13.48731817099997 ], [ -73.976486705999946, -13.486397545999978 ], [ -73.977381080999976, -13.485550295999928 ], [ -73.978840330999958, -13.484326420999935 ], [ -73.980723205999936, -13.483385045999967 ], [ -73.981805828999939, -13.482820170999958 ], [ -73.982888455999955, -13.482302420999929 ], [ -73.983985205999943, -13.48157017099993 ], [ -73.986499580999975, -13.481106547999957 ], [ -73.988485455999978, -13.481180045999963 ], [ -73.990471205999938, -13.480885795999939 ], [ -73.991647830999966, -13.479709045999982 ], [ -73.99238345599997, -13.478385170999957 ], [ -73.99275120599998, -13.477208422999979 ], [ -73.992162830999973, -13.476105170999972 ], [ -73.991280330999984, -13.475663920999978 ], [ -73.989073830999985, -13.474560545999964 ], [ -73.987529330999962, -13.473457420999978 ], [ -73.985911205999969, -13.471986545999926 ], [ -73.985322830999962, -13.470883295999954 ], [ -73.985102205999965, -13.468750420999982 ], [ -73.983979455999986, -13.466056545999948 ], [ -73.983631205999984, -13.462645920999933 ], [ -73.984034336999969, -13.461374511999963 ], [ -73.98657400899998, -13.460958111999958 ], [ -73.988826182999958, -13.460106008999958 ], [ -73.990886424999985, -13.458391945999949 ], [ -73.992455824999979, -13.457154324999976 ], [ -73.994419053999934, -13.455248468999969 ], [ -73.992513326999983, -13.441334636999954 ], [ -73.956847893999964, -13.419861390999927 ], [ -73.956659139999942, -13.419747748999953 ], [ -73.956297232999987, -13.417104730999938 ], [ -73.956334107999965, -13.414734980999981 ], [ -73.956406232999939, -13.409298855999964 ], [ -73.956162107999944, -13.408050730999946 ], [ -73.956558607999966, -13.404761730999951 ], [ -73.956414107999933, -13.403685605999954 ], [ -73.955581982999945, -13.40191798099994 ], [ -73.955657119999955, -13.400240320999956 ], [ -73.956027242999937, -13.398711047999939 ], [ -73.95638003199997, -13.397687871999949 ], [ -73.957438982999975, -13.396605355999952 ], [ -73.958555732999969, -13.395051105999926 ], [ -73.959337857999969, -13.393291355999963 ], [ -73.959598607999965, -13.392378980999979 ], [ -73.961227982999958, -13.390228105999938 ], [ -73.96207523299995, -13.388142480999932 ], [ -73.962531482999964, -13.384166855999979 ], [ -73.962857357999951, -13.380386605999945 ], [ -73.962335982999946, -13.377975105999951 ], [ -73.961553857999945, -13.376736730999937 ], [ -73.96011998299997, -13.375302855999962 ], [ -73.958620982999946, -13.374129730999982 ], [ -73.957643357999984, -13.373282480999933 ], [ -73.957386256999939, -13.372736232999955 ], [ -73.957121857999937, -13.372174480999945 ], [ -73.957121857999937, -13.371196855999926 ], [ -73.956861232999984, -13.370349480999948 ], [ -73.956013857999949, -13.368980855999951 ], [ -73.955492482999944, -13.367090730999962 ], [ -73.955214857999977, -13.365165980999961 ], [ -73.955318107999972, -13.364810355999964 ], [ -73.955418232999989, -13.363809105999962 ], [ -73.955618482999967, -13.361039605999963 ], [ -73.955751857999985, -13.360272105999968 ], [ -73.955785232999972, -13.359704730999965 ], [ -73.955151232999981, -13.358803730999966 ], [ -73.954049982999948, -13.357836105999979 ], [ -73.952448232999984, -13.356768230999933 ], [ -73.951447232999953, -13.356167605999929 ], [ -73.950479482999981, -13.35526660599993 ], [ -73.948944482999934, -13.354065230999936 ], [ -73.948110357999951, -13.353364480999971 ], [ -73.947309357999984, -13.352396730999942 ], [ -73.946441732999972, -13.351562480999974 ], [ -73.945440607999956, -13.350828355999965 ], [ -73.944673107999961, -13.350494605999927 ], [ -73.943705357999988, -13.349860605999936 ], [ -73.943138107999971, -13.348659355999928 ], [ -73.942604107999955, -13.346957480999947 ], [ -73.942470607999951, -13.345889605999957 ], [ -73.942537357999981, -13.345322480999926 ], [ -73.942537357999981, -13.344988605999959 ], [ -73.942303857999946, -13.344354605999968 ], [ -73.942003482999951, -13.343370105999952 ], [ -73.941936732999977, -13.342369105999978 ], [ -73.942203732999985, -13.341534855999953 ], [ -73.942503982999938, -13.340400230999933 ], [ -73.942437232999964, -13.339198855999939 ], [ -73.942203732999985, -13.338831980999942 ], [ -73.941502982999964, -13.337930855999957 ], [ -73.940401732999987, -13.336329105999937 ], [ -73.939934482999945, -13.335127730999943 ], [ -73.938966857999958, -13.334326855999961 ], [ -73.938110232999975, -13.333351855999979 ], [ -73.937561357999982, -13.332253980999951 ], [ -73.936134232999962, -13.330991605999941 ], [ -73.935146232999955, -13.33033298099997 ], [ -73.933993482999938, -13.328466730999935 ], [ -73.933170232999942, -13.327643355999953 ], [ -73.932072482999956, -13.32714935599995 ], [ -73.930755107999971, -13.326655480999932 ], [ -73.928724232999969, -13.325447855999926 ], [ -73.92713248299998, -13.324843980999958 ], [ -73.926034732999938, -13.324459855999976 ], [ -73.925540732999934, -13.324075605999951 ], [ -73.925066357999981, -13.323142730999962 ], [ -73.924113607999971, -13.321331105999946 ], [ -73.922905982999964, -13.319519855999943 ], [ -73.922466732999965, -13.31880623099994 ], [ -73.921369107999965, -13.316061855999976 ], [ -73.920600732999958, -13.31507385599997 ], [ -73.920326232999969, -13.314140730999952 ], [ -73.92027135799998, -13.313152730999946 ], [ -73.919832232999966, -13.311341355999957 ], [ -73.919447982999941, -13.30914585599993 ], [ -73.919667607999941, -13.307773730999941 ], [ -73.920820232999972, -13.306675730999928 ], [ -73.921643607999954, -13.306181730999981 ], [ -73.922411982999961, -13.305742730999953 ], [ -73.922796357999971, -13.305248730999949 ], [ -73.923893982999971, -13.303162855999972 ], [ -73.924936857999967, -13.301461355999948 ], [ -73.92565048299997, -13.300363605999962 ], [ -73.925924857999973, -13.299046355999963 ], [ -73.925705357999959, -13.297838605999971 ], [ -73.925156482999967, -13.295972480999978 ], [ -73.924662482999963, -13.294874480999965 ], [ -73.923290232999989, -13.292843730999948 ], [ -73.922045340999944, -13.291793664999943 ], [ -73.923103758999957, -13.289447494999933 ], [ -73.923237732999951, -13.288681994999934 ], [ -73.923462404999952, -13.287435210999945 ], [ -73.923619607999967, -13.286586480999972 ], [ -73.92394885799996, -13.28543360599997 ], [ -73.924604357999954, -13.285041730999978 ], [ -73.924257482999963, -13.284918105999964 ], [ -73.923808232999988, -13.284895605999964 ], [ -73.922999732999983, -13.284468855999933 ], [ -73.922146357999964, -13.283952355999929 ], [ -73.921607232999975, -13.283480730999941 ], [ -73.921068232999971, -13.282335230999934 ], [ -73.92066398299994, -13.28107760599994 ], [ -73.919810607999977, -13.279640230999973 ], [ -73.919091857999945, -13.278494730999967 ], [ -73.918215982999982, -13.278135480999936 ], [ -73.91707060799996, -13.277663855999947 ], [ -73.915700607999952, -13.277551480999932 ], [ -73.914487732999987, -13.277753605999976 ], [ -73.913117857999964, -13.277798605999976 ], [ -73.912241857999959, -13.277798605999976 ], [ -73.911073982999937, -13.278023105999978 ], [ -73.910063357999945, -13.278382480999937 ], [ -73.909591732999957, -13.278584605999981 ], [ -73.909007857999939, -13.278584605999981 ], [ -73.907907357999989, -13.278225230999965 ], [ -73.906964107999954, -13.277978230999963 ], [ -73.905279607999944, -13.278000730999963 ], [ -73.904224107999937, -13.27815785599995 ], [ -73.903123607999987, -13.278270230999965 ], [ -73.901775982999936, -13.27829260599998 ], [ -73.900922607999973, -13.278427355999952 ], [ -73.899552607999965, -13.278921480999941 ], [ -73.898586857999987, -13.279011355999955 ], [ -73.897576232999938, -13.278966480999941 ], [ -73.896879982999963, -13.278966480999941 ], [ -73.895395482999959, -13.278640730999939 ], [ -73.893755982999949, -13.277944605999949 ], [ -73.892812607999986, -13.277517855999974 ], [ -73.89157735799995, -13.277225855999973 ], [ -73.89036460799997, -13.277113605999944 ], [ -73.889309107999964, -13.276664355999969 ], [ -73.888118732999942, -13.275945730999979 ], [ -73.886793607999948, -13.275384230999975 ], [ -73.885311357999967, -13.274373605999926 ], [ -73.884412982999947, -13.273677355999951 ], [ -73.883694357999957, -13.273070980999933 ], [ -73.88261635799995, -13.272397230999957 ], [ -73.881044107999969, -13.270869980999976 ], [ -73.880100857999935, -13.270038980999971 ], [ -73.878888107999956, -13.269140605999951 ], [ -73.877585482999962, -13.268197355999973 ], [ -73.876819607999948, -13.26763585599997 ], [ -73.875921232999985, -13.266962105999937 ], [ -73.874775857999964, -13.266288355999961 ], [ -73.873855107999987, -13.265255230999969 ], [ -73.873068982999939, -13.264424230999964 ], [ -73.872417732999963, -13.263772980999931 ], [ -73.871788857999945, -13.262941980999926 ], [ -73.870261607999964, -13.261571980999975 ], [ -73.86895898299997, -13.260853230999942 ], [ -73.867746232999934, -13.260404105999953 ], [ -73.866241482999953, -13.260224480999966 ], [ -73.865028732999974, -13.259999855999979 ], [ -73.86401798299994, -13.259775230999935 ], [ -73.863007357999948, -13.259483230999933 ], [ -73.861929357999941, -13.259326105999946 ], [ -73.860098982999943, -13.259292355999946 ], [ -73.857605982999985, -13.259472105999976 ], [ -73.855652107999958, -13.259224980999932 ], [ -73.853832857999976, -13.258798230999957 ], [ -73.850935732999972, -13.25861860599997 ], [ -73.849161482999989, -13.25861860599997 ], [ -73.846509982999976, -13.259039980999944 ] ] ] ] } },
{ "type": "Feature", "properties": { "UBIGEO": "050107", "CCDD": "05", "CCPP": "01", "CCDI": "07", "DEPARTAMEN": "AYACUCHO", "PROVINCIA": "HUAMANGA", "DISTRITO": "PACAYCASA", "OBJECTID": 451.0, "ESRI_OID": 455.0 }, "geometry": { "type": "MultiPolygon", "coordinates": [ [ [ [ -74.27904827499998, -13.002727296999979 ], [ -74.276946391999957, -13.003747659999931 ], [ -74.275478948999989, -13.004987609999944 ], [ -74.274013717999935, -13.005461991999937 ], [ -74.272448940999936, -13.006605954999941 ], [ -74.27108016699998, -13.00746337299995 ], [ -74.269708866999963, -13.009182031999956 ], [ -74.269218389999935, -13.010041907999948 ], [ -74.26804477099995, -13.010899857999959 ], [ -74.26648077699997, -13.011756697999942 ], [ -74.264134059999947, -13.013281173999928 ], [ -74.262374852999983, -13.014137435999942 ], [ -74.260809968, -13.015281320999975 ], [ -74.258366446999958, -13.016518380999969 ], [ -74.257387948999963, -13.017376835999926 ], [ -74.256800674999965, -13.017949322999982 ], [ -74.256601492999948, -13.019288480999933 ], [ -74.256695662999959, -13.020437087999937 ], [ -74.256009930999937, -13.021296374999963 ], [ -74.254738617999976, -13.022153978999938 ], [ -74.253664492999974, -13.02234227799994 ], [ -74.251515666999978, -13.022910253999953 ], [ -74.250441537999961, -13.023098538999932 ], [ -74.248001932999955, -13.022995781999953 ], [ -74.246635303999938, -13.023087509999982 ], [ -74.245754336999937, -13.023946199999955 ], [ -74.244774028999984, -13.02537876599996 ], [ -74.243698141999971, -13.026141185999961 ], [ -74.243046266999954, -13.026988138999968 ], [ -74.242228369999964, -13.028050782999969 ], [ -74.240372850999961, -13.028428128999963 ], [ -74.238514985999984, -13.029571009999927 ], [ -74.237636309999971, -13.029664120999939 ], [ -74.235879543999943, -13.029658949999941 ], [ -74.233731797999951, -13.029843995999954 ], [ -74.23207115699995, -13.030317552999975 ], [ -74.23002129799994, -13.030407163999939 ], [ -74.228654627999958, -13.030498794999971 ], [ -74.225961266999946, -13.031225074999952 ], [ -74.224443754999982, -13.031475220999937 ], [ -74.222613549999949, -13.031775695999954 ], [ -74.221623244999989, -13.032177874999945 ], [ -74.220157901999983, -13.032291552999936 ], [ -74.213787434999972, -13.034416392999958 ], [ -74.197499367999967, -13.045145605999949 ], [ -74.188880582999957, -13.050822939999932 ], [ -74.187823547999983, -13.051195697999958 ], [ -74.18761354999998, -13.051245695999967 ], [ -74.187293549999936, -13.051185697999927 ], [ -74.18664354799995, -13.050925697999958 ], [ -74.185673547999954, -13.050825697999926 ], [ -74.185433549999971, -13.050675697999964 ], [ -74.185003547999941, -13.050245697999969 ], [ -74.184623547999934, -13.049965697999937 ], [ -74.183543549999968, -13.049755695999977 ], [ -74.183506170999976, -13.049742279999975 ], [ -74.180941623999956, -13.052589083999976 ], [ -74.179291762999981, -13.053421169999979 ], [ -74.178250352999953, -13.054733644999942 ], [ -74.176657512999952, -13.056762054999979 ], [ -74.175495055999988, -13.057775087999971 ], [ -74.174391604999983, -13.059386384999982 ], [ -74.173775987999989, -13.061059044999979 ], [ -74.173771117999934, -13.061435408999955 ], [ -74.173740869999961, -13.064004283999964 ], [ -74.174617117999958, -13.066267908999976 ], [ -74.178268369999955, -13.068604783999945 ], [ -74.180751117999989, -13.069554033999964 ], [ -74.183233869999981, -13.070503283999926 ], [ -74.186081869999953, -13.071087533999957 ], [ -74.189002744999982, -13.072621033999951 ], [ -74.191704619999939, -13.07430065899996 ], [ -74.19323812, -13.074957783999935 ], [ -74.195136744999957, -13.07627228399997 ], [ -74.196400869999934, -13.077032033999956 ], [ -74.196744127999978, -13.07731559399997 ], [ -74.197208744999955, -13.077699408999933 ], [ -74.198613744999989, -13.078963908999981 ], [ -74.199843244999954, -13.08005290899996 ], [ -74.200791494999976, -13.081212033999975 ], [ -74.202055994999967, -13.083495158999938 ], [ -74.203495994999969, -13.084724533999974 ], [ -74.20545337599998, -13.086052671999937 ], [ -74.205463119999933, -13.08605928399993 ], [ -74.207076819999941, -13.08670148899995 ], [ -74.208243352999943, -13.087041417999956 ], [ -74.209638576999964, -13.086948577999976 ], [ -74.210415869999963, -13.086656408999943 ], [ -74.211648244999935, -13.08661428399995 ], [ -74.213612119999937, -13.08683203399994 ], [ -74.216000744999974, -13.086797033999972 ], [ -74.217159869999989, -13.086797033999972 ], [ -74.218108244999939, -13.086867158999951 ], [ -74.219513244999973, -13.086691533999954 ], [ -74.220742619999953, -13.086515908999957 ], [ -74.222885244999986, -13.086024158999976 ], [ -74.22432549499996, -13.085391908999952 ], [ -74.224992869999937, -13.084935283999926 ], [ -74.225449494999964, -13.084689408999964 ], [ -74.225765619999947, -13.084513783999967 ], [ -74.226713994999955, -13.084338158999969 ], [ -74.227162619999945, -13.084381408999946 ], [ -74.227761369999939, -13.084505658999944 ], [ -74.228150994999964, -13.084652408999943 ], [ -74.228537531999962, -13.084645265999939 ], [ -74.229199983999933, -13.084449980999977 ], [ -74.229619983999953, -13.084039980999933 ], [ -74.230039983999973, -13.083909980999977 ], [ -74.230399983999973, -13.083849980999958 ], [ -74.230939983999974, -13.083749980999926 ], [ -74.23139998399995, -13.083469980999951 ], [ -74.232099983999944, -13.083059980999963 ], [ -74.232729983999945, -13.082559980999974 ], [ -74.232959983999933, -13.08230998099998 ], [ -74.233079983999971, -13.081959980999954 ], [ -74.233079983999971, -13.081499980999979 ], [ -74.233089983999946, -13.081249980999928 ], [ -74.232939983999984, -13.080329980999977 ], [ -74.232639983999945, -13.079609980999976 ], [ -74.232629983999971, -13.079049980999969 ], [ -74.232759983999983, -13.078709980999975 ], [ -74.233169983999971, -13.07829998099993 ], [ -74.233499983999934, -13.078199980999955 ], [ -74.234609983999974, -13.078059980999967 ], [ -74.235359983999956, -13.07767998099996 ], [ -74.236079983999957, -13.077459980999947 ], [ -74.238109983999948, -13.077189980999947 ], [ -74.238539983999942, -13.076999980999972 ], [ -74.238759983999955, -13.076859980999927 ], [ -74.239429983999969, -13.076409980999927 ], [ -74.239889983999944, -13.076239980999958 ], [ -74.240459983999983, -13.076259980999964 ], [ -74.241659983999966, -13.076569980999977 ], [ -74.242489983999974, -13.076839980999978 ], [ -74.243029983999975, -13.076859980999927 ], [ -74.243369983999969, -13.076699980999933 ], [ -74.243639983999969, -13.076459980999971 ], [ -74.243709983999963, -13.076389980999977 ], [ -74.244249983999964, -13.075689980999982 ], [ -74.244639983999946, -13.075449980999963 ], [ -74.244949983999959, -13.075389980999944 ], [ -74.24507723399995, -13.075382980999962 ], [ -74.247279983999988, -13.075259980999931 ], [ -74.247629983999957, -13.075179980999962 ], [ -74.247709983999982, -13.075159980999956 ], [ -74.248729983999965, -13.074799980999956 ], [ -74.249119983999947, -13.074759980999943 ], [ -74.24951998399996, -13.074789980999981 ], [ -74.249899983999967, -13.074819980999962 ], [ -74.250619983999968, -13.074699980999981 ], [ -74.251587733999941, -13.074084230999972 ], [ -74.252017358999979, -13.07381073099998 ], [ -74.252269983999952, -13.07364998099996 ], [ -74.252273358999958, -13.073648355999978 ], [ -74.252283733999946, -13.073643230999949 ], [ -74.253749983999967, -13.072919980999927 ], [ -74.254069983999955, -13.072819980999952 ], [ -74.254129983999974, -13.072799980999946 ], [ -74.254704108999988, -13.072816605999947 ], [ -74.254819983999937, -13.072819980999952 ], [ -74.255439983999963, -13.073009980999927 ], [ -74.255889983999964, -13.073299980999934 ], [ -74.256219983999983, -13.073569980999935 ], [ -74.256559983999978, -13.073849980999967 ], [ -74.256749983999953, -13.073969980999948 ], [ -74.257689983999967, -13.074559980999936 ], [ -74.258699983999975, -13.075019980999969 ], [ -74.259869983999977, -13.07531998099995 ], [ -74.259959983999977, -13.07531998099995 ], [ -74.260159983999984, -13.07531998099995 ], [ -74.260499983999978, -13.075329980999982 ], [ -74.260835801999974, -13.075230232999957 ], [ -74.26160376699994, -13.075330740999959 ], [ -74.262749848999988, -13.074918867999941 ], [ -74.263931744999979, -13.074274195999976 ], [ -74.26464804799997, -13.073898138999937 ], [ -74.265429983999979, -13.073419980999972 ], [ -74.266134373999989, -13.073432540999931 ], [ -74.26695811999997, -13.073396726999931 ], [ -74.267513252999947, -13.073289281999962 ], [ -74.268211647999976, -13.072895316999961 ], [ -74.268587705999948, -13.072501349999982 ], [ -74.268945856999949, -13.072429718999956 ], [ -74.26959052899997, -13.072232736999979 ], [ -74.270109846999958, -13.072035753999955 ], [ -74.270593350999945, -13.071570158999975 ], [ -74.271184299999959, -13.07106874599998 ], [ -74.271435004999944, -13.070764318999977 ], [ -74.271703617999947, -13.070030109999948 ], [ -74.272025953999957, -13.069600327999979 ], [ -74.271570037999936, -13.068630019999944 ], [ -74.271737125999948, -13.067520617999946 ], [ -74.272187121999934, -13.066376970999954 ], [ -74.272706440999968, -13.065589038999974 ], [ -74.272975053999971, -13.06489064699997 ], [ -74.272957145999953, -13.063923638999938 ], [ -74.272957145999953, -13.063135706999958 ], [ -74.273225758999956, -13.061738917999946 ], [ -74.273601817999975, -13.060986802999935 ], [ -74.27417485899997, -13.060360036999953 ], [ -74.274407657999973, -13.059930257999952 ], [ -74.27421067299997, -13.05955419999998 ], [ -74.274371840999947, -13.058981158999927 ], [ -74.274246489999939, -13.058551376999958 ], [ -74.274049504999937, -13.05767390699998 ], [ -74.273709262999944, -13.05701132799993 ], [ -74.273285166999983, -13.055990587999929 ], [ -74.272831793999956, -13.055381742999941 ], [ -74.272670625999979, -13.054737070999977 ], [ -74.272509457999945, -13.053680525999937 ], [ -74.272670625999979, -13.052946316999964 ], [ -74.272849699999938, -13.052373275999969 ], [ -74.272975053999971, -13.051853956999935 ], [ -74.273486276999961, -13.051159200999962 ], [ -74.273995782999975, -13.050564613999939 ], [ -74.274479285999973, -13.049597607999942 ], [ -74.274497194999981, -13.048988749999978 ], [ -74.274192766999988, -13.048576876999959 ], [ -74.274085321999962, -13.047968021999964 ], [ -74.274300211999957, -13.046911476999981 ], [ -74.274479285999973, -13.046016099999974 ], [ -74.27456882499996, -13.045067 ], [ -74.274783713999966, -13.044583495999973 ], [ -74.275034420999987, -13.043383691999964 ], [ -74.275607461999982, -13.041825734999975 ], [ -74.275482108999938, -13.041055710999956 ], [ -74.275320940999961, -13.040357316999973 ], [ -74.275482108999938, -13.039676829999962 ], [ -74.27609096599997, -13.038960527999961 ], [ -74.27641330199998, -13.038047243999927 ], [ -74.276467024999988, -13.037116050999941 ], [ -74.276234225999985, -13.036525103999963 ], [ -74.275571647999982, -13.036059505999958 ], [ -74.274998604999951, -13.03546855899998 ], [ -74.274765807999984, -13.034877609999967 ], [ -74.274443471999973, -13.03412549199993 ], [ -74.273673448999944, -13.03330174599995 ], [ -74.272634809999943, -13.032639165999967 ], [ -74.271649895999985, -13.031851234999976 ], [ -74.271291744999985, -13.031152841999926 ], [ -74.271345467999936, -13.030311187999928 ], [ -74.271452912999962, -13.02989931299993 ], [ -74.271399190999944, -13.029433716999961 ], [ -74.271399190999944, -13.028753230999939 ], [ -74.271345467999936, -13.026819216999968 ], [ -74.271345467999936, -13.025368704999948 ], [ -74.271452912999962, -13.023810749999939 ], [ -74.271440018999954, -13.023131378999949 ], [ -74.271470819999934, -13.022736296999938 ], [ -74.271842143999947, -13.022491837999951 ], [ -74.272581086999935, -13.021930458999975 ], [ -74.273476463999941, -13.021214156999974 ], [ -74.274371840999947, -13.020444132999955 ], [ -74.274515102999942, -13.01987109199996 ], [ -74.274479285999973, -13.019172697999977 ], [ -74.274371840999947, -13.018223597999963 ], [ -74.274497194999981, -13.017113329999972 ], [ -74.274837436999974, -13.015555372999927 ], [ -74.274998604999951, -13.014659995999978 ], [ -74.27535675699994, -13.014319753999928 ], [ -74.276198410999939, -13.013728804999971 ], [ -74.276574469999957, -13.013173671999937 ], [ -74.277362401999937, -13.012224572999969 ], [ -74.277845903999946, -13.011579900999948 ], [ -74.278042887999959, -13.011006859999952 ], [ -74.278293592999944, -13.01027265099998 ], [ -74.278705465999963, -13.009663792999959 ], [ -74.279009893999955, -13.008983306999937 ], [ -74.279171061999989, -13.007926761999954 ], [ -74.279117338999981, -13.007264183999951 ], [ -74.278638715999989, -13.006897827999978 ], [ -74.278293592999944, -13.006422529999952 ], [ -74.278096610999967, -13.00568832099998 ], [ -74.278239869999936, -13.005222724999953 ], [ -74.278544297999986, -13.004739220999966 ], [ -74.278848725999978, -13.004542236999953 ], [ -74.27918896999995, -13.004381068999976 ], [ -74.279511305999961, -13.00420199399997 ], [ -74.279833641999971, -13.003987103999975 ], [ -74.280173883999964, -13.003557322999939 ], [ -74.280441985999971, -13.003155134999929 ], [ -74.280263422999951, -13.001999366999939 ], [ -74.27904827499998, -13.002727296999979 ] ] ] ] } },
{ "type": "Feature", "properties": { "UBIGEO": "050108", "CCDD": "05", "CCPP": "01", "CCDI": "08", "DEPARTAMEN": "AYACUCHO", "PROVINCIA": "HUAMANGA", "DISTRITO": "QUINUA", "OBJECTID": 452.0, "ESRI_OID": 456.0 }, "geometry": { "type": "MultiPolygon", "coordinates": [ [ [ [ -74.077221483999949, -12.98550060599996 ], [ -74.077016233999984, -12.986390230999973 ], [ -74.077289858999961, -12.988306105999982 ], [ -74.077597733999937, -12.99042710599997 ], [ -74.077597733999937, -12.992137730999957 ], [ -74.077445358999967, -12.99314648099994 ], [ -74.077074358999937, -12.993982230999961 ], [ -74.07565810899996, -12.994596480999974 ], [ -74.075360983999985, -12.995742605999965 ], [ -74.074895108999954, -12.99661935599994 ], [ -74.074484483999981, -12.997337855999945 ], [ -74.074027358999956, -12.998099605999926 ], [ -74.072617358999935, -13.000202355999932 ], [ -74.070719358999952, -13.002379480999934 ], [ -74.069295858999965, -13.003188855999952 ], [ -74.068793483999968, -13.003607605999946 ], [ -74.06856935899998, -13.004028730999948 ], [ -74.068486358999962, -13.004724105999969 ], [ -74.068709733999981, -13.006538355999965 ], [ -74.068988858999944, -13.007822230999977 ], [ -74.069683608999981, -13.009710980999955 ], [ -74.069881983999949, -13.010644105999972 ], [ -74.069630858999972, -13.011928105999971 ], [ -74.06865398399998, -13.013295730999971 ], [ -74.067034983999974, -13.014719230999958 ], [ -74.066448858999934, -13.015500730999975 ], [ -74.066002358999981, -13.016477730999952 ], [ -74.065946483999937, -13.017454605999944 ], [ -74.066085983999983, -13.018138480999937 ], [ -74.066309358999945, -13.019003730999941 ], [ -74.066616358999966, -13.019478230999937 ], [ -74.066923358999986, -13.019757355999957 ], [ -74.067537483999956, -13.020064355999978 ], [ -74.068151608999983, -13.020343480999941 ], [ -74.068542233999949, -13.02087385599998 ], [ -74.068877233999956, -13.021766980999928 ], [ -74.069044733999988, -13.022771855999963 ], [ -74.068960983999943, -13.023776605999956 ], [ -74.068765608999968, -13.024893105999979 ], [ -74.068625983999937, -13.026818980999963 ], [ -74.068570233999935, -13.027324230999966 ], [ -74.068374733999974, -13.027686980999931 ], [ -74.067900233999978, -13.028384855999946 ], [ -74.067621233999944, -13.02899885599993 ], [ -74.067453733999969, -13.029501355999969 ], [ -74.067118733999962, -13.030506105999962 ], [ -74.066811733999941, -13.030952730999957 ], [ -74.066002358999981, -13.03179010599996 ], [ -74.065731108999955, -13.031939730999966 ], [ -74.065917608999939, -13.032611730999974 ], [ -74.066343983999957, -13.033890855999971 ], [ -74.067372359, -13.03577185599994 ], [ -74.068199983999989, -13.036750105999943 ], [ -74.069228358999965, -13.03740223099993 ], [ -74.069805233999944, -13.037778480999975 ], [ -74.071034233999967, -13.03888210599996 ], [ -74.071861983999952, -13.039208105999933 ], [ -74.072940483999957, -13.039860230999977 ], [ -74.074971983999944, -13.041766480999968 ], [ -74.076326483999935, -13.042945230999976 ], [ -74.077129108999941, -13.043772980999961 ], [ -74.078085983999983, -13.04457810599996 ], [ -74.079246108999939, -13.045015605999936 ], [ -74.081031233999965, -13.045113230999959 ], [ -74.082382858999949, -13.04604885599997 ], [ -74.08395298399995, -13.047917605999942 ], [ -74.085160483999971, -13.049872480999966 ], [ -74.086885233999965, -13.052919730999974 ], [ -74.088092483999958, -13.054874605999942 ], [ -74.089007733999949, -13.05754873099994 ], [ -74.090455608999946, -13.060444480999934 ], [ -74.09124535899997, -13.061936355999933 ], [ -74.09238610899996, -13.062331230999973 ], [ -74.094711483999959, -13.062375105999934 ], [ -74.097738858999946, -13.062638355999979 ], [ -74.099186733999943, -13.062901605999969 ], [ -74.100590858999965, -13.063208730999975 ], [ -74.10186323399995, -13.064217855999971 ], [ -74.103091733999975, -13.065753480999945 ], [ -74.104671233999966, -13.06671873099998 ], [ -74.105428108999945, -13.067470105999973 ], [ -74.106524983999975, -13.069608980999931 ], [ -74.108060608999949, -13.072186855999973 ], [ -74.109267108999973, -13.074215855999967 ], [ -74.110583358999975, -13.07745173099994 ], [ -74.111296358999937, -13.078877730999977 ], [ -74.111511108999935, -13.079956730999982 ], [ -74.11145748399997, -13.082204480999962 ], [ -74.112572108999984, -13.084015980999936 ], [ -74.115602858999978, -13.085862230999965 ], [ -74.116891733999978, -13.08676798099998 ], [ -74.118737983999949, -13.087743355999976 ], [ -74.120270858999959, -13.088370355999928 ], [ -74.121315858999935, -13.08913673099994 ], [ -74.121942983999986, -13.089763730999948 ], [ -74.122395733999952, -13.090390855999942 ], [ -74.122569983999938, -13.091017855999951 ], [ -74.122465483999974, -13.091819105999946 ], [ -74.122151858999985, -13.092411230999971 ], [ -74.121315858999935, -13.093177605999927 ], [ -74.121350733999975, -13.093734855999969 ], [ -74.121489983999936, -13.094257605999928 ], [ -74.121699108999962, -13.095407105999982 ], [ -74.121780358999956, -13.095715355999971 ], [ -74.12215410899995, -13.096140980999962 ], [ -74.122662983999987, -13.096483730999978 ], [ -74.123545733999947, -13.097023730999979 ], [ -74.124219983999978, -13.09743998099998 ], [ -74.124399983999979, -13.098559980999937 ], [ -74.124419983999985, -13.099749980999945 ], [ -74.124599983999985, -13.099969980999958 ], [ -74.124759983999979, -13.10068998099996 ], [ -74.125819983999975, -13.10193998099993 ], [ -74.125849983999956, -13.102109980999955 ], [ -74.125819983999975, -13.102549980999981 ], [ -74.125589983999987, -13.103169980999951 ], [ -74.125419983999961, -13.103989980999927 ], [ -74.125479983999981, -13.104329980999978 ], [ -74.125849983999956, -13.104879980999954 ], [ -74.125879983999937, -13.105179980999935 ], [ -74.125699983999937, -13.105509980999955 ], [ -74.125539983999943, -13.106409980999956 ], [ -74.125189983999974, -13.106879980999963 ], [ -74.125139983999986, -13.107069980999938 ], [ -74.125199983999948, -13.107709980999971 ], [ -74.125139983999986, -13.108119980999959 ], [ -74.125379983999949, -13.108619980999947 ], [ -74.125359983999942, -13.108789980999973 ], [ -74.125259983999968, -13.108959980999941 ], [ -74.12469998399996, -13.109159980999948 ], [ -74.124499983999954, -13.109409980999942 ], [ -74.124109983999972, -13.110469980999937 ], [ -74.124019983999972, -13.111349980999933 ], [ -74.123169983999958, -13.112039980999953 ], [ -74.12251998399995, -13.112919980999948 ], [ -74.121959983999943, -13.113549980999949 ], [ -74.121549983999955, -13.113879980999968 ], [ -74.120979983999973, -13.114219980999962 ], [ -74.120339983999941, -13.114369980999982 ], [ -74.119639983999946, -13.114339980999944 ], [ -74.119249983999964, -13.114459980999982 ], [ -74.118969983999989, -13.114669980999963 ], [ -74.118829988999948, -13.115069962999939 ], [ -74.118969983999989, -13.115959980999946 ], [ -74.119119983999951, -13.116239980999978 ], [ -74.119429983999964, -13.116499980999947 ], [ -74.120799983999973, -13.117209980999974 ], [ -74.121849983999937, -13.118139980999956 ], [ -74.122129983999969, -13.118569980999951 ], [ -74.122169983999981, -13.118759980999926 ], [ -74.122009983999988, -13.119239980999964 ], [ -74.122029983999937, -13.119449980999946 ], [ -74.122359983999957, -13.119939980999959 ], [ -74.122469983999963, -13.120559980999928 ], [ -74.123269984, -13.122119980999969 ], [ -74.123679983999978, -13.123519980999959 ], [ -74.124139983999953, -13.124319980999928 ], [ -74.124309983999979, -13.125519980999968 ], [ -74.124269983999966, -13.126259980999976 ], [ -74.124399983999979, -13.126919980999958 ], [ -74.124199983999972, -13.12739998099994 ], [ -74.12424998399996, -13.127769980999972 ], [ -74.124459983999941, -13.127959980999947 ], [ -74.124659983999948, -13.128039980999972 ], [ -74.12636998399995, -13.12933998099993 ], [ -74.126649983999982, -13.129679980999981 ], [ -74.126792733999935, -13.129990980999935 ], [ -74.126850358999945, -13.130116480999959 ], [ -74.127039983999964, -13.130529980999938 ], [ -74.127187858999946, -13.130739355999935 ], [ -74.127216233999945, -13.130779605999976 ], [ -74.127249233999976, -13.130826480999929 ], [ -74.127267983999957, -13.130852855999933 ], [ -74.127271358999963, -13.130857730999935 ], [ -74.127279983999983, -13.130869980999933 ], [ -74.127369983999984, -13.130919980999977 ], [ -74.12818998399996, -13.131599980999965 ], [ -74.128979983999955, -13.131849980999959 ], [ -74.129449983999962, -13.131839980999928 ], [ -74.130159983999988, -13.131629980999946 ], [ -74.131359983999971, -13.131409980999933 ], [ -74.133579983999937, -13.131289980999952 ], [ -74.13430998399997, -13.131299980999927 ], [ -74.135179983999933, -13.131149980999965 ], [ -74.135569983999972, -13.130939980999926 ], [ -74.136619983999935, -13.129999980999969 ], [ -74.137669983999956, -13.128459980999935 ], [ -74.138619983999945, -13.127639980999959 ], [ -74.139709983999978, -13.126279980999982 ], [ -74.14009998399996, -13.125939980999931 ], [ -74.140559983999935, -13.125729980999949 ], [ -74.141729983999937, -13.125679980999962 ], [ -74.143479983999953, -13.125319980999961 ], [ -74.144059983999966, -13.125099980999948 ], [ -74.144939983999961, -13.124749980999979 ], [ -74.145369983999956, -13.124409980999928 ], [ -74.146719983999958, -13.123029980999945 ], [ -74.147039983999946, -13.122549980999963 ], [ -74.147389983999972, -13.12214998099995 ], [ -74.147839983999972, -13.120869980999942 ], [ -74.148119983999948, -13.118849980999926 ], [ -74.148539983999967, -13.117719980999937 ], [ -74.148709983999936, -13.11742998099993 ], [ -74.14884998399998, -13.117269980999936 ], [ -74.148915358999943, -13.11709198099993 ], [ -74.148999233999973, -13.116853105999951 ], [ -74.149205733999963, -13.116442355999936 ], [ -74.149881858999947, -13.115698105999968 ], [ -74.150459483999953, -13.115231105999953 ], [ -74.151751358999945, -13.114316730999974 ], [ -74.152279358999976, -13.114098355999943 ], [ -74.152630858999942, -13.114080480999974 ], [ -74.153020608999952, -13.114292230999979 ], [ -74.153331608999963, -13.114733480999973 ], [ -74.154070733999959, -13.115549230999932 ], [ -74.154643858999975, -13.116421980999974 ], [ -74.155539733999944, -13.117085105999934 ], [ -74.156982108999955, -13.117864980999968 ], [ -74.157957108999938, -13.118241355999942 ], [ -74.158747858999959, -13.118272605999948 ], [ -74.159568233999948, -13.11819873099995 ], [ -74.160468483999978, -13.118089980999969 ], [ -74.161059983999962, -13.11811998099995 ], [ -74.161729983999976, -13.118089980999969 ], [ -74.162669983999933, -13.117629980999936 ], [ -74.16382998399996, -13.116529980999928 ], [ -74.164139983999974, -13.116309980999972 ], [ -74.164739358999952, -13.115907480999965 ], [ -74.165061983999976, -13.115745855999933 ], [ -74.165922108999951, -13.115471105999973 ], [ -74.16667423399997, -13.115349230999982 ], [ -74.167290108999964, -13.11514073099994 ], [ -74.168580358999975, -13.114685480999981 ], [ -74.169615858999975, -13.11447835599995 ], [ -74.170611608999934, -13.114529355999935 ], [ -74.171216108999943, -13.114741855999966 ], [ -74.171810733999962, -13.115030855999976 ], [ -74.172102983999935, -13.115223105999974 ], [ -74.172513108999965, -13.115195730999972 ], [ -74.172991733999936, -13.115149480999946 ], [ -74.174095733999934, -13.114913730999945 ], [ -74.174740233999955, -13.114877605999936 ], [ -74.175130358999979, -13.114974480999933 ], [ -74.176179983999987, -13.115239980999945 ], [ -74.176369983999962, -13.11522998099997 ], [ -74.176627608999979, -13.115210230999935 ], [ -74.176898608999977, -13.115189605999944 ], [ -74.177472233999936, -13.115092355999934 ], [ -74.177911733999963, -13.115039980999939 ], [ -74.178281733999938, -13.114998105999973 ], [ -74.178607858999953, -13.114895105999949 ], [ -74.178941858999963, -13.114666480999972 ], [ -74.179183983999962, -13.114516480999953 ], [ -74.179587108999954, -13.114388605999977 ], [ -74.179894983999986, -13.114271230999975 ], [ -74.180146983999975, -13.114249980999944 ], [ -74.180451608999988, -13.114247105999937 ], [ -74.180732983999974, -13.114200230999927 ], [ -74.181029983999963, -13.11417998099995 ], [ -74.182269983999959, -13.11393998099993 ], [ -74.182627108999952, -13.11403373099995 ], [ -74.18297873399996, -13.11398210599998 ], [ -74.18326723399997, -13.113829980999981 ], [ -74.183487483999954, -13.113653605999957 ], [ -74.183756358999972, -13.113549230999979 ], [ -74.184005483999954, -13.113502230999927 ], [ -74.184278733999975, -13.11352698099995 ], [ -74.184537483999975, -13.113527730999976 ], [ -74.184747233999985, -13.113552355999957 ], [ -74.18516998399997, -13.11355998099998 ], [ -74.185539983999945, -13.113729980999949 ], [ -74.185779108999952, -13.113756605999981 ], [ -74.186529983999947, -13.113839980999956 ], [ -74.187111608999942, -13.113958105999927 ], [ -74.187169983999979, -13.113969980999968 ], [ -74.188269983999987, -13.115199980999932 ], [ -74.188749983999969, -13.115459980999958 ], [ -74.189149983999982, -13.115449980999927 ], [ -74.190069983999933, -13.11495998099997 ], [ -74.190919983999947, -13.113339980999967 ], [ -74.191089983999973, -13.112559980999947 ], [ -74.19155998399998, -13.111759980999977 ], [ -74.191479983999955, -13.111309980999977 ], [ -74.191529983999942, -13.110849980999944 ], [ -74.191619983999942, -13.110789980999982 ], [ -74.191839983999955, -13.110569980999969 ], [ -74.192579983999963, -13.109319980999942 ], [ -74.192939983999963, -13.109059980999973 ], [ -74.193039983999938, -13.108979980999948 ], [ -74.193377608999981, -13.108874355999944 ], [ -74.19402998399994, -13.108669980999935 ], [ -74.19447998399994, -13.108349980999947 ], [ -74.19470548399994, -13.108109480999929 ], [ -74.194882108999934, -13.107921230999978 ], [ -74.194910858999947, -13.10789048099997 ], [ -74.194929983999941, -13.107869980999965 ], [ -74.194969983999954, -13.107809980999946 ], [ -74.195159039999965, -13.107545413999958 ], [ -74.195570037999971, -13.106970019999949 ], [ -74.195580037999946, -13.106950019999942 ], [ -74.196140037999953, -13.106300019999935 ], [ -74.196880037999961, -13.10584001999996 ], [ -74.197690037999962, -13.105520019999972 ], [ -74.198360037999976, -13.105480019999959 ], [ -74.198680957999954, -13.105513009999981 ], [ -74.199271498999963, -13.105627984999956 ], [ -74.199776594999946, -13.105900070999951 ], [ -74.20060411299994, -13.106037896999965 ], [ -74.201065104999941, -13.105723722999926 ], [ -74.201436428999955, -13.104687892999948 ], [ -74.201531473999978, -13.10374137499997 ], [ -74.201396533999969, -13.102794148999976 ], [ -74.201767561999986, -13.101848486999927 ], [ -74.202142545999948, -13.100953005999941 ], [ -74.202340037999988, -13.100800019999951 ], [ -74.202480037999976, -13.100540019999926 ], [ -74.202690037999957, -13.099790019999944 ], [ -74.203020037999977, -13.099230019999936 ], [ -74.203490037999984, -13.09865001999998 ], [ -74.203980037999941, -13.098170019999941 ], [ -74.204200037999954, -13.09814001999996 ], [ -74.204970037999942, -13.098220019999928 ], [ -74.206280037999989, -13.098070019999966 ], [ -74.207710037999959, -13.09823001999996 ], [ -74.208540037999967, -13.098100019999947 ], [ -74.208990037999968, -13.097870019999959 ], [ -74.210440037999945, -13.096680019999951 ], [ -74.211750037999934, -13.095850019999943 ], [ -74.212450037999986, -13.09563001999993 ], [ -74.213480037999943, -13.095520019999981 ], [ -74.214430037999989, -13.095310019999943 ], [ -74.214800037999964, -13.095100019999961 ], [ -74.216290037999954, -13.093890019999947 ], [ -74.21664003799998, -13.093750019999959 ], [ -74.217760037999938, -13.093490019999933 ], [ -74.218196133999982, -13.093253009999955 ], [ -74.218952354999942, -13.093019099999935 ], [ -74.219551571999943, -13.09261513499996 ], [ -74.220105356999966, -13.09203068599993 ], [ -74.220890955999948, -13.090860812999949 ], [ -74.221999217999951, -13.089466476999974 ], [ -74.222507420999989, -13.088746624999942 ], [ -74.223430133999955, -13.087847673999931 ], [ -74.224719809999954, -13.087265427999967 ], [ -74.225871633999986, -13.086637673999974 ], [ -74.227069166999968, -13.086100224999939 ], [ -74.227990170999988, -13.085742288999938 ], [ -74.228634928999952, -13.08547369799993 ], [ -74.229199983999933, -13.084449980999977 ], [ -74.228537531999962, -13.084645265999939 ], [ -74.228150994999964, -13.084652408999943 ], [ -74.227761369999939, -13.084505658999944 ], [ -74.227162619999945, -13.084381408999946 ], [ -74.226713994999955, -13.084338158999969 ], [ -74.225765619999947, -13.084513783999967 ], [ -74.225449494999964, -13.084689408999964 ], [ -74.224992869999937, -13.084935283999926 ], [ -74.22432549499996, -13.085391908999952 ], [ -74.222885244999986, -13.086024158999976 ], [ -74.220742619999953, -13.086515908999957 ], [ -74.219513244999973, -13.086691533999954 ], [ -74.218108244999939, -13.086867158999951 ], [ -74.217159869999989, -13.086797033999972 ], [ -74.216000744999974, -13.086797033999972 ], [ -74.213612119999937, -13.08683203399994 ], [ -74.211648244999935, -13.08661428399995 ], [ -74.210415869999963, -13.086656408999943 ], [ -74.209638576999964, -13.086948577999976 ], [ -74.208243352999943, -13.087041417999956 ], [ -74.207076819999941, -13.08670148899995 ], [ -74.205463119999933, -13.08605928399993 ], [ -74.20545337599998, -13.086052671999937 ], [ -74.203495994999969, -13.084724533999974 ], [ -74.202055994999967, -13.083495158999938 ], [ -74.200791494999976, -13.081212033999975 ], [ -74.199843244999954, -13.08005290899996 ], [ -74.198613744999989, -13.078963908999981 ], [ -74.197208744999955, -13.077699408999933 ], [ -74.196744127999978, -13.07731559399997 ], [ -74.196400869999934, -13.077032033999956 ], [ -74.195136744999957, -13.07627228399997 ], [ -74.19323812, -13.074957783999935 ], [ -74.191704619999939, -13.07430065899996 ], [ -74.189002744999982, -13.072621033999951 ], [ -74.186081869999953, -13.071087533999957 ], [ -74.183233869999981, -13.070503283999926 ], [ -74.180751117999989, -13.069554033999964 ], [ -74.178268369999955, -13.068604783999945 ], [ -74.174617117999958, -13.066267908999976 ], [ -74.173740869999961, -13.064004283999964 ], [ -74.173771117999934, -13.061435408999955 ], [ -74.173775987999989, -13.061059044999979 ], [ -74.174391604999983, -13.059386384999982 ], [ -74.175495055999988, -13.057775087999971 ], [ -74.176657512999952, -13.056762054999979 ], [ -74.178250352999953, -13.054733644999942 ], [ -74.179291762999981, -13.053421169999979 ], [ -74.180941623999956, -13.052589083999976 ], [ -74.183506170999976, -13.049742279999975 ], [ -74.183149983999954, -13.049609980999946 ], [ -74.181989983999983, -13.04860998099997 ], [ -74.181609983999977, -13.048359980999976 ], [ -74.181119983999963, -13.048219980999932 ], [ -74.17964998399998, -13.047959980999963 ], [ -74.178019983999945, -13.047449980999943 ], [ -74.177009983999938, -13.047309980999955 ], [ -74.176039983999942, -13.04704998099993 ], [ -74.175609983999948, -13.046999980999942 ], [ -74.174569983999959, -13.047129980999955 ], [ -74.173239983999963, -13.047509980999962 ], [ -74.172729983999943, -13.047509980999962 ], [ -74.17176998399998, -13.046479980999948 ], [ -74.171239983999953, -13.046119980999947 ], [ -74.169599983999944, -13.045519980999927 ], [ -74.167909983999948, -13.045129980999945 ], [ -74.167619983999941, -13.044889980999926 ], [ -74.167109983999978, -13.044259980999982 ], [ -74.166579983999952, -13.043849980999937 ], [ -74.165749983999945, -13.043549980999956 ], [ -74.16495385099995, -13.043406 ], [ -74.164809983999987, -13.04337998099993 ], [ -74.164349983999955, -13.043149980999942 ], [ -74.163989983999954, -13.042849980999961 ], [ -74.163729983999986, -13.042529980999973 ], [ -74.163359983999953, -13.041719980999972 ], [ -74.163352608999958, -13.041708855999957 ], [ -74.163345608999975, -13.041698355999927 ], [ -74.163123983999981, -13.041364105999946 ], [ -74.162729983999952, -13.040769980999926 ], [ -74.162527983999951, -13.040236605999951 ], [ -74.161869983999964, -13.038499980999973 ], [ -74.16155998399995, -13.038089980999928 ], [ -74.160879983999962, -13.037539980999952 ], [ -74.160249983999961, -13.037169980999977 ], [ -74.159659983999973, -13.036929980999957 ], [ -74.158479983999939, -13.036579980999932 ], [ -74.15716998399995, -13.035819980999975 ], [ -74.156309983999961, -13.035579980999955 ], [ -74.155869983999935, -13.035379980999949 ], [ -74.155359983999972, -13.034819980999941 ], [ -74.154529983999964, -13.033519980999927 ], [ -74.153099983999937, -13.032259980999982 ], [ -74.152029983999967, -13.031589980999968 ], [ -74.151589983999941, -13.031039980999935 ], [ -74.151339983999947, -13.030839980999929 ], [ -74.150989983999978, -13.030699980999941 ], [ -74.150019983999982, -13.03057998099996 ], [ -74.149269983999943, -13.030369980999978 ], [ -74.147849983999947, -13.029499980999958 ], [ -74.146899983999958, -13.029219980999926 ], [ -74.146029983999938, -13.029099980999945 ], [ -74.145729983999956, -13.02899998099997 ], [ -74.142649983999945, -13.02654998099996 ], [ -74.141239983999981, -13.026139980999972 ], [ -74.140779983999948, -13.025879980999946 ], [ -74.140169983999954, -13.02541998099997 ], [ -74.13782998399995, -13.022779980999928 ], [ -74.137099983999974, -13.02209998099994 ], [ -74.13615998399996, -13.021419980999951 ], [ -74.135839983999972, -13.021089980999932 ], [ -74.135539983999934, -13.020539980999956 ], [ -74.135009983999964, -13.019139980999967 ], [ -74.134419983999976, -13.01815998099994 ], [ -74.134189983999988, -13.017419980999932 ], [ -74.133899983999981, -13.016819980999969 ], [ -74.133609983999975, -13.01648998099995 ], [ -74.131899983999972, -13.015309980999973 ], [ -74.131309983999984, -13.014359980999927 ], [ -74.130179983999938, -13.01290998099995 ], [ -74.129579983999975, -13.011849980999955 ], [ -74.128199983999934, -13.010669980999978 ], [ -74.127959983999972, -13.009589980999976 ], [ -74.127749983999934, -13.00929998099997 ], [ -74.126959983999939, -13.009089980999931 ], [ -74.125559983999949, -13.008539980999956 ], [ -74.12451998399996, -13.008379980999962 ], [ -74.124189983999941, -13.00818998099993 ], [ -74.123549983999965, -13.007639980999954 ], [ -74.122399983999969, -13.007539980999979 ], [ -74.121569983999962, -13.006959980999966 ], [ -74.120259983999972, -13.006329980999965 ], [ -74.119729983999946, -13.006289980999952 ], [ -74.119189983999945, -13.006509980999965 ], [ -74.118689983999957, -13.006599980999965 ], [ -74.117628108999952, -13.006711466999946 ], [ -74.117000037999958, -13.006730019999964 ], [ -74.116300037999963, -13.00657001999997 ], [ -74.115770037999937, -13.006590019999976 ], [ -74.115240037999968, -13.006510019999951 ], [ -74.11408003799994, -13.006180019999931 ], [ -74.113190037999971, -13.00615001999995 ], [ -74.112390037999944, -13.006220019999944 ], [ -74.110940037999967, -13.005720019999956 ], [ -74.110040037999966, -13.005650019999962 ], [ -74.109050037999964, -13.00537001999993 ], [ -74.109030037999958, -13.005360019999955 ], [ -74.107520037999961, -13.005250019999949 ], [ -74.106910037999967, -13.005130019999967 ], [ -74.106310037999947, -13.005070019999948 ], [ -74.105360037999958, -13.004620019999948 ], [ -74.104430037999975, -13.004370019999953 ], [ -74.103430037999942, -13.003650019999952 ], [ -74.103020037999954, -13.003110019999951 ], [ -74.102750037999954, -13.002880019999964 ], [ -74.102290037999978, -13.002660019999951 ], [ -74.101890037999965, -13.002670019999982 ], [ -74.101640037999971, -13.002600019999932 ], [ -74.101490037999952, -13.002350019999938 ], [ -74.101360037999939, -13.001990019999937 ], [ -74.101160037999989, -13.00188001999993 ], [ -74.100860037999951, -13.001840019999975 ], [ -74.100450037999963, -13.001840019999975 ], [ -74.100090037999962, -13.001650019999943 ], [ -74.099440037999955, -13.00114001999998 ], [ -74.098220037999965, -13.000000019999959 ], [ -74.097380037999983, -12.998850019999963 ], [ -74.096620037999969, -12.997420019999936 ], [ -74.094930037999973, -12.995710019999933 ], [ -74.094130037999946, -12.994530019999956 ], [ -74.092990037999982, -12.992470019999928 ], [ -74.09235003799995, -12.991690019999965 ], [ -74.09104003799996, -12.990670019999982 ], [ -74.089840037999977, -12.990120019999949 ], [ -74.089050037999982, -12.989620019999961 ], [ -74.088350037999987, -12.989380019999942 ], [ -74.087670037999942, -12.988970019999954 ], [ -74.086874723999983, -12.988466173999939 ], [ -74.085969414999965, -12.988044497999965 ], [ -74.085438471999964, -12.987362573999974 ], [ -74.084319797999967, -12.98694014299997 ], [ -74.082775150999964, -12.986306952999939 ], [ -74.081815555999981, -12.986146628999961 ], [ -74.08058809299996, -12.98629922899994 ], [ -74.079786984999942, -12.986557952999931 ], [ -74.078669676999937, -12.985769318999928 ], [ -74.077380983999944, -12.984946105999938 ], [ -74.077221483999949, -12.98550060599996 ] ] ] ] } },
{ "type": "Feature", "properties": { "UBIGEO": "050109", "CCDD": "05", "CCPP": "01", "CCDI": "09", "DEPARTAMEN": "AYACUCHO", "PROVINCIA": "HUAMANGA", "DISTRITO": "SAN JOSE DE TICLLAS", "OBJECTID": 453.0, "ESRI_OID": 457.0 }, "geometry": { "type": "MultiPolygon", "coordinates": [ [ [ [ -74.294521483999972, -13.063994605999937 ], [ -74.293790108999985, -13.064239980999957 ], [ -74.293788983999946, -13.064240355999971 ], [ -74.293539983999949, -13.064309980999951 ], [ -74.29343023399997, -13.064359855999953 ], [ -74.292619983999941, -13.064739980999946 ], [ -74.291839983999978, -13.064889980999965 ], [ -74.291369983999971, -13.064979980999965 ], [ -74.290824983999983, -13.065131730999951 ], [ -74.290219983999975, -13.065299980999953 ], [ -74.289545858999986, -13.065567730999931 ], [ -74.289539983999987, -13.065569980999953 ], [ -74.28915998399998, -13.065629980999972 ], [ -74.288803983999969, -13.065887480999947 ], [ -74.288719483999955, -13.065948605999949 ], [ -74.288160233999974, -13.066686355999934 ], [ -74.287637233999988, -13.06737648099994 ], [ -74.286224358999959, -13.069150105999938 ], [ -74.284074983999972, -13.072096230999932 ], [ -74.283849858999986, -13.072300480999957 ], [ -74.283095983999942, -13.072980605999931 ], [ -74.281549733999952, -13.073794605999979 ], [ -74.280136858999981, -13.074185480999972 ], [ -74.27900485899994, -13.07423685599997 ], [ -74.278114516999949, -13.074202566999929 ], [ -74.277451938999945, -13.074023490999934 ], [ -74.277004248999958, -13.073880230999976 ], [ -74.276305856999954, -13.073665339999934 ], [ -74.276001426999983, -13.073325095999962 ], [ -74.275500016999956, -13.072841593999954 ], [ -74.274891158999935, -13.072232736999979 ], [ -74.274228580999988, -13.071749232999935 ], [ -74.273601817999975, -13.071408990999942 ], [ -74.273691354999983, -13.071767140999953 ], [ -74.273901219999971, -13.072334411999975 ], [ -74.27456882499996, -13.073146021999946 ], [ -74.274479285999973, -13.074542808999979 ], [ -74.274264395999978, -13.075420279999946 ], [ -74.274156949999963, -13.076226117999965 ], [ -74.274676270999976, -13.077014050999935 ], [ -74.275177680999946, -13.078178038999965 ], [ -74.275464201999966, -13.078912247999938 ], [ -74.275213494999946, -13.079539013999977 ], [ -74.275482108999938, -13.080434390999926 ], [ -74.275010037999948, -13.081050019999964 ], [ -74.275090037999973, -13.081530019999946 ], [ -74.275070037999967, -13.082480019999934 ], [ -74.275180037999974, -13.08292001999996 ], [ -74.275160037999967, -13.083300019999967 ], [ -74.275040037999986, -13.083890019999956 ], [ -74.275010037999948, -13.08483001999997 ], [ -74.274890037999967, -13.085570019999977 ], [ -74.27478003799996, -13.086630019999973 ], [ -74.274650037999947, -13.087940019999962 ], [ -74.274370037999972, -13.08877001999997 ], [ -74.273600037999984, -13.090240019999953 ], [ -74.273470037999971, -13.090640019999967 ], [ -74.273470037999971, -13.091280019999942 ], [ -74.273600037999984, -13.091820019999943 ], [ -74.274610037999935, -13.094190019999928 ], [ -74.275770037999962, -13.096020019999969 ], [ -74.27618003799995, -13.096480019999944 ], [ -74.276890037999976, -13.097030019999977 ], [ -74.277420037999946, -13.097520019999934 ], [ -74.278530037999985, -13.09912001999993 ], [ -74.279930037999975, -13.100480019999964 ], [ -74.28072003799997, -13.101510019999978 ], [ -74.281320037999933, -13.101730019999934 ], [ -74.28239003799996, -13.101850019999972 ], [ -74.283290037999961, -13.102150019999954 ], [ -74.28379003799995, -13.102500019999979 ], [ -74.284190037999963, -13.102900019999936 ], [ -74.284616451999966, -13.103042158999926 ], [ -74.284670037999945, -13.10306001999993 ], [ -74.284790037999983, -13.103780019999931 ], [ -74.284890037999958, -13.104600019999964 ], [ -74.284880037999983, -13.105070019999971 ], [ -74.284650037999938, -13.106480019999935 ], [ -74.284760037999945, -13.107310019999943 ], [ -74.284920037999939, -13.107720019999931 ], [ -74.285140037999952, -13.108070019999957 ], [ -74.286010037999972, -13.108880019999958 ], [ -74.286670037999954, -13.10969001999996 ], [ -74.28684003799998, -13.110210019999954 ], [ -74.286850037999955, -13.110730019999949 ], [ -74.286440037999967, -13.111440019999975 ], [ -74.285710037999934, -13.112440019999951 ], [ -74.284850037999945, -13.113850019999973 ], [ -74.283390037999936, -13.116680019999933 ], [ -74.282190037999953, -13.120210019999945 ], [ -74.282030037999959, -13.120860019999952 ], [ -74.281749983999987, -13.121389980999936 ], [ -74.281730037999978, -13.121750019999979 ], [ -74.281890037999972, -13.123160019999943 ], [ -74.281710037999972, -13.126310019999949 ], [ -74.281760037999959, -13.126720019999937 ], [ -74.282100037999953, -13.127580019999982 ], [ -74.282130037999934, -13.12817001999997 ], [ -74.282000037999978, -13.12888001999994 ], [ -74.281931873999952, -13.129684355999927 ], [ -74.281921207999972, -13.129810218999978 ], [ -74.281900035999968, -13.130060025999967 ], [ -74.282329983999944, -13.130659980999951 ], [ -74.282959983999945, -13.132689980999942 ], [ -74.283299983999939, -13.133109980999961 ], [ -74.284099983999965, -13.133669980999969 ], [ -74.284519983999985, -13.133799980999981 ], [ -74.284989983999935, -13.133769980999944 ], [ -74.286039983999956, -13.133559980999962 ], [ -74.286399983999956, -13.13360998099995 ], [ -74.286879983999938, -13.133769980999944 ], [ -74.291459983999971, -13.135979980999934 ], [ -74.292289983999979, -13.136699980999936 ], [ -74.29300998399998, -13.137079980999943 ], [ -74.293259983999974, -13.137289980999981 ], [ -74.293789983999943, -13.138299980999932 ], [ -74.29389998399995, -13.138409980999938 ], [ -74.294029983999962, -13.138809980999952 ], [ -74.294529983999951, -13.139679980999972 ], [ -74.294969983999977, -13.140769980999949 ], [ -74.295029983999939, -13.141259980999962 ], [ -74.295109983999964, -13.141869980999957 ], [ -74.294989983999983, -13.142889980999939 ], [ -74.295169983999983, -13.143659980999928 ], [ -74.295239983999977, -13.144019980999929 ], [ -74.296479983999973, -13.144509980999942 ], [ -74.296829983999942, -13.144699980999974 ], [ -74.296838358999935, -13.144708605999938 ], [ -74.297529983999937, -13.14542998099995 ], [ -74.297809983999969, -13.145999980999932 ], [ -74.297809983999969, -13.14647998099997 ], [ -74.297521358999973, -13.147046230999933 ], [ -74.297289983999974, -13.147499980999953 ], [ -74.297169983999936, -13.148239980999961 ], [ -74.297169983999936, -13.148779980999961 ], [ -74.297399983999981, -13.149959980999938 ], [ -74.297279983999942, -13.151949980999973 ], [ -74.297339983999962, -13.152839980999943 ], [ -74.297449983999968, -13.153109980999943 ], [ -74.297639983999943, -13.153349980999963 ], [ -74.298079983999969, -13.153719980999938 ], [ -74.298899983999945, -13.154569980999952 ], [ -74.299439983999946, -13.154949980999959 ], [ -74.29968998399994, -13.155199980999953 ], [ -74.299979983999947, -13.155999980999979 ], [ -74.300359983999954, -13.156759980999936 ], [ -74.300769983999942, -13.157539980999957 ], [ -74.300929983999936, -13.158009980999964 ], [ -74.301539983999987, -13.158589980999977 ], [ -74.30195998399995, -13.159159980999959 ], [ -74.302319983999951, -13.159399980999979 ], [ -74.302949983999952, -13.159479980999947 ], [ -74.303869983999959, -13.159139980999953 ], [ -74.30422998399996, -13.15909998099994 ], [ -74.305014983999968, -13.159194980999928 ], [ -74.305799983999975, -13.159289980999972 ], [ -74.306249983999976, -13.159259980999934 ], [ -74.306969983999977, -13.159069980999959 ], [ -74.307199983999965, -13.15909998099994 ], [ -74.307859983999947, -13.159309980999979 ], [ -74.308849983999949, -13.159219980999978 ], [ -74.309349983999937, -13.159239980999928 ], [ -74.310679983999989, -13.159539980999966 ], [ -74.311919983999985, -13.159579980999979 ], [ -74.312909983999987, -13.160239980999961 ], [ -74.315579983999953, -13.160799980999968 ], [ -74.317059983999968, -13.161599980999938 ], [ -74.317499983999937, -13.161929980999957 ], [ -74.317789983999944, -13.162029980999932 ], [ -74.318859983999971, -13.161939980999932 ], [ -74.31971998399996, -13.16160998099997 ], [ -74.320209983999973, -13.161489980999932 ], [ -74.320689983999955, -13.161469980999982 ], [ -74.32114960499996, -13.161599872999943 ], [ -74.321550037999941, -13.161960019999981 ], [ -74.32203003799998, -13.162620019999963 ], [ -74.323480037999957, -13.164320019999934 ], [ -74.324150037999971, -13.165610019999974 ], [ -74.324740037999959, -13.166560019999963 ], [ -74.32546003799996, -13.167100019999964 ], [ -74.327390037999976, -13.168040019999978 ], [ -74.327880037999989, -13.168420019999928 ], [ -74.329630037999948, -13.170420019999938 ], [ -74.330667381999945, -13.171318777999943 ], [ -74.331594713999948, -13.172122212999966 ], [ -74.334289418999958, -13.171962140999938 ], [ -74.33630941499996, -13.171752599999934 ], [ -74.338164369999959, -13.171948783999937 ], [ -74.340214383999978, -13.172241148999944 ], [ -74.342165469999941, -13.173011720999966 ], [ -74.343498299999965, -13.173439119999955 ], [ -74.344354700999986, -13.173713740999972 ], [ -74.346714184999939, -13.173499617999937 ], [ -74.348734071999957, -13.174275261999981 ], [ -74.350306395999951, -13.174389322999957 ], [ -74.351767547999941, -13.174062798999955 ], [ -74.353116948999968, -13.173515841999972 ], [ -74.354410012999949, -13.171850019999965 ], [ -74.355240010999978, -13.171470019999958 ], [ -74.355790012999989, -13.171030019999932 ], [ -74.356330010999955, -13.170230019999963 ], [ -74.357160010999962, -13.16834001999996 ], [ -74.358270012999981, -13.166830019999963 ], [ -74.359450010999979, -13.165620019999949 ], [ -74.361110012999973, -13.164190019999978 ], [ -74.363240010999959, -13.162600019999957 ], [ -74.364650010999981, -13.161830019999968 ], [ -74.366380012999969, -13.160710019999954 ], [ -74.367570010999941, -13.159560019999958 ], [ -74.368660012999953, -13.158680019999963 ], [ -74.36990001099997, -13.158050019999962 ], [ -74.371250012999951, -13.157630019999942 ], [ -74.372170012999959, -13.157250019999935 ], [ -74.372940012999948, -13.157000019999941 ], [ -74.373920010999939, -13.156850019999979 ], [ -74.376270010999974, -13.156710019999935 ], [ -74.377310010999963, -13.156500019999953 ], [ -74.377760012999943, -13.156360019999966 ], [ -74.378120012999943, -13.156130019999978 ], [ -74.378800010999953, -13.155550019999964 ], [ -74.379104129999973, -13.155396290999931 ], [ -74.37951927499995, -13.155186439999966 ], [ -74.380620012999941, -13.154630019999956 ], [ -74.381160268999963, -13.154226626999957 ], [ -74.381374957999981, -13.154068355999982 ], [ -74.381547555999987, -13.153892476999943 ], [ -74.38199001299995, -13.15345001999998 ], [ -74.38219516199996, -13.153307306999977 ], [ -74.382217475999937, -13.153291783999975 ], [ -74.382220012999937, -13.153290019999929 ], [ -74.382840012999964, -13.152140019999933 ], [ -74.383347291999939, -13.151615542999934 ], [ -74.383429707999937, -13.151531230999979 ], [ -74.385103457999946, -13.150730480999925 ], [ -74.38523078299994, -13.150682671999959 ], [ -74.385680012999956, -13.150520019999931 ], [ -74.386480012999982, -13.150360019999937 ], [ -74.386950012999989, -13.150370019999968 ], [ -74.387247498999955, -13.150429515999974 ], [ -74.387500012999965, -13.150480019999975 ], [ -74.388950012999942, -13.151570019999951 ], [ -74.389180010999951, -13.151680019999958 ], [ -74.389569948999963, -13.151749974999973 ], [ -74.389570983999988, -13.151749480999968 ], [ -74.389572483999984, -13.151748730999941 ], [ -74.389574983999978, -13.15174735599993 ], [ -74.389617858999941, -13.151724480999974 ], [ -74.389719983999953, -13.151669980999941 ], [ -74.389740608999944, -13.151631480999981 ], [ -74.389879983999947, -13.151369980999959 ], [ -74.389860233999968, -13.150999730999956 ], [ -74.389849983999966, -13.150809980999952 ], [ -74.389790233999975, -13.150646980999966 ], [ -74.389519983999946, -13.149909980999951 ], [ -74.389479983999934, -13.149439980999944 ], [ -74.389609983999947, -13.148729980999974 ], [ -74.389694608999946, -13.148482730999945 ], [ -74.389879983999947, -13.147939980999979 ], [ -74.389899983999953, -13.147519980999959 ], [ -74.389529983999978, -13.146559980999939 ], [ -74.389429983999946, -13.146069980999926 ], [ -74.389569983999934, -13.145479980999937 ], [ -74.389929983999934, -13.144879980999974 ], [ -74.390159983999979, -13.144379980999929 ], [ -74.390269983999985, -13.143709980999972 ], [ -74.390179983999985, -13.143319980999934 ], [ -74.390153858999952, -13.143265605999943 ], [ -74.389799983999978, -13.142529980999939 ], [ -74.389539983999953, -13.141689980999956 ], [ -74.389309983999965, -13.14017998099996 ], [ -74.388877733999948, -13.139383105999968 ], [ -74.388159983999969, -13.138059980999969 ], [ -74.38800998399995, -13.137499980999962 ], [ -74.388029983999957, -13.137179980999974 ], [ -74.388679983999964, -13.136279980999973 ], [ -74.388969983999971, -13.135789980999959 ], [ -74.389169983999977, -13.135209980999946 ], [ -74.389369983999984, -13.134319980999976 ], [ -74.389369108999972, -13.134267855999951 ], [ -74.38931998399994, -13.13160998099994 ], [ -74.388749983999958, -13.130189980999944 ], [ -74.388719983999977, -13.129659980999975 ], [ -74.388949983999964, -13.128849980999973 ], [ -74.389249983999946, -13.128309980999973 ], [ -74.389247854999951, -13.12831108599994 ], [ -74.388800037999943, -13.128530019999971 ], [ -74.387930037999979, -13.129100019999953 ], [ -74.386850037999977, -13.12930001999996 ], [ -74.386260037999989, -13.129290019999928 ], [ -74.385950037999976, -13.129140019999966 ], [ -74.385020037999936, -13.128420019999965 ], [ -74.38411003799996, -13.127840019999951 ], [ -74.38351003799994, -13.127620019999938 ], [ -74.382700037999939, -13.127610019999963 ], [ -74.381730037999944, -13.12748001999995 ], [ -74.38041003799998, -13.126590019999981 ], [ -74.379950037999947, -13.126390019999974 ], [ -74.379140037999946, -13.12614001999998 ], [ -74.376940037999987, -13.125930019999942 ], [ -74.376420037999935, -13.125820019999935 ], [ -74.375530037999965, -13.125500019999947 ], [ -74.375210037999977, -13.12545001999996 ], [ -74.374280037999938, -13.12545001999996 ], [ -74.373360037999987, -13.125680019999947 ], [ -74.373050037999974, -13.12563001999996 ], [ -74.372750037999936, -13.125480019999941 ], [ -74.371500037999965, -13.124450019999927 ], [ -74.369985389999954, -13.123513328999934 ], [ -74.369984846999955, -13.123514171999943 ], [ -74.368939139999952, -13.123011757999961 ], [ -74.368377893999934, -13.122853101999965 ], [ -74.365299858999947, -13.12205273099994 ], [ -74.365007483999989, -13.12129260599994 ], [ -74.364948983999966, -13.120649355999944 ], [ -74.365182858999958, -13.119538355999964 ], [ -74.36600148399998, -13.118251855999972 ], [ -74.366176983999935, -13.117023855999946 ], [ -74.366293858999938, -13.116146730999958 ], [ -74.365995418999944, -13.114983810999945 ], [ -74.365650608999943, -13.114450980999948 ], [ -74.364598108999985, -13.113690730999963 ], [ -74.363311608999936, -13.112813605999975 ], [ -74.361908233999941, -13.112170355999979 ], [ -74.360270733999982, -13.111819605999926 ], [ -74.35880898399995, -13.110942480999938 ], [ -74.357756483999935, -13.110006855999927 ], [ -74.356703858999936, -13.108837355999981 ], [ -74.35588523399997, -13.108310980999931 ], [ -74.354891233999979, -13.10790173099997 ], [ -74.353663233999953, -13.107784730999981 ], [ -74.35202585899998, -13.108077105999939 ], [ -74.349686983999959, -13.108603480999932 ], [ -74.347289358999944, -13.108661855999969 ], [ -74.345535108999968, -13.108194105999928 ], [ -74.344190108999953, -13.107609355999955 ], [ -74.342318983999974, -13.10684910599997 ], [ -74.340590108999947, -13.106166730999973 ], [ -74.339746108999975, -13.105911355999979 ], [ -74.339189483999974, -13.105911355999979 ], [ -74.338493608999954, -13.106015730999957 ], [ -74.33797173399995, -13.106259355999953 ], [ -74.337136858999941, -13.106328855999948 ], [ -74.336197483999968, -13.106328855999948 ], [ -74.334457983999982, -13.106085355999937 ], [ -74.333657733999985, -13.105528730999936 ], [ -74.332852108999987, -13.104917105999959 ], [ -74.332389858999989, -13.104244605999952 ], [ -74.331828483999971, -13.102710230999946 ], [ -74.331042608999951, -13.099753730999964 ], [ -74.33115485899998, -13.098406480999927 ], [ -74.331359358999975, -13.097203105999938 ], [ -74.331259733999957, -13.096587855999928 ], [ -74.330705733999935, -13.095375105999949 ], [ -74.330443733999971, -13.094289855999932 ], [ -74.330291192999937, -13.09311710999998 ], [ -74.330010170999969, -13.092794316999971 ], [ -74.329288567999981, -13.092635161999965 ], [ -74.327925164999954, -13.092474333999974 ], [ -74.327364442999965, -13.09215831299997 ], [ -74.32696438399995, -13.091764070999943 ], [ -74.326404518999936, -13.091133490999937 ], [ -74.325681854999971, -13.091367521999928 ], [ -74.324639360999981, -13.09120751599994 ], [ -74.323757532999934, -13.09096928699995 ], [ -74.323198106999939, -13.090181419999965 ], [ -74.322559317999946, -13.089078785999959 ], [ -74.322722127999953, -13.088214173999972 ], [ -74.322563184999979, -13.08766327799998 ], [ -74.321921825999937, -13.087504314999933 ], [ -74.321039153999948, -13.087580632999959 ], [ -74.320076469999947, -13.087578099999973 ], [ -74.319356401999983, -13.086868443999947 ], [ -74.318796998999971, -13.086080568999932 ], [ -74.318156944999942, -13.08544975999996 ], [ -74.317152467999961, -13.08499175399993 ], [ -74.316348752999943, -13.084527044999959 ], [ -74.314282934999937, -13.083507660999942 ], [ -74.31234782699994, -13.081981656999972 ], [ -74.31064078299994, -13.081054535999954 ], [ -74.30964830399995, -13.080195570999933 ], [ -74.308992356999966, -13.079818152999962 ], [ -74.308340194999971, -13.07940711599997 ], [ -74.307856758999947, -13.078739796999969 ], [ -74.30686338199996, -13.078291587999956 ], [ -74.306331145999934, -13.077641523999944 ], [ -74.305484547999981, -13.076687788999948 ], [ -74.305003323999983, -13.075235517999943 ], [ -74.304714682999986, -13.074330853999982 ], [ -74.304449174999945, -13.073830622999935 ], [ -74.304391686999963, -13.073773952999943 ], [ -74.303750842999989, -13.073300794999966 ], [ -74.303833487999952, -13.072435980999956 ], [ -74.304316780999955, -13.071729525999956 ], [ -74.303865852999934, -13.070736536999959 ], [ -74.303865172999963, -13.070736337999961 ], [ -74.303287108999939, -13.070121105999931 ], [ -74.303078108999955, -13.068583980999961 ], [ -74.302769483999953, -13.06802148099996 ], [ -74.302380858999982, -13.06753323099997 ], [ -74.301882858999988, -13.067087855999944 ], [ -74.301574983999956, -13.066747230999965 ], [ -74.300646358999984, -13.065755980999938 ], [ -74.300099608999972, -13.065175855999939 ], [ -74.298922881999943, -13.063815765999948 ], [ -74.294521483999972, -13.063994605999937 ] ] ] ] } },
{ "type": "Feature", "properties": { "UBIGEO": "050110", "CCDD": "05", "CCPP": "01", "CCDI": "10", "DEPARTAMEN": "AYACUCHO", "PROVINCIA": "HUAMANGA", "DISTRITO": "SAN JUAN BAUTISTA", "OBJECTID": 454.0, "ESRI_OID": 458.0 }, "geometry": { "type": "MultiPolygon", "coordinates": [ [ [ [ -74.196418052999945, -13.197349439999982 ], [ -74.196424773999979, -13.197345598999959 ], [ -74.19674103899996, -13.197190442999954 ], [ -74.197306160999972, -13.19689300999994 ], [ -74.197722566999971, -13.196536090999928 ], [ -74.198317431999953, -13.19623865799997 ], [ -74.198793323999951, -13.196089941999958 ], [ -74.199179985999933, -13.195970968999973 ], [ -74.19983433799996, -13.195881738999958 ], [ -74.200161513999944, -13.195851995999931 ], [ -74.200696892999986, -13.195911482999975 ], [ -74.201172784999983, -13.196000711999943 ], [ -74.201708163999967, -13.195970968999973 ], [ -74.202035339999952, -13.195733022999946 ], [ -74.202600461999964, -13.195703279999975 ], [ -74.203076353999961, -13.195762765999973 ], [ -74.203195326999946, -13.195851995999931 ], [ -74.203314299999988, -13.196119684999928 ], [ -74.203552245999958, -13.19623865799997 ], [ -74.203736653999954, -13.196333836999941 ], [ -74.203903215999958, -13.196452809999926 ], [ -74.204295827999943, -13.196595577999972 ], [ -74.204652746999955, -13.196678858999974 ], [ -74.204884743999969, -13.196702652999932 ], [ -74.205069151999965, -13.196732396999948 ], [ -74.205122689999939, -13.19672763799997 ], [ -74.20575800599994, -13.196595577999972 ], [ -74.206489690999945, -13.196445671999982 ], [ -74.206810917999974, -13.196409979999942 ], [ -74.207227323999973, -13.196421876999977 ], [ -74.207417679999935, -13.196386184999938 ], [ -74.20770321599997, -13.196338595999975 ], [ -74.208024442999942, -13.196243416999948 ], [ -74.208095826999966, -13.196136341999932 ], [ -74.208167210999989, -13.196005470999978 ], [ -74.208214799999951, -13.195862703999978 ], [ -74.208238593999965, -13.195708038999953 ], [ -74.208309977999988, -13.195589065999968 ], [ -74.20835756699995, -13.195470091999937 ], [ -74.208381361999955, -13.195339221999973 ], [ -74.208460037999942, -13.195215143999974 ], [ -74.208495662999951, -13.195075143999929 ], [ -74.208569537999949, -13.194912643999942 ], [ -74.208764912999982, -13.194713268999976 ], [ -74.208853912999984, -13.19457676899998 ], [ -74.208869162999974, -13.194525268999939 ], [ -74.208823787999961, -13.194459268999935 ], [ -74.208861787999979, -13.194400518999942 ], [ -74.208937537999986, -13.194363643999964 ], [ -74.209065912999961, -13.194233643999951 ], [ -74.209195037999962, -13.194116018999978 ], [ -74.209309662999942, -13.19402576899995 ], [ -74.209438263999971, -13.193911545999981 ], [ -74.209471787999973, -13.193881768999972 ], [ -74.209695537999949, -13.193788893999965 ], [ -74.209851662999938, -13.193760643999951 ], [ -74.209992287999967, -13.193772268999965 ], [ -74.210070412999983, -13.19374076899993 ], [ -74.210133412999937, -13.193655518999947 ], [ -74.210141287999988, -13.193655518999947 ], [ -74.210219787999961, -13.193600768999943 ], [ -74.210306912999954, -13.193559768999933 ], [ -74.210394662999988, -13.193556268999941 ], [ -74.210517537999976, -13.19345551899994 ], [ -74.210572246999959, -13.19344207499995 ], [ -74.210678787999939, -13.193415893999941 ], [ -74.21076941299998, -13.193370268999956 ], [ -74.210803537999936, -13.193353143999957 ], [ -74.210890162999988, -13.193254018999937 ], [ -74.210977287999981, -13.193097018999936 ], [ -74.21106453799996, -13.192928643999949 ], [ -74.21108303799997, -13.192819518999954 ], [ -74.211082912999984, -13.192715143999976 ], [ -74.21105141299995, -13.192615768999929 ], [ -74.211044912999967, -13.192551143999935 ], [ -74.211057412999935, -13.192497643999957 ], [ -74.211133287999985, -13.192486268999971 ], [ -74.211209162999978, -13.192499268999939 ], [ -74.211297662999982, -13.192499768999937 ], [ -74.21136103799995, -13.192450893999933 ], [ -74.211348787999952, -13.192373643999929 ], [ -74.211317537999946, -13.192314393999936 ], [ -74.21133053799997, -13.192242018999934 ], [ -74.211375287999942, -13.192187018999959 ], [ -74.211464662999958, -13.192113018999976 ], [ -74.211509912999986, -13.192034143999933 ], [ -74.211524537999935, -13.191920018999951 ], [ -74.211531912999988, -13.191865643999961 ], [ -74.211539537999954, -13.191723518999936 ], [ -74.211593818999972, -13.191591063999965 ], [ -74.211631537999949, -13.191499018999934 ], [ -74.211726329999976, -13.191352042999938 ], [ -74.211895825999989, -13.191160888999946 ], [ -74.211971968999933, -13.191056191999962 ], [ -74.212024316999987, -13.190961013999981 ], [ -74.212081423999962, -13.190865834999954 ], [ -74.212145074999967, -13.190789097999982 ], [ -74.21218076599996, -13.190738533999934 ], [ -74.21224620199996, -13.190625509999961 ], [ -74.212290816999939, -13.190515459999972 ], [ -74.212350302999937, -13.190435152999953 ], [ -74.212418712999977, -13.190369717999943 ], [ -74.212496044999966, -13.190277513999945 ], [ -74.212564454999949, -13.190173411999979 ], [ -74.212639875999969, -13.190041424999947 ], [ -74.212583662999975, -13.18995214499995 ], [ -74.212553912999965, -13.189818144999947 ], [ -74.212465162999933, -13.189722269999947 ], [ -74.212238162999938, -13.189606769999955 ], [ -74.212000662999969, -13.189471769999955 ], [ -74.211921037999957, -13.18929839499998 ], [ -74.211870162999958, -13.189018769999961 ], [ -74.211871537999968, -13.18896914499993 ], [ -74.211877787999981, -13.188737644999946 ], [ -74.211944287999984, -13.188425894999966 ], [ -74.211943037999959, -13.188221269999929 ], [ -74.211912162999965, -13.188026144999981 ], [ -74.211790662999988, -13.187819144999935 ], [ -74.211605537999958, -13.187656769999933 ], [ -74.211531912999988, -13.187558019999926 ], [ -74.211442662999957, -13.187375519999932 ], [ -74.211400412999978, -13.187243019999926 ], [ -74.21137016299997, -13.187138769999933 ], [ -74.211370037999984, -13.187135894999926 ], [ -74.211372662999963, -13.18700189499998 ], [ -74.21135703799996, -13.186867144999951 ], [ -74.211329412999987, -13.18678164499994 ], [ -74.211332037999966, -13.186699019999935 ], [ -74.211319537999941, -13.186618894999981 ], [ -74.211279787999956, -13.186565019999932 ], [ -74.211224912999967, -13.186502394999934 ], [ -74.211170287999948, -13.186484519999965 ], [ -74.211167287999956, -13.186484519999965 ], [ -74.211155162999944, -13.186484519999965 ], [ -74.211048912999956, -13.186454644999969 ], [ -74.210975037999958, -13.186358894999955 ], [ -74.210969912999985, -13.186225769999965 ], [ -74.210979537999947, -13.186061019999954 ], [ -74.211000662999936, -13.185966269999938 ], [ -74.211000787999978, -13.185890019999931 ], [ -74.211010162999969, -13.185822394999946 ], [ -74.210979537999947, -13.185761019999973 ], [ -74.210902787999942, -13.185711769999955 ], [ -74.210767037999972, -13.185665894999943 ], [ -74.21068341299997, -13.18560451999997 ], [ -74.210642787999973, -13.185524519999944 ], [ -74.21064241299996, -13.185423144999959 ], [ -74.210682412999972, -13.185315144999947 ], [ -74.21068553799995, -13.18530614499997 ], [ -74.210759912999947, -13.185206769999979 ], [ -74.210784787999955, -13.185107269999946 ], [ -74.210784787999955, -13.185098269999969 ], [ -74.210747162999951, -13.184995769999944 ], [ -74.210693912999943, -13.184935519999954 ], [ -74.210684537999953, -13.184929519999969 ], [ -74.210580787999959, -13.184869144999936 ], [ -74.210568162999948, -13.184863019999966 ], [ -74.210505162999937, -13.184787019999931 ], [ -74.210482537999951, -13.184692394999956 ], [ -74.210503912999968, -13.184582269999964 ], [ -74.210500287999935, -13.184499394999932 ], [ -74.210497162999957, -13.184487019999949 ], [ -74.21045866299994, -13.184385394999936 ], [ -74.210452287999942, -13.184376144999931 ], [ -74.210407162999957, -13.184255519999965 ], [ -74.210383912999987, -13.184165144999952 ], [ -74.210383787999945, -13.184152644999926 ], [ -74.210382537999976, -13.184030769999936 ], [ -74.210368787999982, -13.183924019999949 ], [ -74.210319787999936, -13.18383139499997 ], [ -74.210239037999941, -13.183728519999931 ], [ -74.21017741299994, -13.18366476999995 ], [ -74.210080412999957, -13.183607269999982 ], [ -74.209977037999977, -13.183589644999927 ], [ -74.209932912999989, -13.183546769999964 ], [ -74.20991278799994, -13.183514394999975 ], [ -74.209899912999958, -13.183424019999961 ], [ -74.209956287999944, -13.183309394999981 ], [ -74.210065537999981, -13.183231269999965 ], [ -74.210149412999954, -13.183190519999926 ], [ -74.210174787999961, -13.183121769999957 ], [ -74.210147662999987, -13.183018644999947 ], [ -74.210123787999976, -13.182911769999976 ], [ -74.210122787999978, -13.182804519999934 ], [ -74.210177537999982, -13.182674519999978 ], [ -74.210242162999975, -13.182541144999959 ], [ -74.210316662999958, -13.182439144999933 ], [ -74.210348662999934, -13.182314394999935 ], [ -74.210348662999934, -13.182311269999957 ], [ -74.210347912999964, -13.182189144999938 ], [ -74.210357162999969, -13.182066769999949 ], [ -74.210425912999938, -13.181998894999936 ], [ -74.210504537999952, -13.181940019999956 ], [ -74.210580162999975, -13.181903769999963 ], [ -74.210603162999973, -13.18181551999993 ], [ -74.210593037999956, -13.181742894999957 ], [ -74.210576162999985, -13.181660269999952 ], [ -74.210599287999969, -13.181607519999943 ], [ -74.210686037999949, -13.181494519999944 ], [ -74.210691162999979, -13.181489519999957 ], [ -74.210767537999971, -13.181368019999979 ], [ -74.210770537999963, -13.18127214499998 ], [ -74.210725787999934, -13.181142144999967 ], [ -74.210706162999941, -13.18101364499995 ], [ -74.210666162999985, -13.180889769999965 ], [ -74.210595287999979, -13.18074764499994 ], [ -74.210549412999967, -13.180614519999949 ], [ -74.210552537999945, -13.180511019999926 ], [ -74.21061803799995, -13.180386769999927 ], [ -74.210717912999939, -13.180241394999939 ], [ -74.210750209999958, -13.180171687999973 ], [ -74.210820483999953, -13.180246980999982 ], [ -74.211020608999945, -13.180611105999958 ], [ -74.211281983999982, -13.180980230999978 ], [ -74.211348733999955, -13.18111360599994 ], [ -74.211538358999974, -13.181395605999967 ], [ -74.21197935899994, -13.181959605999964 ], [ -74.212245983999935, -13.182246855999949 ], [ -74.212307608999936, -13.182262230999982 ], [ -74.212871483999947, -13.181913605999966 ], [ -74.213597108999977, -13.181462230999955 ], [ -74.214376608999942, -13.180939230999968 ], [ -74.214458608999962, -13.180805980999935 ], [ -74.215268733999949, -13.180008605999944 ], [ -74.215617483999949, -13.179736855999977 ], [ -74.216048108999985, -13.179418855999927 ], [ -74.216386608999983, -13.179118980999931 ], [ -74.21690960899997, -13.179385605999926 ], [ -74.217483858999969, -13.179682980999928 ], [ -74.217996608999954, -13.179964980999955 ], [ -74.218242858999986, -13.178811230999941 ], [ -74.218258233999961, -13.178375480999932 ], [ -74.218386358999965, -13.177478105999967 ], [ -74.218437608999977, -13.177047355999946 ], [ -74.218509483999981, -13.176457730999971 ], [ -74.218586358999971, -13.175993605999963 ], [ -74.218709358999945, -13.174962980999965 ], [ -74.218724733999977, -13.174521980999941 ], [ -74.218868358999941, -13.173937480999939 ], [ -74.218934983999986, -13.173757980999937 ], [ -74.219299108999962, -13.173516980999977 ], [ -74.219619233999936, -13.173334730999954 ], [ -74.21961698399997, -13.173306730999968 ], [ -74.219642608999948, -13.172737605999941 ], [ -74.219642608999948, -13.17250185599994 ], [ -74.220160483999962, -13.172537605999935 ], [ -74.220355358999939, -13.172609355999953 ], [ -74.220468233999952, -13.172532480999962 ], [ -74.220693858999937, -13.172255605999965 ], [ -74.220811733999938, -13.17222998099993 ], [ -74.220832233999943, -13.172127355999976 ], [ -74.221201483999948, -13.171850480999979 ], [ -74.221668233999935, -13.17194285599993 ], [ -74.221668233999935, -13.171855730999937 ], [ -74.221739858999968, -13.17163510599994 ], [ -74.221747983999933, -13.171626230999948 ], [ -74.22175010899997, -13.171640230999969 ], [ -74.222006483999962, -13.171563355999979 ], [ -74.222247483999979, -13.171404355999982 ], [ -74.22236023399995, -13.171235230999969 ], [ -74.222437233999983, -13.170968605999974 ], [ -74.222539936999965, -13.170832080999958 ], [ -74.222747543999958, -13.170588140999939 ], [ -74.222802340999976, -13.170346285999926 ], [ -74.223060252999971, -13.170223531999966 ], [ -74.223088799999971, -13.169971806999968 ], [ -74.223205578999966, -13.170019816999968 ], [ -74.223552024999947, -13.170126214999982 ], [ -74.223781688999964, -13.170153462999963 ], [ -74.223947774999942, -13.170167736999929 ], [ -74.224269567999954, -13.170030195999971 ], [ -74.224713584999961, -13.169832261999943 ], [ -74.224944608999976, -13.169737980999969 ], [ -74.22537355999998, -13.169595035999976 ], [ -74.22576133299998, -13.169397347999961 ], [ -74.226161272999946, -13.16916164099996 ], [ -74.226357438999969, -13.169049111999982 ], [ -74.226521672999979, -13.16895330899996 ], [ -74.226713565999944, -13.168877853999959 ], [ -74.22686771399998, -13.168823939999982 ], [ -74.226844237999956, -13.168682511999975 ], [ -74.226575481999987, -13.168443615999934 ], [ -74.226092713999947, -13.168050433999952 ], [ -74.22556515399998, -13.167383517999951 ], [ -74.225378412999987, -13.167060144999937 ], [ -74.225336139999968, -13.167015216999971 ], [ -74.22509731599996, -13.16676139499998 ], [ -74.22487618699995, -13.166046882999979 ], [ -74.224853444999951, -13.165994937999926 ], [ -74.224778787999981, -13.165631619999942 ], [ -74.224659340999949, -13.165143872999977 ], [ -74.224465239999972, -13.164850230999946 ], [ -74.224216389999981, -13.164695945999938 ], [ -74.224017309999965, -13.164521749999949 ], [ -74.223808276999989, -13.164188292999938 ], [ -74.223698781999985, -13.164009121999982 ], [ -74.223441768999976, -13.163975304999951 ], [ -74.222527012999933, -13.164068122999936 ], [ -74.22134265699998, -13.164172187999952 ], [ -74.218534403999968, -13.164414847999979 ], [ -74.218290086999957, -13.164473912999938 ], [ -74.217728026999964, -13.164651624999976 ], [ -74.217239393999989, -13.164769751999927 ], [ -74.216970358999959, -13.164924431999964 ], [ -74.216798553999979, -13.165036605999944 ], [ -74.216546955999945, -13.165251382999941 ], [ -74.216319905999967, -13.165449796999951 ], [ -74.216105127999981, -13.165654347999975 ], [ -74.215882166999961, -13.16587730699996 ], [ -74.215700953999942, -13.165912611999943 ], [ -74.215677985999946, -13.165921740999977 ], [ -74.214223221999987, -13.166500570999972 ], [ -74.213583709999966, -13.166713572999981 ], [ -74.213288324999951, -13.167058187999942 ], [ -74.21275103399995, -13.167628435999973 ], [ -74.21251889399997, -13.167688021999936 ], [ -74.212154199999986, -13.16779 ], [ -74.212149787999977, -13.167791234999981 ], [ -74.208004658999982, -13.168950331999952 ], [ -74.207379069999945, -13.16913978599996 ], [ -74.20701738799994, -13.169253497999932 ], [ -74.206342783999958, -13.169500214999971 ], [ -74.20557028099995, -13.16982317999998 ], [ -74.204804944999978, -13.170133583999927 ], [ -74.202490043999944, -13.171105474999933 ], [ -74.202118559999974, -13.171228720999977 ], [ -74.20144410499995, -13.171427578999953 ], [ -74.200437561999934, -13.171644537999953 ], [ -74.199733992999938, -13.171785880999948 ], [ -74.199079280999968, -13.171917808999979 ], [ -74.198397971999952, -13.171970703999932 ], [ -74.197237188999964, -13.172058285999981 ], [ -74.196914059999983, -13.172048179999933 ], [ -74.196700858999975, -13.172203156999956 ], [ -74.196586811999964, -13.172409673999937 ], [ -74.196484301999988, -13.172610642999928 ], [ -74.196348617999945, -13.172625054999969 ], [ -74.196109580999973, -13.172679896999966 ], [ -74.195938217999981, -13.172745292999934 ], [ -74.195771988999979, -13.172811757999966 ], [ -74.195557303999976, -13.172838121999973 ], [ -74.195300072999942, -13.172780242999977 ], [ -74.194959649999987, -13.172664314999963 ], [ -74.194547951999937, -13.172522689999937 ], [ -74.194434731999934, -13.172625746999927 ], [ -74.194419112999981, -13.172922343999971 ], [ -74.194330324999953, -13.173116986999958 ], [ -74.194201514999975, -13.173236593999945 ], [ -74.194063506999953, -13.173275236999928 ], [ -74.193774606999966, -13.173619339999959 ], [ -74.193384121999941, -13.173995630999968 ], [ -74.192956336999941, -13.17416174799996 ], [ -74.19266298399998, -13.17428044199994 ], [ -74.192329444999984, -13.174258038999938 ], [ -74.192149240999981, -13.174601785999926 ], [ -74.191912592999984, -13.17475402599996 ], [ -74.190509619999943, -13.174885228999926 ], [ -74.190549983999972, -13.175019980999934 ], [ -74.190657403999978, -13.175836580999942 ], [ -74.191059983999935, -13.177139980999982 ], [ -74.191089983999973, -13.177839980999977 ], [ -74.191249983999967, -13.178039980999927 ], [ -74.191679983999961, -13.178249980999965 ], [ -74.192049983999937, -13.178659980999953 ], [ -74.192109983999956, -13.178899980999972 ], [ -74.192089983999949, -13.17945998099998 ], [ -74.191869983999936, -13.18070998099995 ], [ -74.191849983999987, -13.181339980999951 ], [ -74.192039983999962, -13.182389980999972 ], [ -74.191959983999936, -13.18377998099993 ], [ -74.192099983999981, -13.185309980999932 ], [ -74.191889983999943, -13.186369980999928 ], [ -74.191819983999949, -13.187109980999935 ], [ -74.191879983999968, -13.18771998099993 ], [ -74.192079983999975, -13.188429980999956 ], [ -74.192869983999969, -13.190529980999941 ], [ -74.193029983999963, -13.19192998099993 ], [ -74.193339983999977, -13.192719980999982 ], [ -74.193519983999977, -13.193869980999978 ], [ -74.193929983999965, -13.194749980999973 ], [ -74.194199983999965, -13.195109980999973 ], [ -74.194749983999941, -13.19557998099998 ], [ -74.195099983999967, -13.196319980999931 ], [ -74.195599983999955, -13.196969980999938 ], [ -74.195919983999943, -13.197209980999958 ], [ -74.196418052999945, -13.197349439999982 ] ] ] ] } },
{ "type": "Feature", "properties": { "UBIGEO": "050111", "CCDD": "05", "CCPP": "01", "CCDI": "11", "DEPARTAMEN": "AYACUCHO", "PROVINCIA": "HUAMANGA", "DISTRITO": "SANTIAGO DE PISCHA", "OBJECTID": 455.0, "ESRI_OID": 459.0 }, "geometry": { "type": "MultiPolygon", "coordinates": [ [ [ [ -74.367120108999984, -13.021199980999938 ], [ -74.36711835899996, -13.021200230999966 ], [ -74.367117358999963, -13.021200355999952 ], [ -74.367115733999981, -13.021200605999979 ], [ -74.367062483999973, -13.02120810599996 ], [ -74.366619983999954, -13.021269980999932 ], [ -74.366526233999934, -13.021269980999932 ], [ -74.366169983999953, -13.021269980999932 ], [ -74.366166108999948, -13.021271980999927 ], [ -74.365353108999955, -13.021696855999949 ], [ -74.364545733999989, -13.022118855999963 ], [ -74.363624983999955, -13.022502480999947 ], [ -74.362707858999954, -13.022696855999982 ], [ -74.362600608999969, -13.022719605999953 ], [ -74.362409983999953, -13.022759980999979 ], [ -74.361680065999963, -13.023229927999978 ], [ -74.361059983999951, -13.023639980999974 ], [ -74.360829983999963, -13.023869980999962 ], [ -74.359519983999974, -13.024689980999938 ], [ -74.358469983999953, -13.025579980999964 ], [ -74.357839983999952, -13.025799980999977 ], [ -74.357129983999982, -13.025819980999927 ], [ -74.356856733999962, -13.025766605999934 ], [ -74.356259983999962, -13.025649980999958 ], [ -74.356130858999961, -13.025580980999962 ], [ -74.354949983999973, -13.024949980999963 ], [ -74.354679983999972, -13.024889980999944 ], [ -74.35359998399997, -13.024999980999951 ], [ -74.353597858999933, -13.024999855999965 ], [ -74.353503233999959, -13.024994230999937 ], [ -74.353469483999959, -13.024992105999956 ], [ -74.353371483999979, -13.024986230999957 ], [ -74.353315983999948, -13.024982855999951 ], [ -74.352605608999966, -13.024940105999974 ], [ -74.351939983999955, -13.024899980999976 ], [ -74.351469983999948, -13.024949980999963 ], [ -74.350419983999984, -13.025559980999958 ], [ -74.350305983999988, -13.025593730999958 ], [ -74.349979983999958, -13.025689980999971 ], [ -74.349079983999957, -13.025659980999933 ], [ -74.348309983999968, -13.025399980999964 ], [ -74.348249983999949, -13.025389980999933 ], [ -74.34809923399996, -13.025407730999973 ], [ -74.347114858999987, -13.025523480999937 ], [ -74.345876358999988, -13.025844605999964 ], [ -74.344087483999942, -13.026945480999927 ], [ -74.34174810899998, -13.028459230999943 ], [ -74.339133483999944, -13.030431605999979 ], [ -74.337023358999943, -13.032404105999944 ], [ -74.334638108999968, -13.035614980999981 ], [ -74.333296983999958, -13.039130855999929 ], [ -74.333115233999933, -13.040161980999926 ], [ -74.332367233999946, -13.04176948099996 ], [ -74.331330108999964, -13.043205105999959 ], [ -74.329319983999937, -13.044513480999967 ], [ -74.328879983999968, -13.044999980999933 ], [ -74.328799983999943, -13.045019980999939 ], [ -74.328286983999988, -13.04534148099998 ], [ -74.328144358999964, -13.045430980999981 ], [ -74.328052983999953, -13.045488230999979 ], [ -74.328051108999944, -13.045489355999962 ], [ -74.328049983999961, -13.045489980999946 ], [ -74.328049233999934, -13.045490230999974 ], [ -74.327093108999975, -13.045837355999936 ], [ -74.326326608999977, -13.046333355999934 ], [ -74.325544983999976, -13.047265230999926 ], [ -74.324748358999955, -13.048197230999961 ], [ -74.323711188999937, -13.048978763999969 ], [ -74.322674108999934, -13.04974535599996 ], [ -74.321306233999962, -13.050782480999942 ], [ -74.319758108999963, -13.051924855999971 ], [ -74.318540608999967, -13.052631230999964 ], [ -74.316766983999969, -13.053442980999932 ], [ -74.316135733999943, -13.053758605999974 ], [ -74.315504358999988, -13.054389730999958 ], [ -74.314602483999977, -13.05532160599995 ], [ -74.313850983999941, -13.056193605999965 ], [ -74.312513233999937, -13.057741730999965 ], [ -74.311446108999974, -13.058868980999932 ], [ -74.310348858999987, -13.059605605999934 ], [ -74.308560108999984, -13.06013160599997 ], [ -74.306756483999948, -13.06046235599996 ], [ -74.305734358999985, -13.060762980999982 ], [ -74.304561983999974, -13.061078605999967 ], [ -74.302923608999947, -13.061424355999975 ], [ -74.301901483999984, -13.061980480999978 ], [ -74.300698983999951, -13.062671855999952 ], [ -74.299180983999975, -13.063453480999954 ], [ -74.298922881999943, -13.063815765999948 ], [ -74.300099608999972, -13.065175855999939 ], [ -74.300646358999984, -13.065755980999938 ], [ -74.301574983999956, -13.066747230999965 ], [ -74.301882858999988, -13.067087855999944 ], [ -74.302380858999982, -13.06753323099997 ], [ -74.302769483999953, -13.06802148099996 ], [ -74.303078108999955, -13.068583980999961 ], [ -74.303287108999939, -13.070121105999931 ], [ -74.303865172999963, -13.070736337999961 ], [ -74.303865852999934, -13.070736536999959 ], [ -74.304316780999955, -13.071729525999956 ], [ -74.303833487999952, -13.072435980999956 ], [ -74.303750842999989, -13.073300794999966 ], [ -74.304391686999963, -13.073773952999943 ], [ -74.304449174999945, -13.073830622999935 ], [ -74.304714682999986, -13.074330853999982 ], [ -74.305003323999983, -13.075235517999943 ], [ -74.305484547999981, -13.076687788999948 ], [ -74.306331145999934, -13.077641523999944 ], [ -74.30686338199996, -13.078291587999956 ], [ -74.307856758999947, -13.078739796999969 ], [ -74.308340194999971, -13.07940711599997 ], [ -74.308992356999966, -13.079818152999962 ], [ -74.30964830399995, -13.080195570999933 ], [ -74.31064078299994, -13.081054535999954 ], [ -74.31234782699994, -13.081981656999972 ], [ -74.314282934999937, -13.083507660999942 ], [ -74.316348752999943, -13.084527044999959 ], [ -74.317152467999961, -13.08499175399993 ], [ -74.318156944999942, -13.08544975999996 ], [ -74.318796998999971, -13.086080568999932 ], [ -74.319356401999983, -13.086868443999947 ], [ -74.320076469999947, -13.087578099999973 ], [ -74.321039153999948, -13.087580632999959 ], [ -74.321921825999937, -13.087504314999933 ], [ -74.322563184999979, -13.08766327799998 ], [ -74.322722127999953, -13.088214173999972 ], [ -74.322559317999946, -13.089078785999959 ], [ -74.323198106999939, -13.090181419999965 ], [ -74.323757532999934, -13.09096928699995 ], [ -74.324639360999981, -13.09120751599994 ], [ -74.325681854999971, -13.091367521999928 ], [ -74.326404518999936, -13.091133490999937 ], [ -74.32696438399995, -13.091764070999943 ], [ -74.327364442999965, -13.09215831299997 ], [ -74.327925164999954, -13.092474333999974 ], [ -74.329288567999981, -13.092635161999965 ], [ -74.330010170999969, -13.092794316999971 ], [ -74.330291192999937, -13.09311710999998 ], [ -74.330443733999971, -13.094289855999932 ], [ -74.330705733999935, -13.095375105999949 ], [ -74.331259733999957, -13.096587855999928 ], [ -74.331359358999975, -13.097203105999938 ], [ -74.33115485899998, -13.098406480999927 ], [ -74.331042608999951, -13.099753730999964 ], [ -74.331828483999971, -13.102710230999946 ], [ -74.332389858999989, -13.104244605999952 ], [ -74.332852108999987, -13.104917105999959 ], [ -74.333657733999985, -13.105528730999936 ], [ -74.334457983999982, -13.106085355999937 ], [ -74.336197483999968, -13.106328855999948 ], [ -74.337136858999941, -13.106328855999948 ], [ -74.33797173399995, -13.106259355999953 ], [ -74.338493608999954, -13.106015730999957 ], [ -74.339189483999974, -13.105911355999979 ], [ -74.339746108999975, -13.105911355999979 ], [ -74.340590108999947, -13.106166730999973 ], [ -74.342318983999974, -13.10684910599997 ], [ -74.344190108999953, -13.107609355999955 ], [ -74.345535108999968, -13.108194105999928 ], [ -74.347289358999944, -13.108661855999969 ], [ -74.349686983999959, -13.108603480999932 ], [ -74.35202585899998, -13.108077105999939 ], [ -74.353663233999953, -13.107784730999981 ], [ -74.354891233999979, -13.10790173099997 ], [ -74.35588523399997, -13.108310980999931 ], [ -74.356703858999936, -13.108837355999981 ], [ -74.357756483999935, -13.110006855999927 ], [ -74.35880898399995, -13.110942480999938 ], [ -74.360270733999982, -13.111819605999926 ], [ -74.361908233999941, -13.112170355999979 ], [ -74.363311608999936, -13.112813605999975 ], [ -74.364598108999985, -13.113690730999963 ], [ -74.365650608999943, -13.114450980999948 ], [ -74.365995418999944, -13.114983810999945 ], [ -74.366293858999938, -13.116146730999958 ], [ -74.366176983999935, -13.117023855999946 ], [ -74.36600148399998, -13.118251855999972 ], [ -74.365182858999958, -13.119538355999964 ], [ -74.364948983999966, -13.120649355999944 ], [ -74.365007483999989, -13.12129260599994 ], [ -74.365299858999947, -13.12205273099994 ], [ -74.368377893999934, -13.122853101999965 ], [ -74.368939139999952, -13.123011757999961 ], [ -74.369984846999955, -13.123514171999943 ], [ -74.369985389999954, -13.123513328999934 ], [ -74.371500037999965, -13.124450019999927 ], [ -74.372750037999936, -13.125480019999941 ], [ -74.373050037999974, -13.12563001999996 ], [ -74.373360037999987, -13.125680019999947 ], [ -74.374280037999938, -13.12545001999996 ], [ -74.375210037999977, -13.12545001999996 ], [ -74.375530037999965, -13.125500019999947 ], [ -74.376420037999935, -13.125820019999935 ], [ -74.376940037999987, -13.125930019999942 ], [ -74.379140037999946, -13.12614001999998 ], [ -74.379950037999947, -13.126390019999974 ], [ -74.38041003799998, -13.126590019999981 ], [ -74.381730037999944, -13.12748001999995 ], [ -74.382700037999939, -13.127610019999963 ], [ -74.38351003799994, -13.127620019999938 ], [ -74.38411003799996, -13.127840019999951 ], [ -74.385020037999936, -13.128420019999965 ], [ -74.385950037999976, -13.129140019999966 ], [ -74.386260037999989, -13.129290019999928 ], [ -74.386850037999977, -13.12930001999996 ], [ -74.387930037999979, -13.129100019999953 ], [ -74.388800037999943, -13.128530019999971 ], [ -74.389247854999951, -13.12831108599994 ], [ -74.389249983999946, -13.128309980999973 ], [ -74.389497733999974, -13.128110855999978 ], [ -74.390219983999941, -13.127529980999952 ], [ -74.39105998399998, -13.126539980999951 ], [ -74.391439983999987, -13.126319980999938 ], [ -74.392029983999976, -13.126159980999944 ], [ -74.392729983999971, -13.126079980999975 ], [ -74.39351985899998, -13.126182730999972 ], [ -74.393959983999935, -13.126239980999969 ], [ -74.394249983999941, -13.126229980999938 ], [ -74.395219983999937, -13.125889980999943 ], [ -74.395819983999957, -13.125799980999943 ], [ -74.396719983999958, -13.125559980999981 ], [ -74.397119983999971, -13.125389980999955 ], [ -74.397769983999979, -13.124969980999936 ], [ -74.398649983999974, -13.124179980999941 ], [ -74.399039983999955, -13.124129980999953 ], [ -74.399729983999976, -13.12414998099996 ], [ -74.400199983999983, -13.123989980999966 ], [ -74.40095998399994, -13.123139980999952 ], [ -74.401359983999953, -13.122789980999926 ], [ -74.401719983999953, -13.122599980999951 ], [ -74.402679983999974, -13.122249980999982 ], [ -74.403639983999938, -13.122119980999969 ], [ -74.405089983999972, -13.122139980999975 ], [ -74.406169983999973, -13.121789980999949 ], [ -74.406839983999987, -13.121649980999962 ], [ -74.408819983999933, -13.121559980999962 ], [ -74.40928998399994, -13.12145998099993 ], [ -74.409859983999979, -13.121199980999961 ], [ -74.410119983999948, -13.121009980999929 ], [ -74.410369983999942, -13.120649980999929 ], [ -74.410869983999987, -13.11969998099994 ], [ -74.410869983999987, -13.119129980999958 ], [ -74.41039998399998, -13.118079980999937 ], [ -74.410369983999942, -13.11722998099998 ], [ -74.410439983999936, -13.116829980999967 ], [ -74.410999983999943, -13.115569980999965 ], [ -74.41110998399995, -13.115039980999939 ], [ -74.411009977999981, -13.113469919999943 ], [ -74.410999983999943, -13.113349980999942 ], [ -74.411179983999943, -13.112559980999947 ], [ -74.411139983999988, -13.111969980999959 ], [ -74.410919983999975, -13.111459980999939 ], [ -74.410669983999981, -13.11128998099997 ], [ -74.410139983999954, -13.111099980999938 ], [ -74.409489983999947, -13.110349980999956 ], [ -74.408759983999971, -13.110089980999931 ], [ -74.408667358999935, -13.109984480999969 ], [ -74.408469983999964, -13.109759980999968 ], [ -74.408439983999983, -13.109609980999949 ], [ -74.408549983999933, -13.10916998099998 ], [ -74.408919983999965, -13.10865998099996 ], [ -74.409219983999947, -13.108339980999972 ], [ -74.410759983999981, -13.107189980999976 ], [ -74.411509983999963, -13.105999980999968 ], [ -74.411399983999956, -13.105389980999973 ], [ -74.411159983999937, -13.104839980999941 ], [ -74.411029983999981, -13.10471998099996 ], [ -74.410972983999955, -13.104446480999968 ], [ -74.410789983999962, -13.103569980999964 ], [ -74.410871233999956, -13.102672230999929 ], [ -74.410919483999976, -13.102139230999967 ], [ -74.41121048399998, -13.100812980999933 ], [ -74.411256608999963, -13.100093730999959 ], [ -74.411253483999985, -13.100070355999947 ], [ -74.411166733999949, -13.099441855999942 ], [ -74.410795858999961, -13.098857480999982 ], [ -74.410301358999959, -13.098295605999965 ], [ -74.410200233999944, -13.097733605999963 ], [ -74.410559858999989, -13.096722230999944 ], [ -74.410953233999976, -13.096002730999942 ], [ -74.411357858999963, -13.095384730999967 ], [ -74.411365358999944, -13.09538260599993 ], [ -74.411538733999976, -13.095149730999935 ], [ -74.411807358999965, -13.094789105999951 ], [ -74.412054483999952, -13.094182230999934 ], [ -74.412189483999953, -13.093462980999959 ], [ -74.41196473399998, -13.092721105999942 ], [ -74.411582608999936, -13.091900855999938 ], [ -74.410930733999976, -13.091147855999964 ], [ -74.410469983999974, -13.090653355999962 ], [ -74.410132858999987, -13.090057730999945 ], [ -74.410031608999986, -13.089203605999955 ], [ -74.409920983999939, -13.088416730999938 ], [ -74.409604608999985, -13.087416605999977 ], [ -74.40943598399997, -13.08657373099993 ], [ -74.409589858999936, -13.08561085599996 ], [ -74.409589983999979, -13.085609730999977 ], [ -74.409589983999979, -13.085608605999937 ], [ -74.409589858999936, -13.08560573099993 ], [ -74.409587358999943, -13.085551980999981 ], [ -74.409585858999947, -13.08551898099995 ], [ -74.409562358999949, -13.085007730999962 ], [ -74.409539983999935, -13.084519980999971 ], [ -74.409419983999953, -13.083609980999938 ], [ -74.409309983999947, -13.082809980999969 ], [ -74.409349983999959, -13.08221998099998 ], [ -74.409559983999941, -13.081569980999973 ], [ -74.410148233999962, -13.081177855999954 ], [ -74.410429983999961, -13.080989980999959 ], [ -74.410889983999937, -13.080549980999933 ], [ -74.411159983999937, -13.080119980999939 ], [ -74.41128998399995, -13.079689980999945 ], [ -74.411269983999944, -13.079389980999963 ], [ -74.41110998399995, -13.078869980999968 ], [ -74.410799983999937, -13.078319980999936 ], [ -74.410199983999973, -13.077529980999941 ], [ -74.410049983999954, -13.077339980999966 ], [ -74.410037358999944, -13.077331855999944 ], [ -74.409312358999955, -13.076863605999961 ], [ -74.40857060899998, -13.075953355999957 ], [ -74.408300858999951, -13.075031730999967 ], [ -74.407615233999934, -13.073784230999934 ], [ -74.407075858999974, -13.072739105999972 ], [ -74.406693858999972, -13.071716355999968 ], [ -74.406592608999972, -13.070704855999963 ], [ -74.406896108999945, -13.069940605999932 ], [ -74.407289608999974, -13.069625980999945 ], [ -74.408009108999977, -13.069270480999933 ], [ -74.408009983999989, -13.069269980999934 ], [ -74.40801023399996, -13.069269230999964 ], [ -74.408010483999988, -13.069268105999981 ], [ -74.408011358999943, -13.069264855999961 ], [ -74.408024108999939, -13.069216980999954 ], [ -74.408033108999973, -13.069182855999941 ], [ -74.408041733999937, -13.069150230999981 ], [ -74.408099983999989, -13.06892998099994 ], [ -74.408082858999933, -13.068864855999948 ], [ -74.407999983999957, -13.068549980999933 ], [ -74.407660858999975, -13.068100480999931 ], [ -74.407247108999968, -13.067552230999979 ], [ -74.406886483999983, -13.067074230999935 ], [ -74.406769983999936, -13.066919980999955 ], [ -74.406539983999949, -13.066349980999973 ], [ -74.406449995999935, -13.065970027999981 ], [ -74.406199983999954, -13.064809980999939 ], [ -74.405219983999984, -13.063869980999982 ], [ -74.405148358999952, -13.063766480999959 ], [ -74.404479983999977, -13.062799980999955 ], [ -74.404129983999951, -13.061109980999959 ], [ -74.404101233999938, -13.060970980999969 ], [ -74.403899983999963, -13.059999980999976 ], [ -74.403379983999969, -13.058979980999936 ], [ -74.402479983999967, -13.058059980999928 ], [ -74.402209983999967, -13.057679980999978 ], [ -74.401429983999947, -13.055919980999931 ], [ -74.400879983999971, -13.054409980999935 ], [ -74.400349983999945, -13.053669980999928 ], [ -74.400079983999944, -13.053409980999959 ], [ -74.399239983999962, -13.052829980999945 ], [ -74.398769983999955, -13.052579980999951 ], [ -74.398229983999954, -13.052079980999963 ], [ -74.397839983999972, -13.05098998099993 ], [ -74.397439983999959, -13.050739980999936 ], [ -74.397049983999977, -13.050629980999929 ], [ -74.396619983999983, -13.050389980999967 ], [ -74.396349983999983, -13.050029980999966 ], [ -74.395669983999937, -13.04860998099997 ], [ -74.394359983999948, -13.046979980999936 ], [ -74.394079983999973, -13.046919980999974 ], [ -74.39385998399996, -13.046729980999942 ], [ -74.39316998399994, -13.045859980999978 ], [ -74.392269983999938, -13.045139980999977 ], [ -74.391569983999943, -13.044289980999963 ], [ -74.391231108999989, -13.043980105999935 ], [ -74.390749983999967, -13.043539980999981 ], [ -74.389979983999979, -13.042939980999961 ], [ -74.389609983999947, -13.042339980999941 ], [ -74.389470483999958, -13.041871730999958 ], [ -74.389469983999959, -13.041869980999934 ], [ -74.389469733999988, -13.041868980999936 ], [ -74.389468983999961, -13.041866605999928 ], [ -74.38946735899998, -13.041861105999942 ], [ -74.38945023399998, -13.041803105999975 ], [ -74.389433983999936, -13.041748605999942 ], [ -74.389389983999934, -13.041599980999933 ], [ -74.389393108999968, -13.041481230999977 ], [ -74.38940998399994, -13.040839980999976 ], [ -74.389418108999962, -13.04080873099997 ], [ -74.389549983999984, -13.040299980999976 ], [ -74.389603358999977, -13.040205730999958 ], [ -74.389931108999974, -13.039625730999944 ], [ -74.389939983999966, -13.039609980999955 ], [ -74.389969983999947, -13.039219980999974 ], [ -74.389794733999963, -13.036531355999955 ], [ -74.389789983999947, -13.03645998099995 ], [ -74.389599983999972, -13.035359980999942 ], [ -74.389239983999971, -13.034439980999935 ], [ -74.388949983999964, -13.034039980999978 ], [ -74.388349983999944, -13.033409980999977 ], [ -74.387229983999987, -13.031709980999949 ], [ -74.386649358999989, -13.030189230999952 ], [ -74.386599983999986, -13.030059980999965 ], [ -74.386229983999954, -13.029309980999926 ], [ -74.385929983999972, -13.029039980999926 ], [ -74.385489983999946, -13.028829980999944 ], [ -74.384239983999976, -13.028709980999963 ], [ -74.383856608999963, -13.028521105999971 ], [ -74.382210008999948, -13.027709991999927 ], [ -74.381259983999939, -13.027249980999954 ], [ -74.380939983999951, -13.026979980999954 ], [ -74.380739983999945, -13.026719980999928 ], [ -74.380629983999938, -13.026359980999928 ], [ -74.380529983999963, -13.025589980999939 ], [ -74.380159983999988, -13.024989980999976 ], [ -74.379909983999937, -13.024489980999931 ], [ -74.379389983999943, -13.024589980999963 ], [ -74.378979983999955, -13.02472998099995 ], [ -74.378599983999948, -13.024899980999976 ], [ -74.378079983999953, -13.025109980999957 ], [ -74.377209983999933, -13.025259980999977 ], [ -74.376909983999951, -13.025309980999964 ], [ -74.37618998399995, -13.025349980999977 ], [ -74.375179983999942, -13.02514998099997 ], [ -74.374019983999972, -13.024519980999969 ], [ -74.373469983999939, -13.024079980999943 ], [ -74.373437483999965, -13.024040355999944 ], [ -74.372869983999976, -13.023349980999967 ], [ -74.372629983999957, -13.02320998099998 ], [ -74.37244710899995, -13.023179480999943 ], [ -74.372149983999975, -13.023129980999954 ], [ -74.372039983999969, -13.023089980999941 ], [ -74.371733483999947, -13.023002230999964 ], [ -74.37163985899997, -13.022898855999927 ], [ -74.370006858999943, -13.022118855999963 ], [ -74.369153233999953, -13.021669480999947 ], [ -74.368791858999941, -13.021479355999929 ], [ -74.36803735899997, -13.021172355999965 ], [ -74.367120108999984, -13.021199980999938 ] ] ] ] } },
{ "type": "Feature", "properties": { "UBIGEO": "050112", "CCDD": "05", "CCPP": "01", "CCDI": "12", "DEPARTAMEN": "AYACUCHO", "PROVINCIA": "HUAMANGA", "DISTRITO": "SOCOS", "OBJECTID": 456.0, "ESRI_OID": 460.0 }, "geometry": { "type": "MultiPolygon", "coordinates": [ [ [ [ -74.281862358999945, -13.13313964699995 ], [ -74.282429582999953, -13.134361732999935 ], [ -74.282477780999955, -13.135633226999971 ], [ -74.282941825999956, -13.136651607999966 ], [ -74.283146871999975, -13.137516701999971 ], [ -74.282776856999988, -13.139854968999941 ], [ -74.282255598999939, -13.140667185999973 ], [ -74.281319362999966, -13.14142738299995 ], [ -74.28111032399994, -13.141935341999954 ], [ -74.280312332999983, -13.142484287999935 ], [ -74.280420489999983, -13.147171404999938 ], [ -74.280417524999962, -13.148188480999977 ], [ -74.281194262999975, -13.148750050999979 ], [ -74.282129342999951, -13.148396685999955 ], [ -74.283011496999961, -13.148399148999943 ], [ -74.28441167699998, -13.148708175999957 ], [ -74.285911123999938, -13.149389886999927 ], [ -74.289391795999961, -13.161407287999964 ], [ -74.285087116999989, -13.166320892999977 ], [ -74.284148424999955, -13.167894757999932 ], [ -74.283573285999978, -13.169367923999971 ], [ -74.282222219999937, -13.169974400999934 ], [ -74.281233676999989, -13.170836154999961 ], [ -74.279984903999946, -13.17195144599998 ], [ -74.279100881999966, -13.172559212999943 ], [ -74.277802578999967, -13.172860685999979 ], [ -74.276605526999958, -13.174026958999946 ], [ -74.27608192699995, -13.175601958999948 ], [ -74.275700381999968, -13.176649919999932 ], [ -74.27586768499998, -13.177864363999959 ], [ -74.275606104999952, -13.178575581999951 ], [ -74.273992330999988, -13.180249203999949 ], [ -74.272015246999956, -13.181921781999961 ], [ -74.271280692999937, -13.18461495899993 ], [ -74.270860680999988, -13.186241093999968 ], [ -74.269972662999976, -13.188171017999935 ], [ -74.269189637999943, -13.189694406999934 ], [ -74.269082967999964, -13.190660328999968 ], [ -74.268820293999966, -13.191727511999943 ], [ -74.267935567999984, -13.19253865099995 ], [ -74.267777596999963, -13.193301007999935 ], [ -74.267671219999954, -13.194165220999935 ], [ -74.268914117999941, -13.195084142999974 ], [ -74.270572989999948, -13.195749972999977 ], [ -74.271295084999963, -13.197277648999943 ], [ -74.270926948999943, -13.198903927999936 ], [ -74.270456360999958, -13.200072230999979 ], [ -74.269051981999951, -13.201085302999957 ], [ -74.267645619999939, -13.20275946299995 ], [ -74.265930252999965, -13.203619068999956 ], [ -74.265032627999972, -13.204009429999928 ], [ -74.263955358999965, -13.204477914999927 ], [ -74.262189897999974, -13.204727099999957 ], [ -74.26091089199997, -13.205488947999982 ], [ -74.260120037999968, -13.205960017999928 ], [ -74.258955319999984, -13.207086929999946 ], [ -74.256607582999948, -13.208300212999973 ], [ -74.253527301999952, -13.20951133799997 ], [ -74.250740442999984, -13.210579744999961 ], [ -74.248098084999981, -13.21229447099995 ], [ -74.246847944999956, -13.213869732999967 ], [ -74.246402256999943, -13.21587797899997 ], [ -74.245665750999933, -13.217167665999966 ], [ -74.244634448999989, -13.219030638999982 ], [ -74.24492283099994, -13.220538656999963 ], [ -74.244550369999956, -13.222547113999951 ], [ -74.244692684999961, -13.223911160999933 ], [ -74.245125375999976, -13.226137302999973 ], [ -74.245559838999952, -13.227789292999944 ], [ -74.246581477999939, -13.229084164999961 ], [ -74.247382244999983, -13.230737230999978 ], [ -74.247595414999978, -13.23289095399997 ], [ -74.246784715999979, -13.234467499999937 ], [ -74.245901627999956, -13.235756751999929 ], [ -74.245312016999947, -13.236903326999936 ], [ -74.244575211999972, -13.238264773999958 ], [ -74.243986692999954, -13.239052498999968 ], [ -74.243399278999959, -13.239481376999947 ], [ -74.243030977999979, -13.240126214999975 ], [ -74.242003104999981, -13.24084086199997 ], [ -74.241508115999977, -13.241339708999931 ], [ -74.241507615999978, -13.241340212999944 ], [ -74.241127141999982, -13.241723652999951 ], [ -74.243171295999957, -13.244767968999952 ], [ -74.243343576999962, -13.245916794999971 ], [ -74.24357323199996, -13.247467701999938 ], [ -74.244155084999989, -13.248847402999957 ], [ -74.245264977999966, -13.250056417999929 ], [ -74.246078990999933, -13.252183208999952 ], [ -74.246366924999961, -13.253849117999948 ], [ -74.246244574999935, -13.255513812999936 ], [ -74.24594549699998, -13.257465064999963 ], [ -74.245997563999936, -13.25958959999997 ], [ -74.245115172999988, -13.26062047299996 ], [ -74.243412889999945, -13.261419246999935 ], [ -74.242940422999936, -13.262566158999959 ], [ -74.242530301999977, -13.262507525999979 ], [ -74.242231715999935, -13.264286523999942 ], [ -74.241816430999961, -13.265892925999935 ], [ -74.241632750999941, -13.268418667999981 ], [ -74.241165278999972, -13.270712001999982 ], [ -74.240925444999959, -13.271563167999943 ], [ -74.240606303999982, -13.272491541999955 ], [ -74.240681278999944, -13.273808304999932 ], [ -74.240755770999954, -13.275279955999963 ], [ -74.240592828999979, -13.276828341999931 ], [ -74.240510153999935, -13.277989748999971 ], [ -74.241457492999984, -13.278457232999926 ], [ -74.242958295999983, -13.278926359999957 ], [ -74.244696063999982, -13.279473625999969 ], [ -74.245721526999944, -13.280251101999966 ], [ -74.246035401999961, -13.281026466999947 ], [ -74.246426670999938, -13.282344168999941 ], [ -74.246659092999948, -13.283893726999963 ], [ -74.246653360999971, -13.285752357999968 ], [ -74.245935530999986, -13.287763765999955 ], [ -74.245296998999947, -13.289697962999981 ], [ -74.244975690999979, -13.291323324999951 ], [ -74.244732731999989, -13.293181248999929 ], [ -74.244566438999982, -13.295813834999933 ], [ -74.244640235999952, -13.297517810999977 ], [ -74.244478973999946, -13.298524097999973 ], [ -74.244472016999964, -13.300769937999974 ], [ -74.244229520999966, -13.302472974999944 ], [ -74.243669522999937, -13.304562283999928 ], [ -74.242872530999989, -13.306573439999966 ], [ -74.241760188999933, -13.308273878999955 ], [ -74.241439065999941, -13.309821789999944 ], [ -74.241906774999961, -13.311991597999963 ], [ -74.242375211999956, -13.313929082999948 ], [ -74.242607627999973, -13.31547864099997 ], [ -74.243078242999957, -13.316719138999929 ], [ -74.244022610999934, -13.318193375999954 ], [ -74.244808098999954, -13.31992816099995 ], [ -74.245095121999952, -13.321594351999977 ], [ -74.246378678999974, -13.32349084599997 ], [ -74.246643487999961, -13.325978470999928 ], [ -74.246416364999959, -13.326928402999954 ], [ -74.246237233999977, -13.328467605999947 ], [ -74.24567723399997, -13.329960855999957 ], [ -74.244868358999952, -13.331267480999941 ], [ -74.244121733999975, -13.332262980999928 ], [ -74.242877358999976, -13.332947355999977 ], [ -74.241321858999981, -13.333382980999943 ], [ -74.239953108999941, -13.33363198099994 ], [ -74.23808648399995, -13.334253980999961 ], [ -74.237090983999963, -13.335311730999933 ], [ -74.23659323399994, -13.336742730999958 ], [ -74.237277608999989, -13.338547105999965 ], [ -74.238335358999961, -13.342217980999976 ], [ -74.240326358999937, -13.346386730999939 ], [ -74.24119748399994, -13.347631105999938 ], [ -74.243312733999971, -13.349186605999932 ], [ -74.244246233999945, -13.349746480999954 ], [ -74.245801608999955, -13.350430980999931 ], [ -74.246299358999977, -13.350866355999926 ], [ -74.246797108999942, -13.351799730999971 ], [ -74.247294858999965, -13.352546480999933 ], [ -74.248477108999964, -13.35453735599998 ], [ -74.249190483999939, -13.355631355999947 ], [ -74.251786358999937, -13.361593355999958 ], [ -74.254702858999963, -13.366162480999947 ], [ -74.256549983999946, -13.368106980999926 ], [ -74.257522108999979, -13.369467980999957 ], [ -74.258008233999988, -13.370926230999942 ], [ -74.259466483999972, -13.372384480999926 ], [ -74.260633108999968, -13.37306498099997 ], [ -74.263355108999974, -13.373745480999958 ], [ -74.265785733999962, -13.373648355999933 ], [ -74.267146608999951, -13.373842730999968 ], [ -74.268896483999981, -13.374814855999944 ], [ -74.27064648399994, -13.377342605999957 ], [ -74.271813108999936, -13.379870230999927 ], [ -74.272590733999948, -13.382495105999965 ], [ -74.273051233999979, -13.384198355999956 ], [ -74.273316733999934, -13.38653435599997 ], [ -74.273369858999956, -13.38865810599998 ], [ -74.273960783999939, -13.391133714999967 ], [ -74.27411995999995, -13.391796597999928 ], [ -74.274185073999945, -13.391760980999948 ], [ -74.274267959999975, -13.39171565099997 ], [ -74.274455293999949, -13.391657082999927 ], [ -74.274550010999974, -13.391630017999944 ], [ -74.274638655999979, -13.391574916999957 ], [ -74.274920010999949, -13.391400017999956 ], [ -74.274940010999956, -13.391150019999941 ], [ -74.274750012999959, -13.390360017999967 ], [ -74.274788092999984, -13.390131537999935 ], [ -74.274810012999978, -13.390000017999967 ], [ -74.274940012999934, -13.389840019999951 ], [ -74.275078147999977, -13.389810418999957 ], [ -74.275294903999963, -13.389868218999936 ], [ -74.275560012999961, -13.389940019999926 ], [ -74.275772985999936, -13.389923636999981 ], [ -74.275816549999945, -13.389920285999949 ], [ -74.275820012999986, -13.389920017999941 ], [ -74.276450010999952, -13.389570019999951 ], [ -74.276752492999947, -13.389332845999945 ], [ -74.277333391999946, -13.388885312999946 ], [ -74.277610913, -13.388732394999977 ], [ -74.278176963999954, -13.388583394999955 ], [ -74.278770012999985, -13.388430017999951 ], [ -74.28054001299995, -13.387630017999982 ], [ -74.281450012999983, -13.387290019999966 ], [ -74.281725641999969, -13.38722603399998 ], [ -74.28201166499997, -13.387162621999948 ], [ -74.282381938999947, -13.386874334999959 ], [ -74.282734619999985, -13.386287617999926 ], [ -74.283033041999943, -13.385311949999959 ], [ -74.283810703999961, -13.384672183999953 ], [ -74.283931270999972, -13.384500730999946 ], [ -74.28392232899995, -13.384401246999971 ], [ -74.283701485999984, -13.384129367999947 ], [ -74.28366975299997, -13.384044287999927 ], [ -74.283640012999967, -13.383960019999961 ], [ -74.283810010999957, -13.382930019999947 ], [ -74.283735391999983, -13.38203991499995 ], [ -74.28367001099997, -13.381260017999978 ], [ -74.283718412999974, -13.380976523999948 ], [ -74.283740010999963, -13.380850017999933 ], [ -74.283970010999951, -13.380580017999932 ], [ -74.284430010999984, -13.380300019999936 ], [ -74.284430578999945, -13.380299261999937 ], [ -74.284609416999956, -13.380060810999964 ], [ -74.284610010999984, -13.380060017999938 ], [ -74.284630010999933, -13.379620019999948 ], [ -74.284480010999971, -13.378210019999926 ], [ -74.284488576999934, -13.378107244999967 ], [ -74.284504658999936, -13.377974166999934 ], [ -74.284634578999942, -13.377685691999943 ], [ -74.284647424999946, -13.377673521999952 ], [ -74.284820008999986, -13.37751392399997 ], [ -74.285002821999967, -13.377422000999957 ], [ -74.285090012999945, -13.377380019999976 ], [ -74.285150444999942, -13.377372464999951 ], [ -74.285254506999934, -13.377361441999938 ], [ -74.28580810699998, -13.37730374299997 ], [ -74.286436961999982, -13.377238195999951 ], [ -74.286658867999961, -13.377148402999978 ], [ -74.287251713999979, -13.376535230999934 ], [ -74.287889565999933, -13.376320023999938 ], [ -74.288139334999983, -13.376176056999952 ], [ -74.288350198999979, -13.375899459999971 ], [ -74.288426901999969, -13.375669353999967 ], [ -74.288540012999988, -13.375330017999943 ], [ -74.289030012999945, -13.374870019999946 ], [ -74.289231082999947, -13.374810613999955 ], [ -74.289473381999983, -13.374742158999936 ], [ -74.290022233999935, -13.374722205999944 ], [ -74.290400012999953, -13.374710017999973 ], [ -74.290648248999958, -13.374570103999929 ], [ -74.29095001099995, -13.374400019999939 ], [ -74.291051451999977, -13.374238636999962 ], [ -74.291170010999963, -13.374050017999934 ], [ -74.291229147999957, -13.373834595999938 ], [ -74.29131001099995, -13.373540017999971 ], [ -74.291260010999963, -13.372240019999936 ], [ -74.291320010999982, -13.371190019999972 ], [ -74.291331498999966, -13.371126021999942 ], [ -74.291390010999976, -13.370800017999954 ], [ -74.291599547999965, -13.370581373999926 ], [ -74.291618873999937, -13.370561804999966 ], [ -74.292173408999986, -13.370409646999974 ], [ -74.292194336999955, -13.370393802999956 ], [ -74.292260012999975, -13.370350017999954 ], [ -74.292569328999946, -13.369413226999939 ], [ -74.292610711999941, -13.369289681999931 ], [ -74.29300922799996, -13.368802535999976 ], [ -74.293105352999987, -13.368642707999982 ], [ -74.293810010999948, -13.367480019999959 ], [ -74.294153508999955, -13.367157990999942 ], [ -74.29428877099997, -13.36703390699995 ], [ -74.294410836999987, -13.366969605999941 ], [ -74.294510010999943, -13.366920017999973 ], [ -74.295130010999969, -13.366730017999942 ], [ -74.295266694999953, -13.366615588999935 ], [ -74.295560012999943, -13.366370019999977 ], [ -74.295840012999975, -13.365950017999978 ], [ -74.296230408999975, -13.365079629999968 ], [ -74.296450012999969, -13.36459001999998 ], [ -74.296900010999934, -13.36407001799995 ], [ -74.297012141999971, -13.364015654999946 ], [ -74.297230012999989, -13.363910019999935 ], [ -74.297400012999958, -13.363930017999962 ], [ -74.297540010999967, -13.364010017999931 ], [ -74.297826303999955, -13.363950787999954 ], [ -74.297830012999952, -13.363950017999969 ], [ -74.298840010999982, -13.363270019999959 ], [ -74.29952001099997, -13.36318001799998 ], [ -74.299860012999943, -13.363020017999929 ], [ -74.300490012999944, -13.362260019999951 ], [ -74.300711444999934, -13.361942410999973 ], [ -74.301480010999967, -13.360840017999976 ], [ -74.302409426999986, -13.359443173999978 ], [ -74.302540485999941, -13.359341664999931 ], [ -74.305010010999979, -13.357480017999933 ], [ -74.304942112999981, -13.357457820999969 ], [ -74.304642414999989, -13.355455015999951 ], [ -74.30473914199996, -13.353919523999934 ], [ -74.304560432999949, -13.351841246999982 ], [ -74.304659483999956, -13.34949271499994 ], [ -74.305123959999946, -13.348500261999959 ], [ -74.305960578999986, -13.34651510599997 ], [ -74.306183881999971, -13.344127568999966 ], [ -74.306243418999941, -13.343387252999946 ], [ -74.306920051999953, -13.342618609999931 ], [ -74.307822746999989, -13.341410300999939 ], [ -74.308838461999983, -13.339982154999973 ], [ -74.309629670999982, -13.338443322999979 ], [ -74.310195123999961, -13.337234084999977 ], [ -74.310426485999983, -13.334923230999948 ], [ -74.311218910999969, -13.332944115999965 ], [ -74.311447141999963, -13.331733957999973 ], [ -74.311789012999952, -13.330083824999974 ], [ -74.312354744999936, -13.328764509999928 ], [ -74.313483151999947, -13.327204560999974 ], [ -74.313485944999968, -13.326213931999973 ], [ -74.313039768999943, -13.325001947999965 ], [ -74.312366623999935, -13.324559841999928 ], [ -74.311132430999976, -13.323786000999974 ], [ -74.310124285999962, -13.322572486999945 ], [ -74.309453963999943, -13.321139744999982 ], [ -74.309007190999978, -13.320147892999955 ], [ -74.308899166999936, -13.318606609999961 ], [ -74.308903227999963, -13.317175701999929 ], [ -74.308460213999979, -13.314863009999954 ], [ -74.307901373999982, -13.313760781999974 ], [ -74.307342539999979, -13.31265855099997 ], [ -74.305998852999949, -13.310893752999959 ], [ -74.304880905999937, -13.308799353999973 ], [ -74.304322096999954, -13.307697119999943 ], [ -74.30342675299994, -13.30637381899993 ], [ -74.304103914999985, -13.30538503799994 ], [ -74.304669623999985, -13.304065736999974 ], [ -74.30489722599998, -13.303075720999971 ], [ -74.304899420999959, -13.30230523299997 ], [ -74.304228237999951, -13.301202689999968 ], [ -74.303559260999975, -13.29932965699993 ], [ -74.302889350999976, -13.297786830999939 ], [ -74.301883553999971, -13.295802796999965 ], [ -74.301103799999964, -13.293379099999981 ], [ -74.30032122199998, -13.291946029999963 ], [ -74.299201823999965, -13.29040195999994 ], [ -74.298307832999967, -13.288638363999951 ], [ -74.297750994999944, -13.286875695999981 ], [ -74.297195114999965, -13.284782818999929 ], [ -74.297087170999987, -13.283241529999941 ], [ -74.296869385999969, -13.280819371999939 ], [ -74.295752309999955, -13.278493791999949 ], [ -74.295756434999987, -13.277062882999928 ], [ -74.296548129999962, -13.275303937999979 ], [ -74.297004594999976, -13.272883638999929 ], [ -74.296897285999989, -13.271122210999977 ], [ -74.298026701999959, -13.269144048999976 ], [ -74.300053491999961, -13.267718701999968 ], [ -74.301406032999978, -13.266291490999947 ], [ -74.301975737999953, -13.263541277999934 ], [ -74.301194498999962, -13.261667927999952 ], [ -74.299853006999967, -13.259242685999936 ], [ -74.298843910999949, -13.258469416999958 ], [ -74.299119903999951, -13.257414431999962 ], [ -74.29997261699998, -13.256711380999946 ], [ -74.301097535999986, -13.25627418199997 ], [ -74.303008069999976, -13.25616933799995 ], [ -74.304580879999946, -13.256283703999941 ], [ -74.307389719999946, -13.25640141699995 ], [ -74.309080494999989, -13.254534791999959 ], [ -74.311669850999976, -13.252780650999966 ], [ -74.313696422999953, -13.251355181999941 ], [ -74.315049717999955, -13.249597675999951 ], [ -74.314755891999937, -13.248432785999967 ], [ -74.314382934999969, -13.24695417199996 ], [ -74.314949977999959, -13.245084480999935 ], [ -74.315742346999969, -13.242995248999932 ], [ -74.316028963999941, -13.241542785999968 ], [ -74.316198239999949, -13.240684966999936 ], [ -74.316540535999934, -13.238814667999975 ], [ -74.318228360999967, -13.237938607999979 ], [ -74.320587875999934, -13.237944894999941 ], [ -74.322953887999972, -13.237152457999969 ], [ -74.322953475999952, -13.235749744999964 ], [ -74.323069479999958, -13.234429191999936 ], [ -74.323046532999967, -13.234077658999979 ], [ -74.32296168299996, -13.232777830999964 ], [ -74.323639459999981, -13.231458763999967 ], [ -74.324354461999974, -13.229591341999935 ], [ -74.324390082999969, -13.22953198099998 ], [ -74.324837582999976, -13.228189730999929 ], [ -74.325195707999967, -13.226757730999964 ], [ -74.32591145799995, -13.225057355999979 ], [ -74.326985457999967, -13.221924980999972 ], [ -74.328864832999955, -13.218703355999935 ], [ -74.330386207999936, -13.216376355999955 ], [ -74.332713082999987, -13.214138980999962 ], [ -74.336650832999965, -13.209664230999977 ], [ -74.338906082999983, -13.206863105999957 ], [ -74.339192457999957, -13.206003980999981 ], [ -74.339335582999979, -13.203927730999965 ], [ -74.338691233999953, -13.201063855999962 ], [ -74.339049207999949, -13.198343230999967 ], [ -74.340051582999934, -13.196696605999932 ], [ -74.341841457999976, -13.194691855999963 ], [ -74.342362407999985, -13.193919439999945 ], [ -74.343917707999935, -13.191613230999963 ], [ -74.344848457999944, -13.190897355999937 ], [ -74.346853082999985, -13.189178980999941 ], [ -74.347712332999947, -13.187317605999965 ], [ -74.347855483999979, -13.185312855999939 ], [ -74.348643082999956, -13.183880980999959 ], [ -74.349502207999933, -13.182520605999969 ], [ -74.350385957999947, -13.18142723099993 ], [ -74.349756957999944, -13.180850730999964 ], [ -74.348630207999975, -13.180038355999955 ], [ -74.347162582999943, -13.178701855999975 ], [ -74.34621920799998, -13.177391480999972 ], [ -74.346035832999974, -13.17676273099994 ], [ -74.345695082999953, -13.175609480999981 ], [ -74.345301957999936, -13.174666105999961 ], [ -74.345181594999985, -13.174471867999955 ], [ -74.344354700999986, -13.173713740999972 ], [ -74.343498299999965, -13.173439119999955 ], [ -74.342165469999941, -13.173011720999966 ], [ -74.340214383999978, -13.172241148999944 ], [ -74.338164369999959, -13.171948783999937 ], [ -74.33630941499996, -13.171752599999934 ], [ -74.334289418999958, -13.171962140999938 ], [ -74.331594713999948, -13.172122212999966 ], [ -74.330667381999945, -13.171318777999943 ], [ -74.329630037999948, -13.170420019999938 ], [ -74.327880037999989, -13.168420019999928 ], [ -74.327390037999976, -13.168040019999978 ], [ -74.32546003799996, -13.167100019999964 ], [ -74.324740037999959, -13.166560019999963 ], [ -74.324150037999971, -13.165610019999974 ], [ -74.323480037999957, -13.164320019999934 ], [ -74.32203003799998, -13.162620019999963 ], [ -74.321550037999941, -13.161960019999981 ], [ -74.32114960499996, -13.161599872999943 ], [ -74.320689983999955, -13.161469980999982 ], [ -74.320209983999973, -13.161489980999932 ], [ -74.31971998399996, -13.16160998099997 ], [ -74.318859983999971, -13.161939980999932 ], [ -74.317789983999944, -13.162029980999932 ], [ -74.317499983999937, -13.161929980999957 ], [ -74.317059983999968, -13.161599980999938 ], [ -74.315579983999953, -13.160799980999968 ], [ -74.312909983999987, -13.160239980999961 ], [ -74.311919983999985, -13.159579980999979 ], [ -74.310679983999989, -13.159539980999966 ], [ -74.309349983999937, -13.159239980999928 ], [ -74.308849983999949, -13.159219980999978 ], [ -74.307859983999947, -13.159309980999979 ], [ -74.307199983999965, -13.15909998099994 ], [ -74.306969983999977, -13.159069980999959 ], [ -74.306249983999976, -13.159259980999934 ], [ -74.305799983999975, -13.159289980999972 ], [ -74.305014983999968, -13.159194980999928 ], [ -74.30422998399996, -13.15909998099994 ], [ -74.303869983999959, -13.159139980999953 ], [ -74.302949983999952, -13.159479980999947 ], [ -74.302319983999951, -13.159399980999979 ], [ -74.30195998399995, -13.159159980999959 ], [ -74.301539983999987, -13.158589980999977 ], [ -74.300929983999936, -13.158009980999964 ], [ -74.300769983999942, -13.157539980999957 ], [ -74.300359983999954, -13.156759980999936 ], [ -74.299979983999947, -13.155999980999979 ], [ -74.29968998399994, -13.155199980999953 ], [ -74.299439983999946, -13.154949980999959 ], [ -74.298899983999945, -13.154569980999952 ], [ -74.298079983999969, -13.153719980999938 ], [ -74.297639983999943, -13.153349980999963 ], [ -74.297449983999968, -13.153109980999943 ], [ -74.297339983999962, -13.152839980999943 ], [ -74.297279983999942, -13.151949980999973 ], [ -74.297399983999981, -13.149959980999938 ], [ -74.297169983999936, -13.148779980999961 ], [ -74.297169983999936, -13.148239980999961 ], [ -74.297289983999974, -13.147499980999953 ], [ -74.297521358999973, -13.147046230999933 ], [ -74.297809983999969, -13.14647998099997 ], [ -74.297809983999969, -13.145999980999932 ], [ -74.297529983999937, -13.14542998099995 ], [ -74.296838358999935, -13.144708605999938 ], [ -74.296829983999942, -13.144699980999974 ], [ -74.296479983999973, -13.144509980999942 ], [ -74.295239983999977, -13.144019980999929 ], [ -74.295169983999983, -13.143659980999928 ], [ -74.294989983999983, -13.142889980999939 ], [ -74.295109983999964, -13.141869980999957 ], [ -74.295029983999939, -13.141259980999962 ], [ -74.294969983999977, -13.140769980999949 ], [ -74.294529983999951, -13.139679980999972 ], [ -74.294029983999962, -13.138809980999952 ], [ -74.29389998399995, -13.138409980999938 ], [ -74.293789983999943, -13.138299980999932 ], [ -74.293259983999974, -13.137289980999981 ], [ -74.29300998399998, -13.137079980999943 ], [ -74.292289983999979, -13.136699980999936 ], [ -74.291459983999971, -13.135979980999934 ], [ -74.286879983999938, -13.133769980999944 ], [ -74.286399983999956, -13.13360998099995 ], [ -74.286039983999956, -13.133559980999962 ], [ -74.284989983999935, -13.133769980999944 ], [ -74.284519983999985, -13.133799980999981 ], [ -74.284099983999965, -13.133669980999969 ], [ -74.283299983999939, -13.133109980999961 ], [ -74.282959983999945, -13.132689980999942 ], [ -74.282329983999944, -13.130659980999951 ], [ -74.281900035999968, -13.130060025999967 ], [ -74.281862358999945, -13.13313964699995 ] ] ] ] } },
{ "type": "Feature", "properties": { "UBIGEO": "050113", "CCDD": "05", "CCPP": "01", "CCDI": "13", "DEPARTAMEN": "AYACUCHO", "PROVINCIA": "HUAMANGA", "DISTRITO": "TAMBILLO", "OBJECTID": 457.0, "ESRI_OID": 461.0 }, "geometry": { "type": "MultiPolygon", "coordinates": [ [ [ [ -74.194929983999941, -13.107869980999965 ], [ -74.194910858999947, -13.10789048099997 ], [ -74.194882108999934, -13.107921230999978 ], [ -74.19470548399994, -13.108109480999929 ], [ -74.19447998399994, -13.108349980999947 ], [ -74.19402998399994, -13.108669980999935 ], [ -74.193377608999981, -13.108874355999944 ], [ -74.193039983999938, -13.108979980999948 ], [ -74.192939983999963, -13.109059980999973 ], [ -74.192579983999963, -13.109319980999942 ], [ -74.191839983999955, -13.110569980999969 ], [ -74.191619983999942, -13.110789980999982 ], [ -74.191529983999942, -13.110849980999944 ], [ -74.191479983999955, -13.111309980999977 ], [ -74.19155998399998, -13.111759980999977 ], [ -74.191089983999973, -13.112559980999947 ], [ -74.190919983999947, -13.113339980999967 ], [ -74.190069983999933, -13.11495998099997 ], [ -74.189149983999982, -13.115449980999927 ], [ -74.188749983999969, -13.115459980999958 ], [ -74.188269983999987, -13.115199980999932 ], [ -74.187169983999979, -13.113969980999968 ], [ -74.187111608999942, -13.113958105999927 ], [ -74.186529983999947, -13.113839980999956 ], [ -74.185779108999952, -13.113756605999981 ], [ -74.185539983999945, -13.113729980999949 ], [ -74.18516998399997, -13.11355998099998 ], [ -74.184747233999985, -13.113552355999957 ], [ -74.184537483999975, -13.113527730999976 ], [ -74.184278733999975, -13.11352698099995 ], [ -74.184005483999954, -13.113502230999927 ], [ -74.183756358999972, -13.113549230999979 ], [ -74.183487483999954, -13.113653605999957 ], [ -74.18326723399997, -13.113829980999981 ], [ -74.18297873399996, -13.11398210599998 ], [ -74.182627108999952, -13.11403373099995 ], [ -74.182269983999959, -13.11393998099993 ], [ -74.181029983999963, -13.11417998099995 ], [ -74.180732983999974, -13.114200230999927 ], [ -74.180451608999988, -13.114247105999937 ], [ -74.180146983999975, -13.114249980999944 ], [ -74.179894983999986, -13.114271230999975 ], [ -74.179587108999954, -13.114388605999977 ], [ -74.179183983999962, -13.114516480999953 ], [ -74.178941858999963, -13.114666480999972 ], [ -74.178607858999953, -13.114895105999949 ], [ -74.178281733999938, -13.114998105999973 ], [ -74.177911733999963, -13.115039980999939 ], [ -74.177472233999936, -13.115092355999934 ], [ -74.176898608999977, -13.115189605999944 ], [ -74.176627608999979, -13.115210230999935 ], [ -74.176369983999962, -13.11522998099997 ], [ -74.176179983999987, -13.115239980999945 ], [ -74.175130358999979, -13.114974480999933 ], [ -74.174740233999955, -13.114877605999936 ], [ -74.174095733999934, -13.114913730999945 ], [ -74.172991733999936, -13.115149480999946 ], [ -74.172513108999965, -13.115195730999972 ], [ -74.172102983999935, -13.115223105999974 ], [ -74.171810733999962, -13.115030855999976 ], [ -74.171216108999943, -13.114741855999966 ], [ -74.170611608999934, -13.114529355999935 ], [ -74.169615858999975, -13.11447835599995 ], [ -74.168580358999975, -13.114685480999981 ], [ -74.167290108999964, -13.11514073099994 ], [ -74.16667423399997, -13.115349230999982 ], [ -74.165922108999951, -13.115471105999973 ], [ -74.165061983999976, -13.115745855999933 ], [ -74.164739358999952, -13.115907480999965 ], [ -74.164139983999974, -13.116309980999972 ], [ -74.16382998399996, -13.116529980999928 ], [ -74.162669983999933, -13.117629980999936 ], [ -74.161729983999976, -13.118089980999969 ], [ -74.161059983999962, -13.11811998099995 ], [ -74.160468483999978, -13.118089980999969 ], [ -74.159568233999948, -13.11819873099995 ], [ -74.158747858999959, -13.118272605999948 ], [ -74.157957108999938, -13.118241355999942 ], [ -74.156982108999955, -13.117864980999968 ], [ -74.155539733999944, -13.117085105999934 ], [ -74.154643858999975, -13.116421980999974 ], [ -74.154070733999959, -13.115549230999932 ], [ -74.153331608999963, -13.114733480999973 ], [ -74.153020608999952, -13.114292230999979 ], [ -74.152630858999942, -13.114080480999974 ], [ -74.152279358999976, -13.114098355999943 ], [ -74.151751358999945, -13.114316730999974 ], [ -74.150459483999953, -13.115231105999953 ], [ -74.149881858999947, -13.115698105999968 ], [ -74.149205733999963, -13.116442355999936 ], [ -74.148999233999973, -13.116853105999951 ], [ -74.148915358999943, -13.11709198099993 ], [ -74.14884998399998, -13.117269980999936 ], [ -74.148709983999936, -13.11742998099993 ], [ -74.148539983999967, -13.117719980999937 ], [ -74.148119983999948, -13.118849980999926 ], [ -74.147839983999972, -13.120869980999942 ], [ -74.147389983999972, -13.12214998099995 ], [ -74.147039983999946, -13.122549980999963 ], [ -74.146719983999958, -13.123029980999945 ], [ -74.145369983999956, -13.124409980999928 ], [ -74.144939983999961, -13.124749980999979 ], [ -74.144059983999966, -13.125099980999948 ], [ -74.143479983999953, -13.125319980999961 ], [ -74.141729983999937, -13.125679980999962 ], [ -74.140559983999935, -13.125729980999949 ], [ -74.14009998399996, -13.125939980999931 ], [ -74.139709983999978, -13.126279980999982 ], [ -74.138619983999945, -13.127639980999959 ], [ -74.137669983999956, -13.128459980999935 ], [ -74.136619983999935, -13.129999980999969 ], [ -74.135569983999972, -13.130939980999926 ], [ -74.135179983999933, -13.131149980999965 ], [ -74.13430998399997, -13.131299980999927 ], [ -74.133579983999937, -13.131289980999952 ], [ -74.131359983999971, -13.131409980999933 ], [ -74.130159983999988, -13.131629980999946 ], [ -74.129449983999962, -13.131839980999928 ], [ -74.128979983999955, -13.131849980999959 ], [ -74.12818998399996, -13.131599980999965 ], [ -74.127369983999984, -13.130919980999977 ], [ -74.127279983999983, -13.130869980999933 ], [ -74.127119983999989, -13.130779980999932 ], [ -74.126142733999984, -13.13086810599998 ], [ -74.124899983999967, -13.130979980999939 ], [ -74.124109983999972, -13.130769980999958 ], [ -74.123439983999958, -13.130659980999951 ], [ -74.123109983999939, -13.130679980999957 ], [ -74.122789983999951, -13.130769980999958 ], [ -74.121609983999974, -13.131329980999965 ], [ -74.120979983999973, -13.131509980999965 ], [ -74.119869983999934, -13.131959980999966 ], [ -74.119109983999977, -13.132019980999928 ], [ -74.117899983999962, -13.131749980999928 ], [ -74.117379983999967, -13.131759980999959 ], [ -74.115829983999959, -13.132539980999979 ], [ -74.114479983999956, -13.132739980999929 ], [ -74.113369983999974, -13.133199980999962 ], [ -74.112799983999935, -13.133309980999968 ], [ -74.112169983999934, -13.133319980999943 ], [ -74.111019983999938, -13.132949980999967 ], [ -74.110109983999962, -13.132799980999948 ], [ -74.108269983999946, -13.133049980999942 ], [ -74.107219983999983, -13.132909980999955 ], [ -74.10639998399995, -13.133149980999974 ], [ -74.105819983999936, -13.133709980999981 ], [ -74.105359983999961, -13.133959980999975 ], [ -74.105079983999985, -13.134029980999969 ], [ -74.103479983999989, -13.134159980999982 ], [ -74.101609983999936, -13.134739980999939 ], [ -74.10107997199998, -13.134969986999977 ], [ -74.100949983999953, -13.135029980999946 ], [ -74.10054998399994, -13.135429980999959 ], [ -74.100419983999984, -13.135779980999928 ], [ -74.100539983999965, -13.137849980999931 ], [ -74.100439983999934, -13.138359980999951 ], [ -74.100209983999946, -13.138719980999952 ], [ -74.099829983999939, -13.139099980999958 ], [ -74.099439983999957, -13.13921998099994 ], [ -74.097829983999986, -13.138989980999952 ], [ -74.097489983999935, -13.139019980999933 ], [ -74.096979983999972, -13.139549980999959 ], [ -74.096809983999947, -13.139969980999979 ], [ -74.09669998399994, -13.140609980999955 ], [ -74.09651998399994, -13.141059980999955 ], [ -74.096199983999952, -13.14124998099993 ], [ -74.096009983999977, -13.141309980999949 ], [ -74.094829983999944, -13.141679980999982 ], [ -74.094229983999981, -13.142039980999982 ], [ -74.093929983999942, -13.142389980999951 ], [ -74.093439983999986, -13.14324998099994 ], [ -74.093109983999966, -13.144139980999967 ], [ -74.093079983999985, -13.144839980999961 ], [ -74.093279983999935, -13.145649980999963 ], [ -74.093459983999935, -13.145849980999969 ], [ -74.093729983999935, -13.14602998099997 ], [ -74.094499983999981, -13.146149980999951 ], [ -74.09466998399995, -13.146339980999926 ], [ -74.094659983999975, -13.146729980999964 ], [ -74.094329983999955, -13.147389980999947 ], [ -74.094289983999943, -13.147829980999973 ], [ -74.094419983999956, -13.148079980999967 ], [ -74.094649983999943, -13.148239980999961 ], [ -74.094999983999969, -13.148619980999968 ], [ -74.095219983999982, -13.149019980999981 ], [ -74.095259983999938, -13.149389980999956 ], [ -74.095229979999942, -13.149690021999959 ], [ -74.095169983999938, -13.150259980999977 ], [ -74.095459983999945, -13.151289980999934 ], [ -74.095409983999957, -13.152219980999973 ], [ -74.095459983999945, -13.152669980999974 ], [ -74.095939983999983, -13.153959980999957 ], [ -74.095969983999964, -13.154409980999958 ], [ -74.096149983999965, -13.154909980999946 ], [ -74.096539983999946, -13.155329980999966 ], [ -74.09660998399994, -13.155529980999972 ], [ -74.096619983999972, -13.156349980999948 ], [ -74.096539983999946, -13.157109980999962 ], [ -74.096039983999958, -13.158409980999977 ], [ -74.095769983999958, -13.158709980999959 ], [ -74.095299983999951, -13.159019980999972 ], [ -74.09493998399995, -13.159179980999966 ], [ -74.093249983999954, -13.159489980999979 ], [ -74.092899983999985, -13.159619980999935 ], [ -74.092589983999972, -13.159919980999973 ], [ -74.092539108999972, -13.160081230999936 ], [ -74.092453233999947, -13.160353105999945 ], [ -74.092413563999969, -13.160479179999982 ], [ -74.092409983999971, -13.160489980999955 ], [ -74.093230037999945, -13.162950019999926 ], [ -74.093210037999938, -13.163250019999964 ], [ -74.093080037999982, -13.163660019999952 ], [ -74.092650037999988, -13.164220019999959 ], [ -74.092290037999987, -13.164960019999967 ], [ -74.091990037999949, -13.166240019999975 ], [ -74.091660037999986, -13.166930019999938 ], [ -74.091470037999954, -13.16721001999997 ], [ -74.091250037999941, -13.167370019999964 ], [ -74.090510037999934, -13.167550019999965 ], [ -74.089930037999977, -13.167580019999946 ], [ -74.088730037999937, -13.167810019999934 ], [ -74.088300037999943, -13.168000019999965 ], [ -74.087960037999949, -13.168250019999959 ], [ -74.087500037999973, -13.168800019999935 ], [ -74.087080037999954, -13.169970019999937 ], [ -74.08659003799994, -13.171100019999926 ], [ -74.085790037999971, -13.172540019999929 ], [ -74.085590037999964, -13.17317001999993 ], [ -74.085680037999964, -13.173680019999949 ], [ -74.086120037999933, -13.174440019999963 ], [ -74.086300037999933, -13.175120019999952 ], [ -74.086580037999965, -13.175560019999978 ], [ -74.086760037999966, -13.175960019999934 ], [ -74.086820037999985, -13.177280019999955 ], [ -74.087020037999935, -13.178390019999938 ], [ -74.087710037999955, -13.178920019999964 ], [ -74.088250037999956, -13.180020019999972 ], [ -74.088820037999938, -13.180610019999961 ], [ -74.088960037999982, -13.180900019999967 ], [ -74.088930037999944, -13.182000019999975 ], [ -74.089130037999951, -13.182710019999945 ], [ -74.089170037999963, -13.183040019999964 ], [ -74.089010037999969, -13.184030019999966 ], [ -74.089090037999938, -13.18497001999998 ], [ -74.088980037999988, -13.185560019999969 ], [ -74.088990037999963, -13.185890019999931 ], [ -74.089520037999989, -13.186920019999945 ], [ -74.089970037999933, -13.187780017999955 ], [ -74.090280037999946, -13.188690019999967 ], [ -74.091020037999954, -13.189570017999927 ], [ -74.091360037999948, -13.190150019999976 ], [ -74.091440037999973, -13.190400017999934 ], [ -74.091490037999961, -13.190980017999948 ], [ -74.091440037999973, -13.191550019999966 ], [ -74.09053003799994, -13.194700019999971 ], [ -74.090120037999952, -13.19558001799993 ], [ -74.090000037999971, -13.196110017999956 ], [ -74.090010037999946, -13.196590017999938 ], [ -74.089790037999933, -13.197130019999975 ], [ -74.089780037999958, -13.197910017999959 ], [ -74.089620037999964, -13.198880017999954 ], [ -74.089830037999945, -13.200380017999976 ], [ -74.089850037999952, -13.201000017999945 ], [ -74.089780037999958, -13.201530017999971 ], [ -74.089530037999964, -13.202020017999928 ], [ -74.089520037999989, -13.202370017999954 ], [ -74.09017003799994, -13.203310019999947 ], [ -74.090390037999953, -13.203870017999975 ], [ -74.09077003799996, -13.206390019999958 ], [ -74.090940037999985, -13.20687001999994 ], [ -74.091210037999986, -13.208080019999954 ], [ -74.091350037999973, -13.208350017999976 ], [ -74.091780037999968, -13.208790019999981 ], [ -74.092260037999949, -13.209440017999952 ], [ -74.092540037999981, -13.209940019999976 ], [ -74.093110037999963, -13.210540017999961 ], [ -74.093320037999945, -13.211200017999943 ], [ -74.093380037999964, -13.212000017999969 ], [ -74.093770037999946, -13.212880019999943 ], [ -74.093940037999971, -13.213750017999928 ], [ -74.094080037999959, -13.214130017999935 ], [ -74.094840037999973, -13.214850017999936 ], [ -74.095170037999935, -13.215680017999944 ], [ -74.095550037999942, -13.216410017999976 ], [ -74.095930037999949, -13.216980017999958 ], [ -74.096120037999981, -13.217420017999927 ], [ -74.097150037999938, -13.218790019999972 ], [ -74.097910037999952, -13.220670017999964 ], [ -74.098330037999972, -13.222280017999935 ], [ -74.098870037999973, -13.223630017999938 ], [ -74.09916003799998, -13.224160017999964 ], [ -74.099660037999968, -13.225610019999976 ], [ -74.100070037999956, -13.225930017999929 ], [ -74.100250037999956, -13.226250019999952 ], [ -74.100720037999963, -13.226730019999934 ], [ -74.100750037999944, -13.22717001999996 ], [ -74.101210037999977, -13.228370019999943 ], [ -74.101320037999983, -13.228650017999939 ], [ -74.102000037999971, -13.229800017999935 ], [ -74.102530037999941, -13.230340017999936 ], [ -74.102720037999973, -13.230990017999943 ], [ -74.102940037999986, -13.231320017999963 ], [ -74.103360037999948, -13.231730017999951 ], [ -74.103570037999987, -13.232360017999952 ], [ -74.104030037999962, -13.23286001799994 ], [ -74.104320037999969, -13.233330019999926 ], [ -74.105060037999976, -13.234010017999935 ], [ -74.105600037999977, -13.234970017999956 ], [ -74.105960037999978, -13.235420019999935 ], [ -74.106100037999965, -13.235780017999957 ], [ -74.106480037999972, -13.236210017999952 ], [ -74.106640037999966, -13.237320017999934 ], [ -74.107010037999942, -13.238080017999948 ], [ -74.10713003799998, -13.238660017999962 ], [ -74.107080037999935, -13.239000017999956 ], [ -74.106670037999947, -13.239940019999949 ], [ -74.106500037999979, -13.240670019999982 ], [ -74.106460037999966, -13.241820017999942 ], [ -74.106690037999954, -13.242640019999953 ], [ -74.106750037999973, -13.24317001999998 ], [ -74.106420037999953, -13.24397001799997 ], [ -74.106270037999934, -13.244790017999946 ], [ -74.106320037999978, -13.24519001799996 ], [ -74.106880037999986, -13.245670019999977 ], [ -74.106980037999961, -13.245870017999948 ], [ -74.106920037999942, -13.246740019999947 ], [ -74.106640037999966, -13.247860019999962 ], [ -74.10653003799996, -13.249100017999979 ], [ -74.106540037999935, -13.249620017999973 ], [ -74.106570037999973, -13.249900017999948 ], [ -74.106650037999941, -13.250480019999941 ], [ -74.106910037999967, -13.25122001799997 ], [ -74.107390037999949, -13.251870019999956 ], [ -74.107990037999969, -13.253050019999932 ], [ -74.108650037999951, -13.253800019999971 ], [ -74.108910037999976, -13.254260017999968 ], [ -74.109540037999977, -13.255140017999963 ], [ -74.109840037999959, -13.256180019999931 ], [ -74.110300037999934, -13.256850017999966 ], [ -74.111090037999986, -13.257650017999936 ], [ -74.11143003799998, -13.258560019999948 ], [ -74.11196003799995, -13.259420017999958 ], [ -74.112450037999963, -13.260880019999945 ], [ -74.112950037999951, -13.261770017999936 ], [ -74.113610037999933, -13.262640019999935 ], [ -74.114400037999985, -13.263220019999949 ], [ -74.114860037999961, -13.263960019999956 ], [ -74.115270037999949, -13.264910017999966 ], [ -74.115300037999987, -13.265770017999955 ], [ -74.11519003799998, -13.266750017999982 ], [ -74.11528003799998, -13.268030017999934 ], [ -74.115580037999962, -13.269920017999937 ], [ -74.115820037999981, -13.270810019999942 ], [ -74.116100037999956, -13.271520017999933 ], [ -74.116630037999983, -13.272280017999947 ], [ -74.117440037999984, -13.27375001799993 ], [ -74.117850037999972, -13.274630019999961 ], [ -74.118890037999961, -13.276910017999967 ], [ -74.11913003799998, -13.277310019999959 ], [ -74.119680037999956, -13.277950017999956 ], [ -74.119860037999956, -13.27872001999998 ], [ -74.120520037999938, -13.280380019999939 ], [ -74.120900037999945, -13.28092001999994 ], [ -74.121680037999965, -13.282600017999926 ], [ -74.123357365999937, -13.285008121999965 ], [ -74.124710328999981, -13.284309654999959 ], [ -74.125590363999947, -13.284097376999966 ], [ -74.127940451999962, -13.282598318999931 ], [ -74.128749514999981, -13.281739875999961 ], [ -74.129851651999957, -13.280882431999942 ], [ -74.130732949999981, -13.280311300999927 ], [ -74.13286239599995, -13.279026742999974 ], [ -74.134477147999974, -13.278242791999958 ], [ -74.135359440999935, -13.277384574999928 ], [ -74.136388014999966, -13.27659861799998 ], [ -74.137710166999966, -13.275670115999958 ], [ -74.138884000999951, -13.275243478999926 ], [ -74.139398151999956, -13.274886376999973 ], [ -74.139693250999983, -13.27431323299993 ], [ -74.140135391999934, -13.273597044999974 ], [ -74.141090664999979, -13.27281082099995 ], [ -74.141755377999971, -13.27130593399994 ], [ -74.142491334999988, -13.270375427999966 ], [ -74.14344658899995, -13.269589193999934 ], [ -74.144255803999954, -13.268658927999979 ], [ -74.144991994999941, -13.267656648999946 ], [ -74.145288324999967, -13.266724656999941 ], [ -74.145583651999971, -13.266079736999927 ], [ -74.146027264999987, -13.264932931999965 ], [ -74.146763436999947, -13.263930644999959 ], [ -74.147499602999972, -13.262928355999975 ], [ -74.147869932999981, -13.261781302999964 ], [ -74.148202971999979, -13.261339611999972 ], [ -74.148679602999948, -13.260707486999934 ], [ -74.150368695999987, -13.259564830999977 ], [ -74.151546164999957, -13.258061619999978 ], [ -74.151696922999975, -13.256842060999929 ], [ -74.151847930999963, -13.255550736999965 ], [ -74.152949621999937, -13.254764945999966 ], [ -74.153610981999975, -13.254192996999961 ], [ -74.154711670999973, -13.253694267999947 ], [ -74.156250697999951, -13.253555826999957 ], [ -74.157716461999939, -13.253417132999971 ], [ -74.159548295999969, -13.253351406999968 ], [ -74.160575215999984, -13.252995945999942 ], [ -74.161530834999951, -13.252066097999943 ], [ -74.162340412999981, -13.250992232999977 ], [ -74.163147285999969, -13.250707804999934 ], [ -74.163809346999983, -13.249920525999926 ], [ -74.163885551999954, -13.249059552999938 ], [ -74.164403039999968, -13.247697648999974 ], [ -74.164994272999934, -13.246192443999973 ], [ -74.165731776999962, -13.244759486999953 ], [ -74.166540820999955, -13.243829138999956 ], [ -74.167424584999935, -13.242468419999966 ], [ -74.167867070999989, -13.241608640999971 ], [ -74.169556434999947, -13.240322306999929 ], [ -74.170512453999947, -13.239248884999938 ], [ -74.171541727999966, -13.238175697999964 ], [ -74.171983705999935, -13.237459445999946 ], [ -74.172207119999939, -13.236383638999939 ], [ -74.173017078999976, -13.235166195999966 ], [ -74.174046080999972, -13.234164763999956 ], [ -74.175147608999964, -13.233378867999932 ], [ -74.176907483999969, -13.232882162999942 ], [ -74.17800779199996, -13.232455091999952 ], [ -74.178595535999989, -13.231954599999938 ], [ -74.179477506999945, -13.231096208999929 ], [ -74.180211758999974, -13.230596183999978 ], [ -74.181167215999949, -13.229666253999937 ], [ -74.181828442999972, -13.229094220999968 ], [ -74.182708955999942, -13.228666423999982 ], [ -74.183810910999966, -13.22773695199993 ], [ -74.184474033999948, -13.226590765999958 ], [ -74.185208166999985, -13.226119431999962 ], [ -74.186601455999948, -13.225693255999943 ], [ -74.187115436999989, -13.225336046999928 ], [ -74.187703143999954, -13.224835533999965 ], [ -74.188659973999961, -13.223474960999965 ], [ -74.189690758999973, -13.221899310999959 ], [ -74.190208987999938, -13.220250267999972 ], [ -74.190653719999943, -13.218672755999933 ], [ -74.190438692999976, -13.217236695999929 ], [ -74.190444846999981, -13.215370718999964 ], [ -74.189936338999985, -13.214077265999947 ], [ -74.189648537999972, -13.212497435999978 ], [ -74.189801906999946, -13.210416619999933 ], [ -74.190613348999989, -13.208696728999939 ], [ -74.191203606999977, -13.207406749999961 ], [ -74.192233830999953, -13.205974621999928 ], [ -74.193630055999961, -13.204615410999963 ], [ -74.195830828999988, -13.203617564999945 ], [ -74.197958106999977, -13.202691238999932 ], [ -74.19898733499997, -13.201546152999981 ], [ -74.200100912999972, -13.20198643599997 ], [ -74.20014998399995, -13.201559980999946 ], [ -74.200049983999975, -13.201139980999926 ], [ -74.199899983999956, -13.200869980999926 ], [ -74.19989585899998, -13.200867230999961 ], [ -74.199889733999953, -13.200862980999943 ], [ -74.199868858999935, -13.200848980999979 ], [ -74.199602108999954, -13.200668980999978 ], [ -74.199099983999986, -13.200329980999982 ], [ -74.198709983999947, -13.199949980999975 ], [ -74.198179983999978, -13.199569980999968 ], [ -74.196689983999988, -13.197499980999964 ], [ -74.196419983999988, -13.197349980999945 ], [ -74.195919983999943, -13.197209980999958 ], [ -74.195599983999955, -13.196969980999938 ], [ -74.195099983999967, -13.196319980999931 ], [ -74.194749983999941, -13.19557998099998 ], [ -74.194199983999965, -13.195109980999973 ], [ -74.193929983999965, -13.194749980999973 ], [ -74.193519983999977, -13.193869980999978 ], [ -74.193339983999977, -13.192719980999982 ], [ -74.193029983999963, -13.19192998099993 ], [ -74.192869983999969, -13.190529980999941 ], [ -74.192079983999975, -13.188429980999956 ], [ -74.191879983999968, -13.18771998099993 ], [ -74.191819983999949, -13.187109980999935 ], [ -74.191889983999943, -13.186369980999928 ], [ -74.192099983999981, -13.185309980999932 ], [ -74.191959983999936, -13.18377998099993 ], [ -74.192039983999962, -13.182389980999972 ], [ -74.191849983999987, -13.181339980999951 ], [ -74.191869983999936, -13.18070998099995 ], [ -74.192089983999949, -13.17945998099998 ], [ -74.192109983999956, -13.178899980999972 ], [ -74.192049983999937, -13.178659980999953 ], [ -74.191679983999961, -13.178249980999965 ], [ -74.191249983999967, -13.178039980999927 ], [ -74.191089983999973, -13.177839980999977 ], [ -74.191059983999935, -13.177139980999982 ], [ -74.190657403999978, -13.175836580999942 ], [ -74.190549983999972, -13.175019980999934 ], [ -74.190509619999943, -13.174885228999926 ], [ -74.190499535999948, -13.174705790999951 ], [ -74.190459983999972, -13.174459980999927 ], [ -74.190459983999972, -13.174309980999965 ], [ -74.190479983999978, -13.173959980999939 ], [ -74.19068998399996, -13.172799980999969 ], [ -74.190709983999966, -13.172509980999962 ], [ -74.190729983999972, -13.17220998099998 ], [ -74.190629983999941, -13.170399980999946 ], [ -74.190749983999979, -13.169869980999977 ], [ -74.190909983999973, -13.169719980999957 ], [ -74.19095998399996, -13.169599980999976 ], [ -74.190999983999973, -13.16888998099995 ], [ -74.190919983999947, -13.168459980999955 ], [ -74.19044998399994, -13.167289980999954 ], [ -74.190329983999959, -13.16670998099994 ], [ -74.190239983999959, -13.166279980999946 ], [ -74.190509983999959, -13.164179980999961 ], [ -74.19077998399996, -13.163309980999941 ], [ -74.190849983999954, -13.162719980999952 ], [ -74.190759983999953, -13.16214998099997 ], [ -74.189919983999971, -13.159979980999935 ], [ -74.189419983999983, -13.159309980999979 ], [ -74.189329983999983, -13.159129980999978 ], [ -74.189259983999989, -13.158969980999927 ], [ -74.189209983999945, -13.158599980999952 ], [ -74.189229983999951, -13.157959980999976 ], [ -74.189299983999945, -13.157569980999938 ], [ -74.189539983999964, -13.157019980999962 ], [ -74.189569983999945, -13.156459980999955 ], [ -74.189563608999947, -13.156445730999963 ], [ -74.189560108999956, -13.156437730999926 ], [ -74.189543233999984, -13.15639985599995 ], [ -74.189487983999982, -13.156275355999981 ], [ -74.189009983999938, -13.155199980999953 ], [ -74.188679983999975, -13.153599980999957 ], [ -74.188719983999988, -13.153059980999956 ], [ -74.188919983999938, -13.152639980999936 ], [ -74.188941108999984, -13.152624230999947 ], [ -74.189159983999957, -13.152459980999936 ], [ -74.189869983999984, -13.152199980999967 ], [ -74.19008998399994, -13.152019980999967 ], [ -74.190149983999959, -13.151869980999948 ], [ -74.190019983999946, -13.151429980999978 ], [ -74.189789983999958, -13.151019980999934 ], [ -74.189399983999976, -13.150609980999945 ], [ -74.188829983999938, -13.150279980999926 ], [ -74.188659983999969, -13.150009980999926 ], [ -74.18859998399995, -13.149689980999938 ], [ -74.188639983999963, -13.148779980999961 ], [ -74.188829983999938, -13.147909980999941 ], [ -74.189099983999938, -13.146649980999939 ], [ -74.189099983999938, -13.146359980999932 ], [ -74.189099983999938, -13.145759980999969 ], [ -74.189439983999989, -13.144339980999973 ], [ -74.189439983999989, -13.14351998099994 ], [ -74.189259983999989, -13.142569980999951 ], [ -74.189319983999951, -13.141619980999963 ], [ -74.189259983999989, -13.141299980999975 ], [ -74.188879983999982, -13.140859980999949 ], [ -74.187899983999955, -13.140209980999941 ], [ -74.186659988999963, -13.138709984999934 ], [ -74.186616561999983, -13.138678974999948 ], [ -74.186485983999944, -13.138585730999978 ], [ -74.186441483999943, -13.13855385599993 ], [ -74.18623998399994, -13.138409980999938 ], [ -74.18525998399997, -13.137259980999943 ], [ -74.184710029999962, -13.136500044999934 ], [ -74.184639983999944, -13.136399980999954 ], [ -74.184639983999944, -13.135869980999928 ], [ -74.184779983999988, -13.13518998099994 ], [ -74.184779983999988, -13.134599980999951 ], [ -74.184689983999988, -13.133769980999944 ], [ -74.184409983999956, -13.13298998099998 ], [ -74.184369983999943, -13.132639980999954 ], [ -74.184529983999937, -13.132229980999966 ], [ -74.18474998399995, -13.13187998099994 ], [ -74.185139983999989, -13.131539980999946 ], [ -74.185829983999952, -13.131099980999977 ], [ -74.18605998399994, -13.130609980999964 ], [ -74.186079983999946, -13.130289980999976 ], [ -74.186029983999958, -13.130089980999969 ], [ -74.185699858999953, -13.129616355999929 ], [ -74.185569983999983, -13.12942998099993 ], [ -74.185559983999951, -13.12886998099998 ], [ -74.185729983999977, -13.128599980999979 ], [ -74.186049983999965, -13.128309980999973 ], [ -74.186319983999965, -13.128069980999953 ], [ -74.186679983999966, -13.127119980999964 ], [ -74.18701998399996, -13.12659998099997 ], [ -74.187459983999986, -13.125929980999956 ], [ -74.187959983999974, -13.124289980999947 ], [ -74.188199983999937, -13.123739980999972 ], [ -74.188479983999969, -13.123049980999951 ], [ -74.18886998399995, -13.121429980999949 ], [ -74.189249983999957, -13.120769980999967 ], [ -74.189549983999939, -13.120409980999966 ], [ -74.190049983999984, -13.120009980999953 ], [ -74.190679983999985, -13.119679980999933 ], [ -74.190759983999953, -13.119669980999959 ], [ -74.191011983999942, -13.119547605999969 ], [ -74.191359108999961, -13.119378980999954 ], [ -74.191809983999974, -13.119159980999939 ], [ -74.191849983999987, -13.119149980999964 ], [ -74.191943983999977, -13.119063105999942 ], [ -74.193179983999983, -13.117919980999943 ], [ -74.193479983999964, -13.117509980999955 ], [ -74.193519983999977, -13.117419980999955 ], [ -74.193689983999946, -13.116939980999973 ], [ -74.193859983999971, -13.116639980999935 ], [ -74.194419983999978, -13.11602998099994 ], [ -74.194949983999948, -13.115689980999946 ], [ -74.195449983999936, -13.115299980999964 ], [ -74.195559983999942, -13.114879980999945 ], [ -74.195759983999949, -13.113619980999943 ], [ -74.196009983999943, -13.112849980999954 ], [ -74.196029983999949, -13.112639980999973 ], [ -74.196049983999956, -13.112449980999941 ], [ -74.19558998399998, -13.111459980999939 ], [ -74.195599983999955, -13.110519980999982 ], [ -74.195250108999971, -13.109925105999935 ], [ -74.194999983999935, -13.109499980999942 ], [ -74.194869983999979, -13.108789980999973 ], [ -74.194999983999935, -13.108349980999947 ], [ -74.194969983999954, -13.107809980999946 ], [ -74.194929983999941, -13.107869980999965 ] ] ] ] } },
{ "type": "Feature", "properties": { "UBIGEO": "050114", "CCDD": "05", "CCPP": "01", "CCDI": "14", "DEPARTAMEN": "AYACUCHO", "PROVINCIA": "HUAMANGA", "DISTRITO": "VINCHOS", "OBJECTID": 458.0, "ESRI_OID": 462.0 }, "geometry": { "type": "MultiPolygon", "coordinates": [ [ [ [ -74.385680012999956, -13.150520019999931 ], [ -74.38523078299994, -13.150682671999959 ], [ -74.385103457999946, -13.150730480999925 ], [ -74.383429707999937, -13.151531230999979 ], [ -74.383347291999939, -13.151615542999934 ], [ -74.382840012999964, -13.152140019999933 ], [ -74.382220012999937, -13.153290019999929 ], [ -74.382217475999937, -13.153291783999975 ], [ -74.38219516199996, -13.153307306999977 ], [ -74.38199001299995, -13.15345001999998 ], [ -74.381547555999987, -13.153892476999943 ], [ -74.381374957999981, -13.154068355999982 ], [ -74.381160268999963, -13.154226626999957 ], [ -74.380620012999941, -13.154630019999956 ], [ -74.37951927499995, -13.155186439999966 ], [ -74.379104129999973, -13.155396290999931 ], [ -74.378800010999953, -13.155550019999964 ], [ -74.378120012999943, -13.156130019999978 ], [ -74.377760012999943, -13.156360019999966 ], [ -74.377310010999963, -13.156500019999953 ], [ -74.376270010999974, -13.156710019999935 ], [ -74.373920010999939, -13.156850019999979 ], [ -74.372940012999948, -13.157000019999941 ], [ -74.372170012999959, -13.157250019999935 ], [ -74.371250012999951, -13.157630019999942 ], [ -74.36990001099997, -13.158050019999962 ], [ -74.368660012999953, -13.158680019999963 ], [ -74.367570010999941, -13.159560019999958 ], [ -74.366380012999969, -13.160710019999954 ], [ -74.364650010999981, -13.161830019999968 ], [ -74.363240010999959, -13.162600019999957 ], [ -74.361110012999973, -13.164190019999978 ], [ -74.359450010999979, -13.165620019999949 ], [ -74.358270012999981, -13.166830019999963 ], [ -74.357160010999962, -13.16834001999996 ], [ -74.356330010999955, -13.170230019999963 ], [ -74.355790012999989, -13.171030019999932 ], [ -74.355240010999978, -13.171470019999958 ], [ -74.354410012999949, -13.171850019999965 ], [ -74.353116948999968, -13.173515841999972 ], [ -74.351767547999941, -13.174062798999955 ], [ -74.350306395999951, -13.174389322999957 ], [ -74.348734071999957, -13.174275261999981 ], [ -74.346714184999939, -13.173499617999937 ], [ -74.344354700999986, -13.173713740999972 ], [ -74.345181594999985, -13.174471867999955 ], [ -74.345301957999936, -13.174666105999961 ], [ -74.345695082999953, -13.175609480999981 ], [ -74.346035832999974, -13.17676273099994 ], [ -74.34621920799998, -13.177391480999972 ], [ -74.347162582999943, -13.178701855999975 ], [ -74.348630207999975, -13.180038355999955 ], [ -74.349756957999944, -13.180850730999964 ], [ -74.350385957999947, -13.18142723099993 ], [ -74.349502207999933, -13.182520605999969 ], [ -74.348643082999956, -13.183880980999959 ], [ -74.347855483999979, -13.185312855999939 ], [ -74.347712332999947, -13.187317605999965 ], [ -74.346853082999985, -13.189178980999941 ], [ -74.344848457999944, -13.190897355999937 ], [ -74.343917707999935, -13.191613230999963 ], [ -74.342362407999985, -13.193919439999945 ], [ -74.341841457999976, -13.194691855999963 ], [ -74.340051582999934, -13.196696605999932 ], [ -74.339049207999949, -13.198343230999967 ], [ -74.338691233999953, -13.201063855999962 ], [ -74.339335582999979, -13.203927730999965 ], [ -74.339192457999957, -13.206003980999981 ], [ -74.338906082999983, -13.206863105999957 ], [ -74.336650832999965, -13.209664230999977 ], [ -74.332713082999987, -13.214138980999962 ], [ -74.330386207999936, -13.216376355999955 ], [ -74.328864832999955, -13.218703355999935 ], [ -74.326985457999967, -13.221924980999972 ], [ -74.32591145799995, -13.225057355999979 ], [ -74.325195707999967, -13.226757730999964 ], [ -74.324837582999976, -13.228189730999929 ], [ -74.324390082999969, -13.22953198099998 ], [ -74.324354461999974, -13.229591341999935 ], [ -74.323639459999981, -13.231458763999967 ], [ -74.32296168299996, -13.232777830999964 ], [ -74.323046532999967, -13.234077658999979 ], [ -74.323069479999958, -13.234429191999936 ], [ -74.322953475999952, -13.235749744999964 ], [ -74.322953887999972, -13.237152457999969 ], [ -74.320587875999934, -13.237944894999941 ], [ -74.318228360999967, -13.237938607999979 ], [ -74.316540535999934, -13.238814667999975 ], [ -74.316198239999949, -13.240684966999936 ], [ -74.316028963999941, -13.241542785999968 ], [ -74.315742346999969, -13.242995248999932 ], [ -74.314949977999959, -13.245084480999935 ], [ -74.314382934999969, -13.24695417199996 ], [ -74.314755891999937, -13.248432785999967 ], [ -74.315049717999955, -13.249597675999951 ], [ -74.313696422999953, -13.251355181999941 ], [ -74.311669850999976, -13.252780650999966 ], [ -74.309080494999989, -13.254534791999959 ], [ -74.307389719999946, -13.25640141699995 ], [ -74.304580879999946, -13.256283703999941 ], [ -74.303008069999976, -13.25616933799995 ], [ -74.301097535999986, -13.25627418199997 ], [ -74.29997261699998, -13.256711380999946 ], [ -74.299119903999951, -13.257414431999962 ], [ -74.298843910999949, -13.258469416999958 ], [ -74.299853006999967, -13.259242685999936 ], [ -74.301194498999962, -13.261667927999952 ], [ -74.301975737999953, -13.263541277999934 ], [ -74.301406032999978, -13.266291490999947 ], [ -74.300053491999961, -13.267718701999968 ], [ -74.298026701999959, -13.269144048999976 ], [ -74.296897285999989, -13.271122210999977 ], [ -74.297004594999976, -13.272883638999929 ], [ -74.296548129999962, -13.275303937999979 ], [ -74.295756434999987, -13.277062882999928 ], [ -74.295752309999955, -13.278493791999949 ], [ -74.296869385999969, -13.280819371999939 ], [ -74.297087170999987, -13.283241529999941 ], [ -74.297195114999965, -13.284782818999929 ], [ -74.297750994999944, -13.286875695999981 ], [ -74.298307832999967, -13.288638363999951 ], [ -74.299201823999965, -13.29040195999994 ], [ -74.30032122199998, -13.291946029999963 ], [ -74.301103799999964, -13.293379099999981 ], [ -74.301883553999971, -13.295802796999965 ], [ -74.302889350999976, -13.297786830999939 ], [ -74.303559260999975, -13.29932965699993 ], [ -74.304228237999951, -13.301202689999968 ], [ -74.304899420999959, -13.30230523299997 ], [ -74.30489722599998, -13.303075720999971 ], [ -74.304669623999985, -13.304065736999974 ], [ -74.304103914999985, -13.30538503799994 ], [ -74.30342675299994, -13.30637381899993 ], [ -74.304322096999954, -13.307697119999943 ], [ -74.304880905999937, -13.308799353999973 ], [ -74.305998852999949, -13.310893752999959 ], [ -74.307342539999979, -13.31265855099997 ], [ -74.307901373999982, -13.313760781999974 ], [ -74.308460213999979, -13.314863009999954 ], [ -74.308903227999963, -13.317175701999929 ], [ -74.308899166999936, -13.318606609999961 ], [ -74.309007190999978, -13.320147892999955 ], [ -74.309453963999943, -13.321139744999982 ], [ -74.310124285999962, -13.322572486999945 ], [ -74.311132430999976, -13.323786000999974 ], [ -74.312366623999935, -13.324559841999928 ], [ -74.313039768999943, -13.325001947999965 ], [ -74.313485944999968, -13.326213931999973 ], [ -74.313483151999947, -13.327204560999974 ], [ -74.312354744999936, -13.328764509999928 ], [ -74.311789012999952, -13.330083824999974 ], [ -74.311447141999963, -13.331733957999973 ], [ -74.311218910999969, -13.332944115999965 ], [ -74.310426485999983, -13.334923230999948 ], [ -74.310195123999961, -13.337234084999977 ], [ -74.309629670999982, -13.338443322999979 ], [ -74.308838461999983, -13.339982154999973 ], [ -74.307822746999989, -13.341410300999939 ], [ -74.306920051999953, -13.342618609999931 ], [ -74.306243418999941, -13.343387252999946 ], [ -74.306183881999971, -13.344127568999966 ], [ -74.305960578999986, -13.34651510599997 ], [ -74.305123959999946, -13.348500261999959 ], [ -74.304659483999956, -13.34949271499994 ], [ -74.304560432999949, -13.351841246999982 ], [ -74.30473914199996, -13.353919523999934 ], [ -74.304642414999989, -13.355455015999951 ], [ -74.304942112999981, -13.357457820999969 ], [ -74.305010010999979, -13.357480017999933 ], [ -74.302540485999941, -13.359341664999931 ], [ -74.302409426999986, -13.359443173999978 ], [ -74.301480010999967, -13.360840017999976 ], [ -74.300711444999934, -13.361942410999973 ], [ -74.300490012999944, -13.362260019999951 ], [ -74.299860012999943, -13.363020017999929 ], [ -74.29952001099997, -13.36318001799998 ], [ -74.298840010999982, -13.363270019999959 ], [ -74.297830012999952, -13.363950017999969 ], [ -74.297826303999955, -13.363950787999954 ], [ -74.297540010999967, -13.364010017999931 ], [ -74.297400012999958, -13.363930017999962 ], [ -74.297230012999989, -13.363910019999935 ], [ -74.297012141999971, -13.364015654999946 ], [ -74.296900010999934, -13.36407001799995 ], [ -74.296450012999969, -13.36459001999998 ], [ -74.296230408999975, -13.365079629999968 ], [ -74.295840012999975, -13.365950017999978 ], [ -74.295560012999943, -13.366370019999977 ], [ -74.295266694999953, -13.366615588999935 ], [ -74.295130010999969, -13.366730017999942 ], [ -74.294510010999943, -13.366920017999973 ], [ -74.294410836999987, -13.366969605999941 ], [ -74.29428877099997, -13.36703390699995 ], [ -74.294153508999955, -13.367157990999942 ], [ -74.293810010999948, -13.367480019999959 ], [ -74.293105352999987, -13.368642707999982 ], [ -74.29300922799996, -13.368802535999976 ], [ -74.292610711999941, -13.369289681999931 ], [ -74.292569328999946, -13.369413226999939 ], [ -74.292260012999975, -13.370350017999954 ], [ -74.292194336999955, -13.370393802999956 ], [ -74.292173408999986, -13.370409646999974 ], [ -74.291618873999937, -13.370561804999966 ], [ -74.291599547999965, -13.370581373999926 ], [ -74.291390010999976, -13.370800017999954 ], [ -74.291331498999966, -13.371126021999942 ], [ -74.291320010999982, -13.371190019999972 ], [ -74.291260010999963, -13.372240019999936 ], [ -74.29131001099995, -13.373540017999971 ], [ -74.291229147999957, -13.373834595999938 ], [ -74.291170010999963, -13.374050017999934 ], [ -74.291051451999977, -13.374238636999962 ], [ -74.29095001099995, -13.374400019999939 ], [ -74.290648248999958, -13.374570103999929 ], [ -74.290400012999953, -13.374710017999973 ], [ -74.290022233999935, -13.374722205999944 ], [ -74.289473381999983, -13.374742158999936 ], [ -74.289231082999947, -13.374810613999955 ], [ -74.289030012999945, -13.374870019999946 ], [ -74.288540012999988, -13.375330017999943 ], [ -74.288426901999969, -13.375669353999967 ], [ -74.288350198999979, -13.375899459999971 ], [ -74.288139334999983, -13.376176056999952 ], [ -74.287889565999933, -13.376320023999938 ], [ -74.287251713999979, -13.376535230999934 ], [ -74.286658867999961, -13.377148402999978 ], [ -74.286436961999982, -13.377238195999951 ], [ -74.28580810699998, -13.37730374299997 ], [ -74.285254506999934, -13.377361441999938 ], [ -74.285150444999942, -13.377372464999951 ], [ -74.285090012999945, -13.377380019999976 ], [ -74.285002821999967, -13.377422000999957 ], [ -74.284820008999986, -13.37751392399997 ], [ -74.284647424999946, -13.377673521999952 ], [ -74.284634578999942, -13.377685691999943 ], [ -74.284504658999936, -13.377974166999934 ], [ -74.284488576999934, -13.378107244999967 ], [ -74.284480010999971, -13.378210019999926 ], [ -74.284630010999933, -13.379620019999948 ], [ -74.284610010999984, -13.380060017999938 ], [ -74.284609416999956, -13.380060810999964 ], [ -74.284430578999945, -13.380299261999937 ], [ -74.284430010999984, -13.380300019999936 ], [ -74.283970010999951, -13.380580017999932 ], [ -74.283740010999963, -13.380850017999933 ], [ -74.283718412999974, -13.380976523999948 ], [ -74.28367001099997, -13.381260017999978 ], [ -74.283735391999983, -13.38203991499995 ], [ -74.283810010999957, -13.382930019999947 ], [ -74.283640012999967, -13.383960019999961 ], [ -74.28366975299997, -13.384044287999927 ], [ -74.283701485999984, -13.384129367999947 ], [ -74.28392232899995, -13.384401246999971 ], [ -74.283931270999972, -13.384500730999946 ], [ -74.283810703999961, -13.384672183999953 ], [ -74.283033041999943, -13.385311949999959 ], [ -74.282734619999985, -13.386287617999926 ], [ -74.282381938999947, -13.386874334999959 ], [ -74.28201166499997, -13.387162621999948 ], [ -74.281725641999969, -13.38722603399998 ], [ -74.281450012999983, -13.387290019999966 ], [ -74.28054001299995, -13.387630017999982 ], [ -74.278770012999985, -13.388430017999951 ], [ -74.278176963999954, -13.388583394999955 ], [ -74.277610913, -13.388732394999977 ], [ -74.277333391999946, -13.388885312999946 ], [ -74.276752492999947, -13.389332845999945 ], [ -74.276450010999952, -13.389570019999951 ], [ -74.275820012999986, -13.389920017999941 ], [ -74.275816549999945, -13.389920285999949 ], [ -74.275772985999936, -13.389923636999981 ], [ -74.275560012999961, -13.389940019999926 ], [ -74.275294903999963, -13.389868218999936 ], [ -74.275078147999977, -13.389810418999957 ], [ -74.274940012999934, -13.389840019999951 ], [ -74.274810012999978, -13.390000017999967 ], [ -74.274788092999984, -13.390131537999935 ], [ -74.274750012999959, -13.390360017999967 ], [ -74.274940010999956, -13.391150019999941 ], [ -74.274920010999949, -13.391400017999956 ], [ -74.274638655999979, -13.391574916999957 ], [ -74.274550010999974, -13.391630017999944 ], [ -74.274455293999949, -13.391657082999927 ], [ -74.274267959999975, -13.39171565099997 ], [ -74.274185073999945, -13.391760980999948 ], [ -74.27411995999995, -13.391796597999928 ], [ -74.274120012999958, -13.391800019999948 ], [ -74.273948576999942, -13.392142888999956 ], [ -74.273701332999963, -13.392644480999934 ], [ -74.273634705999939, -13.393304730999944 ], [ -74.273810414999957, -13.39363054599994 ], [ -74.274656207999953, -13.394412105999947 ], [ -74.274897694999936, -13.394831711999927 ], [ -74.27496870799996, -13.394955105999941 ], [ -74.274968924999939, -13.394958091999968 ], [ -74.274970012999972, -13.394960017999949 ], [ -74.275060012999973, -13.396180017999939 ], [ -74.275130397999988, -13.396461562999946 ], [ -74.275222582999959, -13.396818355999926 ], [ -74.275227475999941, -13.396899627999971 ], [ -74.275285707999956, -13.397866855999951 ], [ -74.275347035999971, -13.398174945999926 ], [ -74.275593707999974, -13.399414105999938 ], [ -74.275554707999959, -13.400128855999981 ], [ -74.275368082999989, -13.400932162999936 ], [ -74.275330012999973, -13.401100017999966 ], [ -74.275317608999956, -13.401239578999935 ], [ -74.27529001299996, -13.401550019999945 ], [ -74.27541544099995, -13.401939742999957 ], [ -74.275570012999935, -13.402420019999965 ], [ -74.276230010999939, -13.403870019999943 ], [ -74.276310012999943, -13.404040017999932 ], [ -74.276581217999933, -13.404658711999957 ], [ -74.276630832999956, -13.40476948099996 ], [ -74.276933582999959, -13.405015605999949 ], [ -74.277431582999952, -13.405540980999945 ], [ -74.277469885999949, -13.405600517999972 ], [ -74.277720012999964, -13.40598001799998 ], [ -74.278000012999939, -13.406640019999941 ], [ -74.278152987999988, -13.406857890999959 ], [ -74.278331955999988, -13.407107480999969 ], [ -74.278687094999952, -13.407473154999934 ], [ -74.278920012999947, -13.407710019999968 ], [ -74.279173746999959, -13.408056019999947 ], [ -74.279362256999946, -13.408311318999949 ], [ -74.27955271999997, -13.408421588999943 ], [ -74.279933582999945, -13.408640605999949 ], [ -74.280931582999983, -13.408976605999953 ], [ -74.282912832999955, -13.410027355999944 ], [ -74.285516707999989, -13.411204105999957 ], [ -74.286643457999958, -13.411754980999945 ], [ -74.288546332999942, -13.412631230999978 ], [ -74.290579256999933, -13.414149494999947 ], [ -74.294523117999972, -13.416565675999948 ], [ -74.29780838399995, -13.417318863999981 ], [ -74.300703157999976, -13.418490215999952 ], [ -74.304315869999982, -13.421328984999946 ], [ -74.307752561999962, -13.423001199999931 ], [ -74.312980030999938, -13.425549955999941 ], [ -74.316566340999941, -13.426346343999967 ], [ -74.318117332999975, -13.426064855999982 ], [ -74.319951082999978, -13.425147980999952 ], [ -74.321540457999959, -13.424720105999938 ], [ -74.322946332999948, -13.424414480999928 ], [ -74.323863332999963, -13.424536730999932 ], [ -74.32581933299997, -13.424842355999942 ], [ -74.327408582999965, -13.424720105999938 ], [ -74.328692332999935, -13.42447560599993 ], [ -74.330281582999987, -13.42478123099994 ], [ -74.330954082999938, -13.425270230999956 ], [ -74.331443082999954, -13.426370480999935 ], [ -74.331565332999958, -13.427470855999957 ], [ -74.331565332999958, -13.430282730999977 ], [ -74.332151938999971, -13.433702984999968 ], [ -74.331811123999955, -13.433792009999934 ], [ -74.331870957999968, -13.43401148099997 ], [ -74.333085332999985, -13.43529173099995 ], [ -74.33464883299996, -13.436415355999941 ], [ -74.335210705999941, -13.43722160599998 ], [ -74.33562595799998, -13.437587980999979 ], [ -74.335821455999962, -13.438100980999934 ], [ -74.335894707999955, -13.438369605999981 ], [ -74.336008516999982, -13.438749496999947 ], [ -74.33723998399995, -13.438529980999931 ], [ -74.338379983999971, -13.438519980999956 ], [ -74.339649983999948, -13.438229980999949 ], [ -74.340009983999948, -13.438219980999975 ], [ -74.340369983999949, -13.438329980999981 ], [ -74.341369983999982, -13.438939980999976 ], [ -74.341479983999989, -13.439159980999932 ], [ -74.342079983999952, -13.439319980999926 ], [ -74.342519983999978, -13.439639980999971 ], [ -74.342899983999985, -13.439539980999939 ], [ -74.344379983999943, -13.438789980999957 ], [ -74.344490358999963, -13.43874935599996 ], [ -74.345219983999982, -13.438479980999944 ], [ -74.346729983999978, -13.438199980999968 ], [ -74.346909983999979, -13.438259980999931 ], [ -74.347339983999973, -13.438649980999969 ], [ -74.347669983999936, -13.438829980999969 ], [ -74.349769983999977, -13.439439980999964 ], [ -74.349829983999939, -13.43945998099997 ], [ -74.350709983999934, -13.439939980999952 ], [ -74.35132998399996, -13.439939980999952 ], [ -74.351779983999961, -13.439849980999952 ], [ -74.352619983999944, -13.439939980999952 ], [ -74.353539983999951, -13.440529980999941 ], [ -74.353789983999945, -13.440549980999947 ], [ -74.35407063599996, -13.440476125999965 ], [ -74.354169983999952, -13.440449980999972 ], [ -74.355169983999986, -13.439979980999965 ], [ -74.355989983999962, -13.439139980999926 ], [ -74.356619983999963, -13.438729980999938 ], [ -74.356899983999938, -13.438659980999944 ], [ -74.357249983999964, -13.438479980999944 ], [ -74.357349983999939, -13.43778998099998 ], [ -74.357469983999977, -13.437569980999967 ], [ -74.358169983999971, -13.43682998099996 ], [ -74.358789983999941, -13.436479980999934 ], [ -74.359849983999936, -13.436279980999927 ], [ -74.360739983999963, -13.435989980999977 ], [ -74.361109983999938, -13.435979980999946 ], [ -74.361959983999952, -13.436169980999978 ], [ -74.363099983999973, -13.436819980999928 ], [ -74.363339983999936, -13.43682998099996 ], [ -74.363859983999987, -13.436619980999978 ], [ -74.364199983999981, -13.436579980999966 ], [ -74.364699983999969, -13.436779980999972 ], [ -74.365139983999939, -13.436709980999979 ], [ -74.365579983999964, -13.436449980999953 ], [ -74.366069983999978, -13.436259980999978 ], [ -74.367169983999986, -13.436059980999971 ], [ -74.367639983999936, -13.435769980999964 ], [ -74.368029983999975, -13.435119980999957 ], [ -74.368109983999943, -13.434239980999962 ], [ -74.368289983999944, -13.433829980999974 ], [ -74.36848998399995, -13.433549980999942 ], [ -74.368499983999982, -13.432879980999928 ], [ -74.368639983999969, -13.432489980999947 ], [ -74.369109983999977, -13.432069980999927 ], [ -74.369599983999933, -13.431869980999977 ], [ -74.369689983999933, -13.431749980999939 ], [ -74.369859983999959, -13.431119980999938 ], [ -74.36988998399994, -13.430419980999943 ], [ -74.369819983999946, -13.429289980999954 ], [ -74.369969983999965, -13.428609980999966 ], [ -74.370219983999959, -13.42825998099994 ], [ -74.371519983999974, -13.427289980999944 ], [ -74.372219983999969, -13.426659980999943 ], [ -74.372549983999988, -13.426279980999936 ], [ -74.372749983999938, -13.42587998099998 ], [ -74.372789983999951, -13.425119980999966 ], [ -74.372869983999976, -13.424689980999972 ], [ -74.374019983999972, -13.423079980999944 ], [ -74.374779983999986, -13.422329980999962 ], [ -74.376029983999956, -13.42160998099996 ], [ -74.376819983999951, -13.420539980999934 ], [ -74.378139983999972, -13.419329980999976 ], [ -74.378249983999979, -13.419169980999982 ], [ -74.378329983999947, -13.418859980999969 ], [ -74.378379983999935, -13.419039980999969 ], [ -74.378699983999979, -13.419419980999976 ], [ -74.378909983999961, -13.419559980999963 ], [ -74.37976998399995, -13.419969980999952 ], [ -74.37994998399995, -13.420129980999945 ], [ -74.380029983999975, -13.420289980999939 ], [ -74.380029983999975, -13.420539980999934 ], [ -74.379339983999955, -13.422869980999963 ], [ -74.37932998399998, -13.423219980999932 ], [ -74.379419983999981, -13.423529980999945 ], [ -74.379569983999943, -13.423759980999932 ], [ -74.379839983999943, -13.423919980999926 ], [ -74.381109983999977, -13.424259980999977 ], [ -74.38179998399994, -13.424549980999927 ], [ -74.382639983999979, -13.424719980999953 ], [ -74.383699983999975, -13.424759980999966 ], [ -74.384219983999969, -13.424829980999959 ], [ -74.384279983999988, -13.424869980999972 ], [ -74.384619983999983, -13.425089980999928 ], [ -74.384889983999983, -13.425419980999948 ], [ -74.384979983999983, -13.425619980999954 ], [ -74.385009983999964, -13.426279980999936 ], [ -74.384959983999977, -13.427259980999963 ], [ -74.384749983999939, -13.428119980999952 ], [ -74.38430998399997, -13.428699980999966 ], [ -74.383099983999955, -13.429539980999948 ], [ -74.382599983999967, -13.430029980999961 ], [ -74.382379983999954, -13.43037998099993 ], [ -74.382319983999935, -13.430829980999931 ], [ -74.382349983999973, -13.431109980999963 ], [ -74.38272998399998, -13.431879980999952 ], [ -74.38299998399998, -13.432149980999952 ], [ -74.383449983999981, -13.43246998099994 ], [ -74.385599983999953, -13.433469980999973 ], [ -74.385719983999934, -13.433659980999948 ], [ -74.38582998399994, -13.434459980999975 ], [ -74.386279983999941, -13.434809980999944 ], [ -74.386479983999948, -13.435049980999963 ], [ -74.386719983999967, -13.435979980999946 ], [ -74.386889983999936, -13.436379980999959 ], [ -74.387189983999974, -13.43664998099996 ], [ -74.387819983999975, -13.436779980999972 ], [ -74.387939983999956, -13.436809980999953 ], [ -74.388569983999957, -13.437059980999948 ], [ -74.389379983999959, -13.437759980999942 ], [ -74.389889983999979, -13.438369980999937 ], [ -74.390629983999986, -13.439039980999951 ], [ -74.391259983999987, -13.44007998099994 ], [ -74.391959983999982, -13.440929980999954 ], [ -74.392199983999944, -13.442139980999968 ], [ -74.392709983999964, -13.442789980999976 ], [ -74.393029983999952, -13.443569980999939 ], [ -74.393749983999953, -13.444319980999978 ], [ -74.39430998399996, -13.444679980999979 ], [ -74.394599983999967, -13.444789980999929 ], [ -74.39490998399998, -13.444829980999941 ], [ -74.395749983999963, -13.444929980999973 ], [ -74.396329983999976, -13.445089980999967 ], [ -74.396669983999971, -13.444959980999954 ], [ -74.396929983999939, -13.444729980999966 ], [ -74.397519983999985, -13.443509980999977 ], [ -74.398099983999941, -13.442639980999957 ], [ -74.398369983999942, -13.441759980999961 ], [ -74.398709983999936, -13.441009980999979 ], [ -74.398959983999987, -13.440639980999947 ], [ -74.399069983999937, -13.440489980999928 ], [ -74.399749983999982, -13.43989998099994 ], [ -74.400009983999951, -13.439429980999932 ], [ -74.400079983999944, -13.438959980999982 ], [ -74.399869983999963, -13.437779980999949 ], [ -74.399959983999963, -13.437279980999961 ], [ -74.400709983999946, -13.436279980999927 ], [ -74.401259983999978, -13.43506998099997 ], [ -74.401529983999978, -13.434619980999969 ], [ -74.401759983999966, -13.434369980999975 ], [ -74.40209998399996, -13.434219980999956 ], [ -74.403109983999968, -13.434209980999981 ], [ -74.403119983999943, -13.434209980999981 ], [ -74.403819983999938, -13.434399980999956 ], [ -74.404269983999939, -13.434639980999975 ], [ -74.405609983999966, -13.435599980999939 ], [ -74.406319983999936, -13.435959980999939 ], [ -74.40725998399995, -13.436219980999965 ], [ -74.407599983999944, -13.43640998099994 ], [ -74.408019983999964, -13.436659980999934 ], [ -74.408439983999983, -13.437029980999966 ], [ -74.408659983999939, -13.43760998099998 ], [ -74.408829983999965, -13.437859980999974 ], [ -74.410199983999973, -13.43927998099997 ], [ -74.410649983999974, -13.439629980999939 ], [ -74.410939983999981, -13.439729980999971 ], [ -74.411429983999938, -13.439759980999952 ], [ -74.412659983999959, -13.439489980999952 ], [ -74.413079983999978, -13.439639980999971 ], [ -74.413479983999935, -13.440069980999965 ], [ -74.413639983999985, -13.440639980999947 ], [ -74.413569983999935, -13.441179980999948 ], [ -74.413089983999953, -13.442559980999931 ], [ -74.413079983999978, -13.442779980999944 ], [ -74.413239983999972, -13.443249980999951 ], [ -74.413729983999986, -13.443809980999958 ], [ -74.415569983999944, -13.444959980999954 ], [ -74.415849983999976, -13.445189980999942 ], [ -74.416699983999933, -13.446259980999969 ], [ -74.417049983999959, -13.446429980999937 ], [ -74.417449983999973, -13.44646998099995 ], [ -74.41809998399998, -13.446369980999975 ], [ -74.419019983999988, -13.446119980999981 ], [ -74.419479983999963, -13.446069980999937 ], [ -74.420279983999933, -13.445829980999974 ], [ -74.421059983999953, -13.445879980999962 ], [ -74.421909983999967, -13.445799980999936 ], [ -74.422499983999955, -13.445549980999942 ], [ -74.423169983999969, -13.444899980999935 ], [ -74.423819983999977, -13.44470998099996 ], [ -74.424319983999965, -13.444779980999954 ], [ -74.424329983999939, -13.444779980999954 ], [ -74.425739983999961, -13.445589980999955 ], [ -74.427499983999951, -13.446189980999975 ], [ -74.428209983999977, -13.446539980999944 ], [ -74.428619983999965, -13.446629980999944 ], [ -74.42904998399996, -13.446849980999957 ], [ -74.429709983999942, -13.447549980999952 ], [ -74.430859858999952, -13.448376230999941 ], [ -74.431059983999944, -13.448519980999947 ], [ -74.431759983999939, -13.449119980999967 ], [ -74.432139983999946, -13.449109980999935 ], [ -74.432579983999972, -13.449009980999961 ], [ -74.433149983999954, -13.449019980999935 ], [ -74.433789983999986, -13.448849980999967 ], [ -74.434119983999949, -13.448839980999935 ], [ -74.435119983999982, -13.449189980999961 ], [ -74.436429983999972, -13.449779980999949 ], [ -74.437539983999955, -13.450029980999943 ], [ -74.437591483999938, -13.450028980999946 ], [ -74.438009983999962, -13.450019980999969 ], [ -74.438989983999988, -13.449479980999968 ], [ -74.439099983999938, -13.449299980999967 ], [ -74.439249983999957, -13.448779980999973 ], [ -74.439529983999989, -13.448279980999928 ], [ -74.439929983999946, -13.447989980999978 ], [ -74.440569983999978, -13.447759980999933 ], [ -74.440999983999973, -13.447739980999927 ], [ -74.442699983999944, -13.448269980999953 ], [ -74.443619983999952, -13.448349980999978 ], [ -74.444183733999978, -13.448466605999954 ], [ -74.444190858999946, -13.44846810599995 ], [ -74.444199983999965, -13.44846998099996 ], [ -74.444207233999975, -13.448470480999958 ], [ -74.446043108999959, -13.448746980999942 ], [ -74.447824108999953, -13.449142730999938 ], [ -74.449110358999974, -13.449241730999972 ], [ -74.45014923399998, -13.449192230999927 ], [ -74.452128108999943, -13.449142730999938 ], [ -74.454106983999964, -13.449785855999949 ], [ -74.45598685899995, -13.45107210599997 ], [ -74.456728858999952, -13.451418355999976 ], [ -74.458212983999942, -13.45171523099998 ], [ -74.459449733999975, -13.451616230999946 ], [ -74.461576983999976, -13.451319480999928 ], [ -74.462368483999967, -13.450923730999932 ], [ -74.463645483999983, -13.450676855999973 ], [ -74.464592483999979, -13.45056210599995 ], [ -74.465134733999946, -13.450664730999961 ], [ -74.465566358999979, -13.45075010599993 ], [ -74.465569983999956, -13.450749980999944 ], [ -74.465589983999962, -13.450529980999931 ], [ -74.465839983999956, -13.449789980999981 ], [ -74.466069983999944, -13.449469980999936 ], [ -74.466369983999982, -13.449289980999936 ], [ -74.466619983999976, -13.449279980999961 ], [ -74.467529983999952, -13.449569980999968 ], [ -74.467700038999965, -13.449660019999953 ], [ -74.468219983999973, -13.449949980999975 ], [ -74.469039983999949, -13.450099980999937 ], [ -74.469619983999962, -13.450259980999931 ], [ -74.470049983999957, -13.450479980999944 ], [ -74.470939983999983, -13.45118998099997 ], [ -74.471289983999952, -13.451289980999945 ], [ -74.471769983999934, -13.451289980999945 ], [ -74.471989983999947, -13.451359980999939 ], [ -74.472919983999986, -13.452219980999928 ], [ -74.473269983999955, -13.452449980999972 ], [ -74.473499983999943, -13.452519980999966 ], [ -74.47429998399997, -13.452599980999935 ], [ -74.474979983999958, -13.452989980999973 ], [ -74.475399983999978, -13.453139980999936 ], [ -74.475749983999947, -13.453139980999936 ], [ -74.476339983999935, -13.452979980999942 ], [ -74.47814998399997, -13.452059980999934 ], [ -74.478278358999944, -13.452015605999975 ], [ -74.478354233999937, -13.451989355999956 ], [ -74.478409983999939, -13.451969980999934 ], [ -74.478468608999947, -13.451907730999949 ], [ -74.479580233999968, -13.450820605999979 ], [ -74.479973733999941, -13.450324980999937 ], [ -74.480921233999936, -13.449275480999972 ], [ -74.482291608999958, -13.447934230999977 ], [ -74.483166233999953, -13.447161730999937 ], [ -74.484463608999988, -13.446126730999936 ], [ -74.485483983999984, -13.445222980999972 ], [ -74.486927108999964, -13.444202480999934 ], [ -74.488399483999956, -13.44373610599996 ], [ -74.489959233999969, -13.443473605999941 ], [ -74.490862983999989, -13.443488230999947 ], [ -74.49199998399996, -13.443488230999947 ], [ -74.492918358999987, -13.44340073099994 ], [ -74.493574358999979, -13.443065480999962 ], [ -74.494113733999939, -13.442511605999982 ], [ -74.494682233999981, -13.441913855999928 ], [ -74.495513108999944, -13.441374480999968 ], [ -74.496314858999938, -13.44102473099997 ], [ -74.496577358999957, -13.440878855999927 ], [ -74.497063858999979, -13.440358730999947 ], [ -74.497597483999982, -13.439540230999967 ], [ -74.498416233999933, -13.438650480999968 ], [ -74.499341483999956, -13.437938730999974 ], [ -74.501903858999981, -13.437226980999981 ], [ -74.504893483999979, -13.436764230999927 ], [ -74.506316983999966, -13.436479605999978 ], [ -74.507633733999967, -13.435874480999928 ], [ -74.509235233999959, -13.434379730999979 ], [ -74.509982608999962, -13.433169730999964 ], [ -74.510729983999965, -13.432208855999932 ], [ -74.511690983999983, -13.431532605999962 ], [ -74.512550733999944, -13.431150355999932 ], [ -74.51400423399997, -13.430073480999965 ], [ -74.514929608999978, -13.429290605999938 ], [ -74.515676983999981, -13.429005855999947 ], [ -74.516602233999947, -13.428827855999941 ], [ -74.517171608999945, -13.428543230999935 ], [ -74.517954608999958, -13.428258480999943 ], [ -74.518819108999935, -13.427817480999977 ], [ -74.519236233999948, -13.427585730999965 ], [ -74.519699608999986, -13.427539355999954 ], [ -74.520232483999962, -13.427469855999959 ], [ -74.520626233999963, -13.427400355999964 ], [ -74.52097385899998, -13.42737723099998 ], [ -74.521298108999986, -13.427215105999949 ], [ -74.521506733999956, -13.426960230999953 ], [ -74.521784733999937, -13.42640410599995 ], [ -74.522271233999959, -13.425963980999938 ], [ -74.523059108999973, -13.425570105999952 ], [ -74.524449108999988, -13.425106730999971 ], [ -74.525700108999956, -13.424643355999933 ], [ -74.526395358999935, -13.424203230999979 ], [ -74.527090233999957, -13.42355448099994 ], [ -74.527460983999958, -13.422743605999926 ], [ -74.527530483999954, -13.422372730999939 ], [ -74.527920733999963, -13.421706230999973 ], [ -74.528156108999951, -13.421130855999934 ], [ -74.528156108999951, -13.419823230999953 ], [ -74.527920733999963, -13.418724730999941 ], [ -74.52773773399997, -13.41791398099997 ], [ -74.527606983999988, -13.416580105999969 ], [ -74.52729310899997, -13.415167855999982 ], [ -74.52729310899997, -13.414566480999952 ], [ -74.527528483999959, -13.413755605999938 ], [ -74.528286983999976, -13.412892480999972 ], [ -74.528862358999959, -13.412212480999926 ], [ -74.529699233999963, -13.411140230999933 ], [ -74.529777733999936, -13.410878605999926 ], [ -74.530600858999946, -13.409709980999935 ], [ -74.530693108999969, -13.40925723099997 ], [ -74.53061460899994, -13.408446355999956 ], [ -74.530562233999945, -13.40784485599994 ], [ -74.530928483999958, -13.406641730999979 ], [ -74.530954733999977, -13.405857105999928 ], [ -74.531085358999974, -13.40452335599997 ], [ -74.531582233999984, -13.403398730999982 ], [ -74.532026858999984, -13.402980230999958 ], [ -74.532759233999968, -13.402457355999957 ], [ -74.533412983999938, -13.402090980999958 ], [ -74.535034608999979, -13.401672605999977 ], [ -74.535374608999973, -13.401541855999938 ], [ -74.536185358999944, -13.401018730999965 ], [ -74.537832983999976, -13.400260230999947 ], [ -74.539245358999949, -13.399658730999931 ], [ -74.540840733999971, -13.398900230999971 ], [ -74.542096108999942, -13.397854105999954 ], [ -74.54311598399994, -13.397121855999956 ], [ -74.543822233999947, -13.39696498099994 ], [ -74.545208358999957, -13.396415730999934 ], [ -74.546489858999962, -13.39612798099995 ], [ -74.547535983999978, -13.395787980999955 ], [ -74.548006733999955, -13.395317230999979 ], [ -74.548451358999955, -13.394715730999962 ], [ -74.548791358999949, -13.394192605999933 ], [ -74.550399858999981, -13.393003480999937 ], [ -74.551339858999938, -13.392431355999975 ], [ -74.552974358999961, -13.391491480999946 ], [ -74.55403685899995, -13.390510730999949 ], [ -74.554608983999969, -13.389856855999938 ], [ -74.554854108999962, -13.389693355999952 ], [ -74.555385358999956, -13.389693355999952 ], [ -74.55628435899996, -13.389979480999955 ], [ -74.557346858999949, -13.390061230999947 ], [ -74.558654608999973, -13.390061230999947 ], [ -74.559757983999987, -13.390428980999957 ], [ -74.560983858999975, -13.391082855999969 ], [ -74.562659358999952, -13.391654855999946 ], [ -74.563435733999938, -13.39190010599998 ], [ -74.564456108999934, -13.391772355999933 ], [ -74.566252983999959, -13.390568105999932 ], [ -74.567466108999952, -13.389801980999948 ], [ -74.568743108999968, -13.389291105999973 ], [ -74.570658733999949, -13.387822480999944 ], [ -74.571297108999943, -13.387503355999968 ], [ -74.57168035899997, -13.387120105999941 ], [ -74.571488733999956, -13.38641785599998 ], [ -74.570850233999977, -13.385651605999954 ], [ -74.570147858999974, -13.384629980999932 ], [ -74.569956358999946, -13.383544480999944 ], [ -74.569828608999956, -13.382905980999965 ], [ -74.569737483999972, -13.381898855999964 ], [ -74.569653483999957, -13.381172355999979 ], [ -74.569765233999988, -13.38002673099993 ], [ -74.569793233999974, -13.378741230999935 ], [ -74.569932983999934, -13.377903105999962 ], [ -74.570184358999938, -13.376422230999935 ], [ -74.570407983999985, -13.375304480999944 ], [ -74.570631483999989, -13.374717730999976 ], [ -74.571036608999975, -13.373938855999938 ], [ -74.572363733999964, -13.37250673099993 ], [ -74.573726108999949, -13.371109730999933 ], [ -74.574284983999974, -13.370306355999958 ], [ -74.574669108999956, -13.369607730999974 ], [ -74.57554235899994, -13.367477105999967 ], [ -74.575856733999956, -13.367023105999976 ], [ -74.576206108999941, -13.366638855999952 ], [ -74.576485358999946, -13.36625473099997 ], [ -74.576485358999946, -13.365835480999976 ], [ -74.576240858999938, -13.364962355999978 ], [ -74.576136108999947, -13.36384460599993 ], [ -74.57603123399997, -13.363180980999971 ], [ -74.576310733999946, -13.362552355999981 ], [ -74.576406858999974, -13.361919230999945 ], [ -74.576275858999963, -13.361482605999981 ], [ -74.575970233999954, -13.360915105999936 ], [ -74.575577233999979, -13.360172855999963 ], [ -74.57461673399996, -13.358906730999934 ], [ -74.574049108999986, -13.358120855999971 ], [ -74.573263358999952, -13.357029355999941 ], [ -74.572346483999979, -13.355675855999948 ], [ -74.571778858999949, -13.354584355999975 ], [ -74.57138598399996, -13.353536605999977 ], [ -74.571123983999939, -13.352052105999974 ], [ -74.571123983999939, -13.349126855999941 ], [ -74.571036608999975, -13.348079105999943 ], [ -74.571167608999986, -13.34716223099997 ], [ -74.571157483999968, -13.346706480999956 ], [ -74.571233733999975, -13.34620360599996 ], [ -74.571119983999949, -13.345399980999957 ], [ -74.570719983999936, -13.344879980999963 ], [ -74.570349983999961, -13.344629980999969 ], [ -74.569489983999972, -13.344399980999981 ], [ -74.56911998399994, -13.344219980999981 ], [ -74.56893998399994, -13.344009980999942 ], [ -74.568639983999958, -13.343289980999941 ], [ -74.56831998399997, -13.34298998099996 ], [ -74.567849983999963, -13.342959980999979 ], [ -74.567509983999969, -13.342769980999947 ], [ -74.56726998399995, -13.342529980999927 ], [ -74.566839983999955, -13.341779980999945 ], [ -74.566609983999967, -13.341609980999976 ], [ -74.566109983999979, -13.341429980999976 ], [ -74.566889983999943, -13.341229980999969 ], [ -74.568069983999976, -13.34080998099995 ], [ -74.570359983999936, -13.339879980999967 ], [ -74.570749983999974, -13.339769980999961 ], [ -74.571669983999982, -13.33949998099996 ], [ -74.572179983999945, -13.33904998099996 ], [ -74.572609983999939, -13.338839980999978 ], [ -74.57332998399994, -13.338649980999946 ], [ -74.574339983999948, -13.338549980999971 ], [ -74.575299983999969, -13.338139980999927 ], [ -74.576039983999976, -13.338079980999964 ], [ -74.577119983999978, -13.337989980999964 ], [ -74.578099983999948, -13.338009980999971 ], [ -74.579619983999976, -13.337769980999951 ], [ -74.580199983999989, -13.337779980999926 ], [ -74.581249983999953, -13.337989980999964 ], [ -74.582079983999961, -13.337869980999926 ], [ -74.583729983999945, -13.337129980999975 ], [ -74.584419983999965, -13.336769980999975 ], [ -74.585219983999934, -13.336149980999949 ], [ -74.585509983999941, -13.335849980999967 ], [ -74.58598998399998, -13.335179980999953 ], [ -74.586359983999955, -13.334899980999978 ], [ -74.586900020999963, -13.334729968999966 ], [ -74.587399983999944, -13.334579980999933 ], [ -74.587869983999951, -13.334519980999971 ], [ -74.588869983999984, -13.334459980999952 ], [ -74.589439983999966, -13.334499980999965 ], [ -74.590009983999948, -13.334519980999971 ], [ -74.590439983999943, -13.334429980999971 ], [ -74.591969983999945, -13.333649980999951 ], [ -74.592369983999959, -13.333519980999938 ], [ -74.593559983999967, -13.333319980999931 ], [ -74.594179983999936, -13.332869980999931 ], [ -74.594959983999956, -13.332719980999968 ], [ -74.595689983999989, -13.332579980999981 ], [ -74.596389983999984, -13.332579980999981 ], [ -74.59747998399996, -13.332339980999961 ], [ -74.598229983999943, -13.33241998099993 ], [ -74.599649983999939, -13.332299980999949 ], [ -74.600319983999952, -13.332169980999936 ], [ -74.600829983999972, -13.332159980999961 ], [ -74.601229983999986, -13.33232998099993 ], [ -74.601779983999961, -13.332849980999981 ], [ -74.601949983999987, -13.332959980999931 ], [ -74.602279983999949, -13.333039980999956 ], [ -74.603469983999958, -13.333169980999969 ], [ -74.604869983999947, -13.33352998099997 ], [ -74.60541998399998, -13.333699980999938 ], [ -74.605819983999936, -13.333769980999932 ], [ -74.606699983999988, -13.333899980999945 ], [ -74.607119983999951, -13.33388998099997 ], [ -74.607279983999945, -13.33388998099997 ], [ -74.607589983999958, -13.333759980999957 ], [ -74.608289983999953, -13.333299980999982 ], [ -74.60866998399996, -13.333209980999982 ], [ -74.609239983999942, -13.333259980999969 ], [ -74.610929983999938, -13.333839980999926 ], [ -74.611869983999952, -13.334559980999927 ], [ -74.612229983999953, -13.334709980999946 ], [ -74.612889983999935, -13.334879980999972 ], [ -74.615159983999945, -13.335229980999941 ], [ -74.616689983999947, -13.335659980999935 ], [ -74.618179983999937, -13.336329980999949 ], [ -74.620379983999953, -13.33662998099993 ], [ -74.620819983999979, -13.33686998099995 ], [ -74.621379983999987, -13.337409980999951 ], [ -74.621939983999937, -13.337699980999957 ], [ -74.622629983999957, -13.337659980999945 ], [ -74.622799983999982, -13.337619980999932 ], [ -74.623509983999952, -13.337449980999963 ], [ -74.624619983999935, -13.336859980999975 ], [ -74.624999983999942, -13.336809980999931 ], [ -74.625329983999961, -13.33686998099995 ], [ -74.625649983999949, -13.337079980999931 ], [ -74.626509983999938, -13.338199980999946 ], [ -74.627489983999965, -13.339129980999928 ], [ -74.628179983999985, -13.339379980999979 ], [ -74.628609983999979, -13.339659980999954 ], [ -74.628989983999986, -13.33991998099998 ], [ -74.629209983999942, -13.34029998099993 ], [ -74.62932998399998, -13.341129980999938 ], [ -74.629529983999987, -13.341709980999951 ], [ -74.630169983999963, -13.342459980999934 ], [ -74.630449983999938, -13.343039980999947 ], [ -74.630559983999945, -13.343179980999935 ], [ -74.630629983999938, -13.343279980999966 ], [ -74.630969983999989, -13.343529980999961 ], [ -74.631919983999978, -13.343919980999942 ], [ -74.632439983999973, -13.344289980999974 ], [ -74.63268923399994, -13.344599605999974 ], [ -74.632697358999962, -13.344609730999935 ], [ -74.632727608999971, -13.344647230999954 ], [ -74.632769983999935, -13.344699980999962 ], [ -74.632829983999954, -13.344779980999931 ], [ -74.633331358999953, -13.344221855999933 ], [ -74.633990983999979, -13.34365160599998 ], [ -74.63498573399994, -13.342656980999948 ], [ -74.635407608999969, -13.342174730999943 ], [ -74.635920108999983, -13.34208435599993 ], [ -74.637788858999954, -13.341300605999947 ], [ -74.640049358999988, -13.339853855999934 ], [ -74.642159233999962, -13.33834685599993 ], [ -74.642769983999983, -13.337980355999946 ], [ -74.644419983999967, -13.33699048099993 ], [ -74.645384358999934, -13.336658855999929 ], [ -74.646594233999963, -13.336159105999968 ], [ -74.647916358999964, -13.335483355999941 ], [ -74.649091733999967, -13.334428480999975 ], [ -74.649815108999974, -13.333735230999935 ], [ -74.650206983999965, -13.333524230999956 ], [ -74.651231733999964, -13.333403605999933 ], [ -74.652648358999954, -13.333644730999936 ], [ -74.654577483999958, -13.334127105999926 ], [ -74.656506483999976, -13.333795480999981 ], [ -74.659203108999975, -13.332712855999944 ], [ -74.661509858999977, -13.331625355999961 ], [ -74.663529358999938, -13.330389480999941 ], [ -74.666995608999969, -13.32743573099998 ], [ -74.667628608999962, -13.326621855999974 ], [ -74.667658733999986, -13.326260230999935 ], [ -74.667598483999939, -13.324964105999982 ], [ -74.667236608999985, -13.324300980999965 ], [ -74.666453108999974, -13.323517355999968 ], [ -74.665850233999947, -13.322733730999971 ], [ -74.66609135899995, -13.321949980999932 ], [ -74.666814733999956, -13.320895105999966 ], [ -74.668564483999944, -13.318519480999953 ], [ -74.669949483999972, -13.317428855999935 ], [ -74.670974233999971, -13.31649448099995 ], [ -74.67124548399994, -13.315349105999928 ], [ -74.671335983999938, -13.31417360599994 ], [ -74.671718608999981, -13.312670480999941 ], [ -74.671757983999953, -13.312515855999948 ], [ -74.671686483999963, -13.311693980999962 ], [ -74.671637358999988, -13.311129355999981 ], [ -74.671426358999952, -13.310044230999949 ], [ -74.670944108999947, -13.30907973099994 ], [ -74.670944108999947, -13.308506980999937 ], [ -74.671667483999954, -13.307271230999959 ], [ -74.672842983999942, -13.305734105999932 ], [ -74.673596483999972, -13.304558605999944 ], [ -74.67477198399996, -13.301785605999953 ], [ -74.67573648399997, -13.298861855999974 ], [ -74.676489983999943, -13.29611898099995 ], [ -74.67709285899997, -13.294431105999934 ], [ -74.678427733999968, -13.293177730999957 ], [ -74.680808608999939, -13.291652355999929 ], [ -74.685730483999976, -13.28777935599993 ], [ -74.686066358999938, -13.286967105999963 ], [ -74.686056483999948, -13.286370980999948 ], [ -74.685577983999963, -13.285853355999961 ], [ -74.684334108999963, -13.28532248099998 ], [ -74.68404398399997, -13.28519873099998 ], [ -74.682892608999964, -13.284798855999952 ], [ -74.681724608999957, -13.283921855999949 ], [ -74.67768960899997, -13.281628855999941 ], [ -74.676345733999938, -13.280408230999967 ], [ -74.673859358999948, -13.27695898099995 ], [ -74.671927733999951, -13.274921855999935 ], [ -74.669374983999944, -13.274222605999967 ], [ -74.663498108999988, -13.271484355999974 ], [ -74.659439483999961, -13.271884730999943 ], [ -74.657654233999949, -13.271503855999981 ], [ -74.655509858999949, -13.27070510599998 ], [ -74.653505733999964, -13.270576105999965 ], [ -74.652388733999942, -13.271189480999965 ], [ -74.649529358999985, -13.273960980999959 ], [ -74.647339858999942, -13.274581980999926 ], [ -74.646232358999953, -13.274607355999933 ], [ -74.644654233999972, -13.274136730999942 ], [ -74.643783233999955, -13.273308605999944 ], [ -74.641953108999985, -13.270095605999927 ], [ -74.63893160899994, -13.266720730999964 ], [ -74.637566358999948, -13.263589855999953 ], [ -74.633384733999947, -13.261314480999943 ], [ -74.632208983999988, -13.260335980999969 ], [ -74.628929733999939, -13.255240230999959 ], [ -74.625931608999963, -13.24977535599993 ], [ -74.623847608999938, -13.246986355999979 ], [ -74.622191358999942, -13.243982480999932 ], [ -74.618241108999939, -13.241722730999982 ], [ -74.614330983999935, -13.237899480999943 ], [ -74.608422233999988, -13.232338355999957 ], [ -74.606295837999937, -13.230607558999964 ], [ -74.604685858999972, -13.229297105999933 ], [ -74.60199210899998, -13.228515105999975 ], [ -74.600688733999959, -13.227385480999942 ], [ -74.600601858999937, -13.226342730999932 ], [ -74.601134858999956, -13.225276730999951 ], [ -74.601557733999982, -13.224431230999926 ], [ -74.601644608999948, -13.221824355999956 ], [ -74.600517608999951, -13.219453230999932 ], [ -74.59938085899995, -13.217617230999963 ], [ -74.595634733999987, -13.212845730999959 ], [ -74.594611358999941, -13.212074230999974 ], [ -74.593117233999976, -13.211376980999944 ], [ -74.586982483999975, -13.211302605999947 ], [ -74.585953108999945, -13.210759730999939 ], [ -74.585433608999949, -13.209320355999978 ], [ -74.585220733999961, -13.204925730999946 ], [ -74.584808608999936, -13.203089855999963 ], [ -74.583503858999961, -13.202218730999959 ], [ -74.58094723399995, -13.202105480999933 ], [ -74.57969723399998, -13.201687480999965 ], [ -74.579421858999979, -13.201343730999952 ], [ -74.579544983999938, -13.197753980999948 ], [ -74.58033785899994, -13.194527355999981 ], [ -74.580101608999939, -13.193007855999952 ], [ -74.579191358999935, -13.192111355999941 ], [ -74.575904358999935, -13.190749980999954 ], [ -74.574417983999979, -13.189562480999939 ], [ -74.573255983999957, -13.187425480999934 ], [ -74.572807483999952, -13.185343230999933 ], [ -74.572326983999972, -13.184734480999964 ], [ -74.57203710899995, -13.184656230999963 ], [ -74.570981483999958, -13.184670480999955 ], [ -74.570054358999982, -13.184879980999938 ], [ -74.569844983999985, -13.184927230999961 ], [ -74.569124108999972, -13.185090105999961 ], [ -74.568421358999956, -13.185104605999982 ], [ -74.567004233999967, -13.185356980999927 ], [ -74.566915233999964, -13.185372730999973 ], [ -74.565202733999968, -13.186032980999926 ], [ -74.563449108999976, -13.186259855999936 ], [ -74.562706233999961, -13.185971105999954 ], [ -74.561592233999988, -13.185393355999963 ], [ -74.559529108999982, -13.185125230999972 ], [ -74.557795983999938, -13.18555848099993 ], [ -74.557121858999949, -13.185929605999945 ], [ -74.555547108999974, -13.186796355999945 ], [ -74.553174358999968, -13.188983355999937 ], [ -74.552204858999971, -13.189643605999947 ], [ -74.552039108999963, -13.189770730999953 ], [ -74.551317608999966, -13.190324355999962 ], [ -74.550265483999965, -13.191933605999964 ], [ -74.549213233999978, -13.193130355999926 ], [ -74.549221858999942, -13.193143980999935 ], [ -74.549056608999933, -13.193298855999956 ], [ -74.548384733999967, -13.194255855999927 ], [ -74.546234483999967, -13.196466855999972 ], [ -74.544472608999968, -13.199394480999956 ], [ -74.543517608999935, -13.200242230999947 ], [ -74.54221285899996, -13.200501980999945 ], [ -74.538742233999983, -13.19679885599993 ], [ -74.537949358999981, -13.196336105999933 ], [ -74.536605483999949, -13.196017605999941 ], [ -74.532394483999951, -13.195845730999963 ], [ -74.530716733999952, -13.195517605999953 ], [ -74.529349608999951, -13.194302730999937 ], [ -74.52896098399998, -13.193298855999956 ], [ -74.528923858999974, -13.192484355999966 ], [ -74.528404358999978, -13.191544980999936 ], [ -74.526900358999967, -13.190085980999982 ], [ -74.525611358999981, -13.189593730999945 ], [ -74.524261733999936, -13.189673855999956 ], [ -74.523109358999989, -13.190214855999955 ], [ -74.521697233999987, -13.191630855999961 ], [ -74.519882858999949, -13.194638730999941 ], [ -74.518486358999951, -13.196091730999967 ], [ -74.517742733999967, -13.196621105999952 ], [ -74.517058733999988, -13.196691855999973 ], [ -74.515872358999957, -13.195866605999981 ], [ -74.514195983999969, -13.194473980999931 ], [ -74.512416608999956, -13.193777605999969 ], [ -74.512287858999969, -13.193780480999976 ], [ -74.510172858999965, -13.193829230999938 ], [ -74.506845983999938, -13.193906605999928 ], [ -74.505598483999961, -13.193360730999927 ], [ -74.504370108999979, -13.192823355999963 ], [ -74.502435983999987, -13.191482355999938 ], [ -74.500759608999942, -13.189161105999972 ], [ -74.500249233999966, -13.188845730999958 ], [ -74.49934135899997, -13.188284480999926 ], [ -74.497020108999948, -13.18771710599998 ], [ -74.49619335899996, -13.187431605999961 ], [ -74.495297014999949, -13.187060974999952 ], [ -74.494171858999948, -13.186595730999954 ], [ -74.493468733999975, -13.186621105999961 ], [ -74.491943358999947, -13.187226605999967 ], [ -74.486289108999983, -13.190785105999964 ], [ -74.483162108999977, -13.192197230999966 ], [ -74.481986358999961, -13.192521480999972 ], [ -74.477539108999963, -13.192068355999936 ], [ -74.475966858999982, -13.19167773099997 ], [ -74.475401784999974, -13.191291460999935 ], [ -74.472701108999956, -13.189445355999965 ], [ -74.471359358999962, -13.189136730999962 ], [ -74.469644588999984, -13.188423693999937 ], [ -74.467949233999946, -13.187718730999961 ], [ -74.466613233999965, -13.188031230999968 ], [ -74.462565233999953, -13.189883355999939 ], [ -74.460192733999975, -13.190270230999943 ], [ -74.459238358999983, -13.190270230999943 ], [ -74.459174108999946, -13.190251605999947 ], [ -74.458438858999955, -13.190038105999975 ], [ -74.457639358999984, -13.189161105999972 ], [ -74.454031233999956, -13.185021480999978 ], [ -74.451539108999953, -13.180992230999948 ], [ -74.44927923399996, -13.178634730999931 ], [ -74.442283233999945, -13.174615230999962 ], [ -74.439298858999962, -13.171445355999936 ], [ -74.437783233999937, -13.170646480999949 ], [ -74.434919983999976, -13.169878855999968 ], [ -74.433876983999937, -13.169326230999957 ], [ -74.432792983999946, -13.168011730999979 ], [ -74.430824233999942, -13.164507980999929 ], [ -74.429794983999955, -13.163484355999969 ], [ -74.42263085899998, -13.160267605999934 ], [ -74.420425733999934, -13.159539105999954 ], [ -74.418220733999988, -13.159535105999964 ], [ -74.414970733999951, -13.160078105999958 ], [ -74.410308608999969, -13.160275355999943 ], [ -74.409242233999976, -13.160552855999981 ], [ -74.407738233999964, -13.161499980999963 ], [ -74.405005858999971, -13.164513730999943 ], [ -74.402982358999964, -13.166335980999975 ], [ -74.40000973399998, -13.167710980999971 ], [ -74.397752483999966, -13.168719480999926 ], [ -74.396009983999988, -13.168829980999931 ], [ -74.396013608999965, -13.168802605999929 ], [ -74.396017108999956, -13.168774480999957 ], [ -74.396053733999963, -13.16848960599998 ], [ -74.396059983999976, -13.168439980999949 ], [ -74.396139983999944, -13.168189980999955 ], [ -74.396146733999956, -13.168178605999969 ], [ -74.396539983999958, -13.167509980999967 ], [ -74.397349983999959, -13.166399980999927 ], [ -74.397449983999934, -13.165659980999976 ], [ -74.397359983999934, -13.164889980999931 ], [ -74.397119983999971, -13.164139980999948 ], [ -74.397099983999965, -13.163299980999966 ], [ -74.39719998399994, -13.162979980999978 ], [ -74.397527608999951, -13.162439105999965 ], [ -74.397629983999934, -13.162269980999952 ], [ -74.398099983999941, -13.161799980999945 ], [ -74.398339983999961, -13.161409980999963 ], [ -74.398469983999973, -13.160849980999956 ], [ -74.398339983999961, -13.160359980999942 ], [ -74.397269983999934, -13.159269980999966 ], [ -74.396669983999971, -13.158479980999971 ], [ -74.395949983999969, -13.157919980999964 ], [ -74.395039983999936, -13.157029980999937 ], [ -74.394789983999942, -13.15662998099998 ], [ -74.394569983999986, -13.155979980999973 ], [ -74.394359983999948, -13.155739980999954 ], [ -74.393459983999946, -13.155459980999979 ], [ -74.392399983999951, -13.154949980999959 ], [ -74.392149983999957, -13.15475635599995 ], [ -74.392089983999938, -13.154709980999939 ], [ -74.391870608999966, -13.154454480999959 ], [ -74.391119983999943, -13.15357998099995 ], [ -74.390179983999985, -13.153269980999937 ], [ -74.389789983999947, -13.153079980999962 ], [ -74.389239983999971, -13.15259998099998 ], [ -74.389049983999939, -13.152299980999942 ], [ -74.389039983999965, -13.152129980999973 ], [ -74.389092233999975, -13.152037105999966 ], [ -74.389129983999965, -13.151969980999979 ], [ -74.389569948999963, -13.151749974999973 ], [ -74.389180010999951, -13.151680019999958 ], [ -74.388950012999942, -13.151570019999951 ], [ -74.387500012999965, -13.150480019999975 ], [ -74.387247498999955, -13.150429515999974 ], [ -74.386950012999989, -13.150370019999968 ], [ -74.386480012999982, -13.150360019999937 ], [ -74.385680012999956, -13.150520019999931 ] ] ] ] } },
{ "type": "Feature", "properties": { "UBIGEO": "050115", "CCDD": "05", "CCPP": "01", "CCDI": "15", "DEPARTAMEN": "AYACUCHO", "PROVINCIA": "HUAMANGA", "DISTRITO": "JESUS NAZARENO", "OBJECTID": 459.0, "ESRI_OID": 463.0 }, "geometry": { "type": "MultiPolygon", "coordinates": [ [ [ [ -74.228634928999952, -13.08547369799993 ], [ -74.227990170999988, -13.085742288999938 ], [ -74.227069166999968, -13.086100224999939 ], [ -74.225871633999986, -13.086637673999974 ], [ -74.224719809999954, -13.087265427999967 ], [ -74.223430133999955, -13.087847673999931 ], [ -74.222507420999989, -13.088746624999942 ], [ -74.221999217999951, -13.089466476999974 ], [ -74.220890955999948, -13.090860812999949 ], [ -74.220105356999966, -13.09203068599993 ], [ -74.219551571999943, -13.09261513499996 ], [ -74.218952354999942, -13.093019099999935 ], [ -74.218196133999982, -13.093253009999955 ], [ -74.217760037999938, -13.093490019999933 ], [ -74.21664003799998, -13.093750019999959 ], [ -74.216290037999954, -13.093890019999947 ], [ -74.214800037999964, -13.095100019999961 ], [ -74.214430037999989, -13.095310019999943 ], [ -74.213480037999943, -13.095520019999981 ], [ -74.212450037999986, -13.09563001999993 ], [ -74.211750037999934, -13.095850019999943 ], [ -74.210440037999945, -13.096680019999951 ], [ -74.208990037999968, -13.097870019999959 ], [ -74.208540037999967, -13.098100019999947 ], [ -74.207710037999959, -13.09823001999996 ], [ -74.206280037999989, -13.098070019999966 ], [ -74.204970037999942, -13.098220019999928 ], [ -74.204200037999954, -13.09814001999996 ], [ -74.203980037999941, -13.098170019999941 ], [ -74.203490037999984, -13.09865001999998 ], [ -74.203020037999977, -13.099230019999936 ], [ -74.202690037999957, -13.099790019999944 ], [ -74.202480037999976, -13.100540019999926 ], [ -74.202340037999988, -13.100800019999951 ], [ -74.202142545999948, -13.100953005999941 ], [ -74.201767561999986, -13.101848486999927 ], [ -74.201396533999969, -13.102794148999976 ], [ -74.201531473999978, -13.10374137499997 ], [ -74.201436428999955, -13.104687892999948 ], [ -74.201065104999941, -13.105723722999926 ], [ -74.20060411299994, -13.106037896999965 ], [ -74.199776594999946, -13.105900070999951 ], [ -74.199271498999963, -13.105627984999956 ], [ -74.198680957999954, -13.105513009999981 ], [ -74.198360037999976, -13.105480019999959 ], [ -74.197690037999962, -13.105520019999972 ], [ -74.196880037999961, -13.10584001999996 ], [ -74.196140037999953, -13.106300019999935 ], [ -74.195580037999946, -13.106950019999942 ], [ -74.195570037999971, -13.106970019999949 ], [ -74.195159039999965, -13.107545413999958 ], [ -74.194969983999954, -13.107809980999946 ], [ -74.194999983999935, -13.108349980999947 ], [ -74.194869983999979, -13.108789980999973 ], [ -74.194999983999935, -13.109499980999942 ], [ -74.195250108999971, -13.109925105999935 ], [ -74.195599983999955, -13.110519980999982 ], [ -74.19558998399998, -13.111459980999939 ], [ -74.196049983999956, -13.112449980999941 ], [ -74.196029983999949, -13.112639980999973 ], [ -74.196009983999943, -13.112849980999954 ], [ -74.195759983999949, -13.113619980999943 ], [ -74.195559983999942, -13.114879980999945 ], [ -74.195449983999936, -13.115299980999964 ], [ -74.194949983999948, -13.115689980999946 ], [ -74.194419983999978, -13.11602998099994 ], [ -74.193859983999971, -13.116639980999935 ], [ -74.193689983999946, -13.116939980999973 ], [ -74.193519983999977, -13.117419980999955 ], [ -74.193479983999964, -13.117509980999955 ], [ -74.193179983999983, -13.117919980999943 ], [ -74.191943983999977, -13.119063105999942 ], [ -74.191849983999987, -13.119149980999964 ], [ -74.191809983999974, -13.119159980999939 ], [ -74.191359108999961, -13.119378980999954 ], [ -74.191011983999942, -13.119547605999969 ], [ -74.190759983999953, -13.119669980999959 ], [ -74.190679983999985, -13.119679980999933 ], [ -74.190049983999984, -13.120009980999953 ], [ -74.189549983999939, -13.120409980999966 ], [ -74.189249983999957, -13.120769980999967 ], [ -74.18886998399995, -13.121429980999949 ], [ -74.188479983999969, -13.123049980999951 ], [ -74.188199983999937, -13.123739980999972 ], [ -74.187959983999974, -13.124289980999947 ], [ -74.187459983999986, -13.125929980999956 ], [ -74.18701998399996, -13.12659998099997 ], [ -74.186679983999966, -13.127119980999964 ], [ -74.186319983999965, -13.128069980999953 ], [ -74.186049983999965, -13.128309980999973 ], [ -74.185729983999977, -13.128599980999979 ], [ -74.185559983999951, -13.12886998099998 ], [ -74.185569983999983, -13.12942998099993 ], [ -74.185699858999953, -13.129616355999929 ], [ -74.186029983999958, -13.130089980999969 ], [ -74.186079983999946, -13.130289980999976 ], [ -74.18605998399994, -13.130609980999964 ], [ -74.185829983999952, -13.131099980999977 ], [ -74.185139983999989, -13.131539980999946 ], [ -74.18474998399995, -13.13187998099994 ], [ -74.184529983999937, -13.132229980999966 ], [ -74.184369983999943, -13.132639980999954 ], [ -74.184409983999956, -13.13298998099998 ], [ -74.184689983999988, -13.133769980999944 ], [ -74.184779983999988, -13.134599980999951 ], [ -74.184779983999988, -13.13518998099994 ], [ -74.184639983999944, -13.135869980999928 ], [ -74.184639983999944, -13.136399980999954 ], [ -74.184710029999962, -13.136500044999934 ], [ -74.18525998399997, -13.137259980999943 ], [ -74.18623998399994, -13.138409980999938 ], [ -74.186441483999943, -13.13855385599993 ], [ -74.186485983999944, -13.138585730999978 ], [ -74.186616561999983, -13.138678974999948 ], [ -74.186659988999963, -13.138709984999934 ], [ -74.187010037999983, -13.13876001999995 ], [ -74.187584287999982, -13.138501644999963 ], [ -74.187637037999934, -13.138522394999939 ], [ -74.187699412999962, -13.138667519999956 ], [ -74.187820162999969, -13.138744019999933 ], [ -74.187926912999956, -13.138764519999938 ], [ -74.188028662999955, -13.138737394999964 ], [ -74.188130787999967, -13.138682019999976 ], [ -74.188228412999933, -13.13857014499996 ], [ -74.188304412999969, -13.138400144999935 ], [ -74.188399037999943, -13.138253894999934 ], [ -74.188417662999939, -13.138239644999942 ], [ -74.188496037999982, -13.138163894999934 ], [ -74.188621162999937, -13.13808451999995 ], [ -74.188690412999961, -13.138009644999954 ], [ -74.18880478799997, -13.137869894999938 ], [ -74.18891916299998, -13.137772394999956 ], [ -74.189042287999939, -13.137646269999948 ], [ -74.189178162999951, -13.137552769999957 ], [ -74.189303787999961, -13.137510644999963 ], [ -74.189381037999965, -13.137515144999952 ], [ -74.189446662999956, -13.137565894999966 ], [ -74.18951403799997, -13.137640644999976 ], [ -74.189614412999958, -13.137668769999948 ], [ -74.189744662999942, -13.137668644999962 ], [ -74.189886412999954, -13.137621644999967 ], [ -74.190004912999939, -13.137528269999962 ], [ -74.190078412999981, -13.137417644999971 ], [ -74.190184537999983, -13.137321644999929 ], [ -74.190188912999986, -13.137317019999955 ], [ -74.190263912999967, -13.137253394999959 ], [ -74.190345912999987, -13.137180144999945 ], [ -74.19042653799994, -13.137124644999972 ], [ -74.190532787999985, -13.137116644999935 ], [ -74.190646412999968, -13.137158394999972 ], [ -74.190810037999938, -13.137204519999955 ], [ -74.190997662999962, -13.137213269999961 ], [ -74.191163787999983, -13.137213144999976 ], [ -74.191168537999943, -13.137213144999976 ], [ -74.191325037999945, -13.137213019999933 ], [ -74.191339287999938, -13.137213019999933 ], [ -74.191487787999961, -13.137216894999938 ], [ -74.191554537999934, -13.137207394999962 ], [ -74.191606662999959, -13.137165894999953 ], [ -74.191648537999981, -13.137065269999937 ], [ -74.191661912999962, -13.136955144999945 ], [ -74.191638287999979, -13.13684464499994 ], [ -74.191638287999979, -13.136835519999977 ], [ -74.191657662999944, -13.136753269999929 ], [ -74.191691412999944, -13.136621269999978 ], [ -74.191724787999988, -13.136448644999973 ], [ -74.191781162999973, -13.136303269999928 ], [ -74.19185153799998, -13.136217144999932 ], [ -74.191940412999941, -13.136168519999956 ], [ -74.192066412999964, -13.136119894999979 ], [ -74.192224412999963, -13.136085394999952 ], [ -74.192350037999972, -13.136099144999946 ], [ -74.192484662999959, -13.13609976999993 ], [ -74.19257278799995, -13.136100144999943 ], [ -74.192665287999944, -13.136087269999962 ], [ -74.192716787999984, -13.136109394999949 ], [ -74.192765662999989, -13.136197644999982 ], [ -74.192868787999942, -13.136374394999962 ], [ -74.192980662999958, -13.136474269999951 ], [ -74.193069287999947, -13.136524269999938 ], [ -74.193153287999962, -13.13651064499993 ], [ -74.193246662999968, -13.136447019999935 ], [ -74.193316537999976, -13.136383519999981 ], [ -74.193325912999967, -13.136374394999962 ], [ -74.193405162999966, -13.136306269999977 ], [ -74.193480287999989, -13.136256144999948 ], [ -74.193565412999988, -13.136241894999955 ], [ -74.193678912999985, -13.13623664499994 ], [ -74.193807162999974, -13.136217644999931 ], [ -74.193951162999952, -13.136172519999946 ], [ -74.194122912999944, -13.136109269999963 ], [ -74.194255037999937, -13.136041769999963 ], [ -74.194325537999987, -13.135982144999957 ], [ -74.194405037999957, -13.135870894999982 ], [ -74.194450037999957, -13.135766144999934 ], [ -74.194500037999944, -13.135616769999956 ], [ -74.194490662999954, -13.135507894999932 ], [ -74.194489662999956, -13.135499519999939 ], [ -74.194503037999937, -13.135429644999931 ], [ -74.194524662999982, -13.135356269999932 ], [ -74.19453528799994, -13.135258269999952 ], [ -74.194572537999989, -13.135127644999955 ], [ -74.194629912999972, -13.134993144999953 ], [ -74.194666412999936, -13.134872894999944 ], [ -74.194731162999972, -13.134816144999945 ], [ -74.194867787999954, -13.134801644999982 ], [ -74.195051037999974, -13.134733394999955 ], [ -74.195286037999949, -13.134638269999982 ], [ -74.19540716299997, -13.134560269999952 ], [ -74.195492787999967, -13.134545769999932 ], [ -74.195567037999979, -13.134574769999972 ], [ -74.195656787999951, -13.134562144999961 ], [ -74.195828412999958, -13.134501894999971 ], [ -74.195978537999963, -13.134480394999969 ], [ -74.196172287999957, -13.134480144999941 ], [ -74.196338287999936, -13.134431519999964 ], [ -74.196552912999948, -13.134353269999963 ], [ -74.196746412999971, -13.134324269999979 ], [ -74.196976162999988, -13.134316144999957 ], [ -74.197120162999965, -13.134350894999955 ], [ -74.197242787999983, -13.134393019999948 ], [ -74.197415662999958, -13.134413269999982 ], [ -74.197567037999988, -13.134412769999926 ], [ -74.197748037999986, -13.134430519999967 ], [ -74.197870412999976, -13.134410144999947 ], [ -74.197928037999986, -13.134359144999962 ], [ -74.19795703799997, -13.134286019999934 ], [ -74.197979037999971, -13.134212519999949 ], [ -74.198037162999981, -13.134147394999957 ], [ -74.198087287999954, -13.134102144999929 ], [ -74.198173537999935, -13.134083019999935 ], [ -74.198253662999946, -13.134115519999966 ], [ -74.198341037999967, -13.134170144999928 ], [ -74.198511662999977, -13.134260894999954 ], [ -74.198753162999935, -13.134322019999956 ], [ -74.198909287999982, -13.134338019999973 ], [ -74.199024287999976, -13.134288769999955 ], [ -74.199134537999953, -13.134216144999982 ], [ -74.199234162999971, -13.134210019999955 ], [ -74.199395037999977, -13.13423451999995 ], [ -74.199517537999952, -13.134199144999968 ], [ -74.199604037999961, -13.134135894999929 ], [ -74.199704412999949, -13.134064894999938 ], [ -74.199842537999984, -13.13404064499997 ], [ -74.200003037999977, -13.134042894999936 ], [ -74.200124912999968, -13.134005644999945 ], [ -74.200272412999936, -13.133951269999955 ], [ -74.200302662999945, -13.133865144999959 ], [ -74.20036603799997, -13.133872269999927 ], [ -74.200416162999943, -13.133892519999961 ], [ -74.200477787999944, -13.133873144999939 ], [ -74.200530537999953, -13.133827394999969 ], [ -74.200611412999933, -13.133781769999928 ], [ -74.200732287999983, -13.13376739499995 ], [ -74.200803537999946, -13.133760019999954 ], [ -74.200876912999945, -13.133799519999968 ], [ -74.200922912999943, -13.133866269999942 ], [ -74.20099653799997, -13.133905894999941 ], [ -74.201202412999976, -13.133850519999953 ], [ -74.201448287999938, -13.133813394999947 ], [ -74.201641162999977, -13.133823144999951 ], [ -74.201751912999953, -13.133855894999954 ], [ -74.201856537999959, -13.133790394999949 ], [ -74.201928037999949, -13.133693769999979 ], [ -74.202027162999968, -13.133610269999963 ], [ -74.202161037999986, -13.133608519999939 ], [ -74.202309037999953, -13.133634019999931 ], [ -74.202492287999974, -13.133699644999979 ], [ -74.202513412999963, -13.133706269999948 ], [ -74.202712412999972, -13.133745269999963 ], [ -74.202719412999954, -13.133752019999974 ], [ -74.202767537999989, -13.13377064499997 ], [ -74.20287628799997, -13.133812769999963 ], [ -74.202883412999938, -13.13381964499996 ], [ -74.203033537999943, -13.133880519999934 ], [ -74.20305491299996, -13.133901144999982 ], [ -74.203154912999935, -13.134072894999974 ], [ -74.203262912999946, -13.134282394999957 ], [ -74.203363912999976, -13.134521769999935 ], [ -74.203428537999969, -13.134705144999941 ], [ -74.203557912999941, -13.13486639499996 ], [ -74.203665912999952, -13.134929144999944 ], [ -74.203766787999939, -13.134971019999966 ], [ -74.203802537999934, -13.135041144999946 ], [ -74.203787537999972, -13.135181394999961 ], [ -74.203722287999938, -13.135286144999952 ], [ -74.20366428799997, -13.135418394999931 ], [ -74.203692412999942, -13.135584894999965 ], [ -74.203734787999963, -13.135806644999946 ], [ -74.203776787999971, -13.136048019999976 ], [ -74.203833162999956, -13.136233894999975 ], [ -74.203968787999941, -13.136262769999973 ], [ -74.204046912999956, -13.136408019999976 ], [ -74.204124787999945, -13.136649519999935 ], [ -74.204146162999962, -13.136843519999957 ], [ -74.204146162999962, -13.137065019999966 ], [ -74.204153287999986, -13.137238144999969 ], [ -74.204189162999967, -13.137432894999961 ], [ -74.204189162999967, -13.137439894999943 ], [ -74.204303412999934, -13.13761414499993 ], [ -74.204317537999941, -13.137627769999938 ], [ -74.204465662999951, -13.13778401999997 ], [ -74.204675662999989, -13.137895269999945 ], [ -74.204829037999957, -13.137986894999926 ], [ -74.204898162999939, -13.138101144999951 ], [ -74.204946537999945, -13.138188394999929 ], [ -74.205043287999956, -13.138363519999928 ], [ -74.205149037999945, -13.138508519999959 ], [ -74.205318287999944, -13.13863226999996 ], [ -74.205445287999964, -13.138742144999981 ], [ -74.205487662999985, -13.13891351999996 ], [ -74.205487662999985, -13.139071394999974 ], [ -74.205572287999985, -13.13923651999994 ], [ -74.205678037999974, -13.139346519999947 ], [ -74.205881912999985, -13.139539644999957 ], [ -74.206000912999968, -13.139684269999975 ], [ -74.206098537999935, -13.139883644999941 ], [ -74.206140037999944, -13.14010301999997 ], [ -74.206244162999951, -13.140274394999949 ], [ -74.206271912999966, -13.140417894999928 ], [ -74.206306787999949, -13.140616019999982 ], [ -74.20633466299995, -13.14071851999995 ], [ -74.206425287999934, -13.14084814499995 ], [ -74.206557662999955, -13.14103214499994 ], [ -74.206654037999954, -13.141304144999935 ], [ -74.206742537999958, -13.14156139499994 ], [ -74.206769037999948, -13.141703144999951 ], [ -74.206732787999954, -13.141858394999929 ], [ -74.206721537999954, -13.142091769999979 ], [ -74.20675278799996, -13.142243769999936 ], [ -74.20686203799994, -13.142397144999961 ], [ -74.20699491299996, -13.14249964499993 ], [ -74.207092287999956, -13.142601269999943 ], [ -74.207187912999984, -13.142754894999939 ], [ -74.207273537999981, -13.142985894999981 ], [ -74.207366037999975, -13.143171519999953 ], [ -74.207462537999959, -13.143284894999965 ], [ -74.207600287999981, -13.143350269999928 ], [ -74.207710787999986, -13.143477144999963 ], [ -74.207780037999953, -13.143618394999976 ], [ -74.207835537999983, -13.143807519999939 ], [ -74.207884412999988, -13.143997894999927 ], [ -74.207926537999981, -13.144289894999929 ], [ -74.207933787999934, -13.144533394999939 ], [ -74.207941412999958, -13.144791144999942 ], [ -74.207983162999938, -13.144986894999931 ], [ -74.208086537999975, -13.145174769999926 ], [ -74.208244912999987, -13.145301144999962 ], [ -74.208507662999978, -13.14545451999993 ], [ -74.20864566299997, -13.145623394999973 ], [ -74.208686912999951, -13.145778269999937 ], [ -74.208700662999945, -13.145973269999956 ], [ -74.208706912999958, -13.14619464499998 ], [ -74.208741662999955, -13.146372394999958 ], [ -74.20876403799997, -13.146558269999957 ], [ -74.208828537999977, -13.146747644999948 ], [ -74.208949662999942, -13.14692314499996 ], [ -74.209106037999959, -13.14708464499995 ], [ -74.209212287999947, -13.147210519999931 ], [ -74.209289662999936, -13.14730351999998 ], [ -74.209366662999969, -13.14741676999995 ], [ -74.209394412999984, -13.147548394999944 ], [ -74.209352287999934, -13.147691644999952 ], [ -74.209275162999973, -13.147758519999968 ], [ -74.209162537999987, -13.147853769999926 ], [ -74.209162412999945, -13.147985019999965 ], [ -74.209197537999955, -13.148129144999928 ], [ -74.209316412999954, -13.148307769999974 ], [ -74.209448037999948, -13.148492019999935 ], [ -74.209599287999936, -13.148715144999926 ], [ -74.20957128799995, -13.148829769999963 ], [ -74.209508537999966, -13.148971144999962 ], [ -74.209397037999963, -13.149198894999927 ], [ -74.209230787999957, -13.149465519999978 ], [ -74.209168412999986, -13.149707519999936 ], [ -74.209181787999967, -13.150059769999928 ], [ -74.209215662999952, -13.150457144999962 ], [ -74.209235662999959, -13.150688769999931 ], [ -74.209305537999967, -13.150993644999971 ], [ -74.209326412999985, -13.151234769999974 ], [ -74.209318662999976, -13.151658144999942 ], [ -74.209269412999959, -13.151910894999958 ], [ -74.209282912999981, -13.152260394999928 ], [ -74.209282912999981, -13.152288269999929 ], [ -74.209303287999944, -13.152551769999945 ], [ -74.209303287999944, -13.152572519999978 ], [ -74.209275537999986, -13.152648519999957 ], [ -74.209268537999947, -13.152744269999971 ], [ -74.209302787999945, -13.152900894999959 ], [ -74.209370787999944, -13.153185019999967 ], [ -74.209438787999943, -13.153339269999947 ], [ -74.209610037999937, -13.153424644999973 ], [ -74.209671662999938, -13.153484394999964 ], [ -74.209753537999973, -13.153624144999981 ], [ -74.209842412999933, -13.153757019999944 ], [ -74.209988912999961, -13.153950269999939 ], [ -74.210105662999979, -13.154167769999958 ], [ -74.210196412999949, -13.15429826999997 ], [ -74.21026666299997, -13.15446051999993 ], [ -74.210322787999985, -13.15463439499996 ], [ -74.210282662999987, -13.154842144999975 ], [ -74.210250537999968, -13.154973269999971 ], [ -74.210289662999969, -13.155089269999962 ], [ -74.210405787999946, -13.155182894999939 ], [ -74.210482412999966, -13.15539076999994 ], [ -74.210519912999985, -13.155568519999974 ], [ -74.21054253799997, -13.155735019999952 ], [ -74.210569662999944, -13.15588039499994 ], [ -74.210646787999963, -13.155998144999955 ], [ -74.210651412999937, -13.156002519999959 ], [ -74.21077341299997, -13.156113269999935 ], [ -74.21078678799995, -13.156126394999944 ], [ -74.210800287999973, -13.156147894999947 ], [ -74.210804787999962, -13.15615226999995 ], [ -74.210840162999943, -13.15630039499996 ], [ -74.210862537999958, -13.156414519999942 ], [ -74.210881162999954, -13.156478769999978 ], [ -74.210979287999976, -13.156607144999953 ], [ -74.211046537999948, -13.156742769999937 ], [ -74.21110953799996, -13.156919269999946 ], [ -74.211270537999951, -13.157078019999972 ], [ -74.211310287999936, -13.157193769999935 ], [ -74.211340912999958, -13.157231644999968 ], [ -74.211346912999943, -13.157274894999944 ], [ -74.211350162999963, -13.157337644999927 ], [ -74.211325037999984, -13.157428394999954 ], [ -74.211283537999975, -13.157521144999976 ], [ -74.211275287999968, -13.157626394999966 ], [ -74.211301537999987, -13.157751519999977 ], [ -74.211362912999959, -13.157802144999948 ], [ -74.211517912999966, -13.157838144999971 ], [ -74.211753912999939, -13.157851894999965 ], [ -74.211775787999954, -13.157852394999964 ], [ -74.211780162999958, -13.157852519999949 ], [ -74.211954287999959, -13.157827269999927 ], [ -74.212110787999961, -13.157790644999977 ], [ -74.212195412999961, -13.157803269999931 ], [ -74.212280162999946, -13.157901894999952 ], [ -74.212284287999978, -13.157906019999928 ], [ -74.212297287999945, -13.158016769999961 ], [ -74.212314287999959, -13.158131644999969 ], [ -74.212387037999974, -13.158230644999946 ], [ -74.21251091299996, -13.158325769999976 ], [ -74.212637037999968, -13.158350519999942 ], [ -74.212746037999977, -13.158379269999955 ], [ -74.212838412999986, -13.158436519999952 ], [ -74.212984787999972, -13.158534269999961 ], [ -74.213043037999967, -13.158566769999936 ], [ -74.213117662999935, -13.158583144999966 ], [ -74.213167287999966, -13.158607394999933 ], [ -74.213220912999986, -13.158595394999963 ], [ -74.213241537999977, -13.158555269999965 ], [ -74.21327853799994, -13.158523269999932 ], [ -74.213319412999965, -13.158543519999967 ], [ -74.213352287999953, -13.158591644999944 ], [ -74.213393412999949, -13.158679769999935 ], [ -74.213442662999967, -13.158735769999964 ], [ -74.21353303799998, -13.158755769999971 ], [ -74.213652037999964, -13.158735769999964 ], [ -74.213799662999975, -13.158679769999935 ], [ -74.213911662999976, -13.158627894999938 ], [ -74.21402266299998, -13.158592394999971 ], [ -74.214096412999936, -13.158592769999927 ], [ -74.214155037999944, -13.15862151999994 ], [ -74.214195162999943, -13.158712894999951 ], [ -74.214225037999938, -13.158866394999961 ], [ -74.214279662999957, -13.158977019999952 ], [ -74.214354037999954, -13.159059394999929 ], [ -74.214491287999977, -13.159144644999969 ], [ -74.214674412999955, -13.159252394999953 ], [ -74.214793037999982, -13.159298519999936 ], [ -74.214919787999975, -13.15935651999996 ], [ -74.21502703799996, -13.159387269999968 ], [ -74.215134287999945, -13.159414019999929 ], [ -74.215261537999936, -13.159425269999929 ], [ -74.215377912999941, -13.159453769999971 ], [ -74.215442537999934, -13.159483769999952 ], [ -74.21550753799994, -13.159521519999942 ], [ -74.215570662999937, -13.159629894999966 ], [ -74.215658537999957, -13.159704394999949 ], [ -74.215747412999974, -13.159732644999963 ], [ -74.215787787999943, -13.159780019999971 ], [ -74.215787912999986, -13.15984289499994 ], [ -74.215751912999963, -13.159917519999965 ], [ -74.21572316299995, -13.159984644999952 ], [ -74.215747037999961, -13.160059394999962 ], [ -74.215799287999971, -13.160129894999955 ], [ -74.21589591299994, -13.160196519999943 ], [ -74.216003787999966, -13.160297769999943 ], [ -74.216151287999935, -13.160406269999953 ], [ -74.216287288, -13.160484019999956 ], [ -74.216386037999939, -13.160572644999945 ], [ -74.21644766299994, -13.160668144999931 ], [ -74.216526287999955, -13.160733144999938 ], [ -74.216613537999933, -13.160759894999956 ], [ -74.216714287999935, -13.160819894999975 ], [ -74.216816162999976, -13.160915394999961 ], [ -74.216957287999946, -13.160975769999936 ], [ -74.217057912999962, -13.161028144999932 ], [ -74.217157787999952, -13.161091394999971 ], [ -74.217257162999942, -13.161154519999968 ], [ -74.217335287999958, -13.161247019999962 ], [ -74.217355787999963, -13.161309769999946 ], [ -74.217429162999963, -13.161447769999938 ], [ -74.217468537999935, -13.16149339499998 ], [ -74.217531537999946, -13.161528019999935 ], [ -74.217635912999981, -13.161607769999932 ], [ -74.21774778799994, -13.161655644999939 ], [ -74.217829537999989, -13.161695519999967 ], [ -74.217897412999946, -13.161732644999972 ], [ -74.217970162999961, -13.161758894999934 ], [ -74.218047787999978, -13.16176151999997 ], [ -74.218175912999982, -13.161737394999932 ], [ -74.218307412999934, -13.161729394999952 ], [ -74.218395537999982, -13.161730019999936 ], [ -74.218400912999982, -13.161730144999979 ], [ -74.218474537999953, -13.161746519999951 ], [ -74.218518787999983, -13.161763269999938 ], [ -74.218553352999947, -13.161792232999971 ], [ -74.218568162999986, -13.161804644999961 ], [ -74.21854716699994, -13.16168188499995 ], [ -74.218388826999956, -13.161573747999967 ], [ -74.218145156999981, -13.161429466999948 ], [ -74.217955196999981, -13.161277257999927 ], [ -74.21784368699997, -13.161074988999928 ], [ -74.217548061999935, -13.160504480999975 ], [ -74.217327637999972, -13.160234785999933 ], [ -74.217185084999983, -13.160098800999947 ], [ -74.217014424999945, -13.160026509999966 ], [ -74.216746156999989, -13.159941960999959 ], [ -74.216560030999972, -13.159833326999944 ], [ -74.216478231999986, -13.159749757999975 ], [ -74.216064897999956, -13.159222185999965 ], [ -74.215760619999969, -13.15894613699993 ], [ -74.215237242999933, -13.158478037999942 ], [ -74.214993694999976, -13.158297867999977 ], [ -74.214738014999966, -13.15809373899998 ], [ -74.214707051999937, -13.15794963899998 ], [ -74.214762975999975, -13.157890427999973 ], [ -74.214849608999941, -13.157890624999936 ], [ -74.214976158999946, -13.157987101999936 ], [ -74.215091951999966, -13.158106781999948 ], [ -74.215371852999965, -13.15837079299996 ], [ -74.215786020999985, -13.158635212999968 ], [ -74.215951196999981, -13.158735888999956 ], [ -74.216552436999962, -13.158638660999941 ], [ -74.217099680999979, -13.158548312999926 ], [ -74.21726565199998, -13.15855838899995 ], [ -74.217402840999966, -13.158562160999963 ], [ -74.217438117999961, -13.158189966999942 ], [ -74.218497791999937, -13.158443191999936 ], [ -74.21898671799994, -13.157788513999947 ], [ -74.219772322999972, -13.156393783999931 ], [ -74.219490114999985, -13.156086706999929 ], [ -74.219120356999952, -13.155674103999957 ], [ -74.218563934999963, -13.154996749999952 ], [ -74.216878682999948, -13.15364449499998 ], [ -74.218763446999958, -13.151204150999945 ], [ -74.219348949999983, -13.150682382999946 ], [ -74.219921535999958, -13.150253503999977 ], [ -74.21985775099995, -13.15026633399998 ], [ -74.218072432999975, -13.15062543199997 ], [ -74.217946602999973, -13.150650740999936 ], [ -74.214719836999961, -13.148464570999977 ], [ -74.215486938999959, -13.146744437999928 ], [ -74.216113041999961, -13.146373146999963 ], [ -74.216572725999981, -13.146135314999981 ], [ -74.216856438999969, -13.145963929999937 ], [ -74.218480045999968, -13.145107632999952 ], [ -74.218656106999958, -13.145012476999966 ], [ -74.218793108999989, -13.144917199999952 ], [ -74.221593000999974, -13.142609915999969 ], [ -74.221739916999979, -13.142466820999971 ], [ -74.221837949999951, -13.142342716999963 ], [ -74.222652627999935, -13.140995906999933 ], [ -74.222721608999962, -13.140795158999936 ], [ -74.222741678999967, -13.140622970999971 ], [ -74.22265482499995, -13.140297351999948 ], [ -74.222577557999955, -13.140029175999928 ], [ -74.222558600999946, -13.139847300999975 ], [ -74.222588434999977, -13.139675144999956 ], [ -74.22266714999995, -13.139483995999967 ], [ -74.222765393999964, -13.13929290699997 ], [ -74.222824549999984, -13.139111267999965 ], [ -74.222834975999945, -13.138900773999978 ], [ -74.22280634699996, -13.138690162999978 ], [ -74.222409572999936, -13.137559781999926 ], [ -74.222400231999984, -13.137425783999959 ], [ -74.222430004999978, -13.137272763999931 ], [ -74.222567303999938, -13.137081792999936 ], [ -74.222743627999989, -13.13690050799994 ], [ -74.222968621999939, -13.136767216999942 ], [ -74.223995041999956, -13.136387542999955 ], [ -74.224141682999971, -13.136330568999938 ], [ -74.224366283999984, -13.136321675999966 ], [ -74.224649498999952, -13.136303392999935 ], [ -74.224922860999982, -13.13631378599996 ], [ -74.225235246999944, -13.136333865999973 ], [ -74.225420854999982, -13.136305714999935 ], [ -74.225593561999972, -13.136249870999961 ], [ -74.225919326999986, -13.13614453799994 ], [ -74.229491731999985, -13.134542908999947 ], [ -74.229875194999977, -13.131854247999968 ], [ -74.229886412999974, -13.131662769999934 ], [ -74.229804787999967, -13.131594019999966 ], [ -74.229667662999987, -13.131571894999979 ], [ -74.229521162999959, -13.131597019999958 ], [ -74.229412412999977, -13.131656644999964 ], [ -74.229391662999944, -13.13167664499997 ], [ -74.229315287999952, -13.131733269999927 ], [ -74.229308912999954, -13.131739644999982 ], [ -74.229194037999946, -13.131781769999975 ], [ -74.229054537999957, -13.131786644999977 ], [ -74.228967287999978, -13.131772769999941 ], [ -74.228896162999945, -13.131761519999941 ], [ -74.228741162999938, -13.131774144999952 ], [ -74.228658662999976, -13.131843019999963 ], [ -74.228602287999934, -13.131912769999929 ], [ -74.228606162999938, -13.132010019999939 ], [ -74.228641787999948, -13.132108894999931 ], [ -74.228653662999989, -13.132129894999935 ], [ -74.22871341299998, -13.132220519999976 ], [ -74.228661037999984, -13.132315519999963 ], [ -74.228523287999963, -13.132382894999978 ], [ -74.228399412999977, -13.13246651999998 ], [ -74.228385537999941, -13.132473394999977 ], [ -74.228364537999937, -13.132486894999943 ], [ -74.228199162999942, -13.132587394999973 ], [ -74.228185912999948, -13.132593769999971 ], [ -74.228061287999935, -13.132678144999943 ], [ -74.228034912999988, -13.132691019999982 ], [ -74.228008412999941, -13.132704019999949 ], [ -74.227981912999951, -13.132717019999973 ], [ -74.227955537999947, -13.13273651999998 ], [ -74.227842162999934, -13.132781894999937 ], [ -74.227835037999967, -13.132788769999934 ], [ -74.227758662999975, -13.132876144999955 ], [ -74.227737662999971, -13.132903144999943 ], [ -74.227624537999986, -13.133064894999961 ], [ -74.227507162999984, -13.133118519999982 ], [ -74.227404662999959, -13.13311839499994 ], [ -74.227297162999946, -13.133057269999938 ], [ -74.227216412999951, -13.133049894999942 ], [ -74.227177537999978, -13.133097894999935 ], [ -74.227162412999974, -13.13311651999993 ], [ -74.22710178799997, -13.133237019999967 ], [ -74.227026537999961, -13.133364769999957 ], [ -74.226930037999978, -13.133364769999957 ], [ -74.22683978799995, -13.133250269999962 ], [ -74.226798162999955, -13.133176269999979 ], [ -74.226736037999956, -13.133156019999944 ], [ -74.226584912999954, -13.133222769999975 ], [ -74.226453787999958, -13.133269519999942 ], [ -74.226308287999984, -13.133316519999937 ], [ -74.226210912999989, -13.133336769999971 ], [ -74.226106662999939, -13.133269144999929 ], [ -74.226023162999979, -13.133248769999966 ], [ -74.225911662999977, -13.133289269999977 ], [ -74.225835037999957, -13.133275644999969 ], [ -74.225744537999958, -13.133262144999946 ], [ -74.225660537999943, -13.133302519999972 ], [ -74.225597037999989, -13.133363519999932 ], [ -74.225520037999956, -13.133397394999974 ], [ -74.225429287999987, -13.133370269999944 ], [ -74.225352662999967, -13.133275019999928 ], [ -74.225324912999952, -13.133166394999932 ], [ -74.225248287999989, -13.133091644999979 ], [ -74.225115537999955, -13.133084769999982 ], [ -74.225010912999949, -13.133003269999961 ], [ -74.224912787999983, -13.132894269999952 ], [ -74.224800162999941, -13.132819019999943 ], [ -74.224658912999985, -13.132784269999945 ], [ -74.224575412999968, -13.132696019999969 ], [ -74.22450553799996, -13.132648269999947 ], [ -74.224413787999936, -13.132627394999929 ], [ -74.224363662999963, -13.132623894999938 ], [ -74.224307412999963, -13.132620019999933 ], [ -74.224216662999936, -13.132586019999962 ], [ -74.224154537999937, -13.132531894999943 ], [ -74.224111412999946, -13.132585894999977 ], [ -74.224022912999942, -13.132593769999971 ], [ -74.22396103799997, -13.132533019999926 ], [ -74.223932662999971, -13.13241026999998 ], [ -74.223935162999965, -13.132289144999959 ], [ -74.224008537999964, -13.13216889499995 ], [ -74.224010537999959, -13.132082019999928 ], [ -74.223919662999947, -13.132054769999968 ], [ -74.223765287999981, -13.132054019999941 ], [ -74.223632662999989, -13.131999519999965 ], [ -74.223531537999975, -13.131977144999951 ], [ -74.223489787999938, -13.131882019999978 ], [ -74.223484412999937, -13.131774394999979 ], [ -74.223435662999975, -13.131665644999941 ], [ -74.223299037999936, -13.131574644999944 ], [ -74.223118287999966, -13.131475269999953 ], [ -74.222907537999959, -13.131388269999945 ], [ -74.222812412999986, -13.131310519999943 ], [ -74.222686162999935, -13.131175894999956 ], [ -74.222596162999935, -13.13106939499994 ], [ -74.222530162999988, -13.130944019999959 ], [ -74.222428162999961, -13.13086614499997 ], [ -74.222328162999986, -13.130817269999966 ], [ -74.222230787999933, -13.13080339499993 ], [ -74.222172662999981, -13.13071989499997 ], [ -74.222114412999986, -13.130608644999938 ], [ -74.222004162999951, -13.130566644999931 ], [ -74.221900662999985, -13.130524519999938 ], [ -74.221760037999957, -13.130531144999964 ], [ -74.221612912999944, -13.130523894999953 ], [ -74.221405662999985, -13.130465394999931 ], [ -74.221334912999964, -13.13036601999994 ], [ -74.221285912999974, -13.130210269999964 ], [ -74.221154537999951, -13.130003019999947 ], [ -74.22108091299998, -13.129863519999958 ], [ -74.221027912999944, -13.129724769999939 ], [ -74.220985287999952, -13.129686769999978 ], [ -74.220964412999933, -13.129668144999926 ], [ -74.220817412999963, -13.129672894999942 ], [ -74.22065153799997, -13.129687144999934 ], [ -74.220513662999963, -13.12975076999993 ], [ -74.220446912999989, -13.129836019999971 ], [ -74.22038766299994, -13.129899894999937 ], [ -74.220291162999956, -13.129901644999961 ], [ -74.220238912999946, -13.129811894999932 ], [ -74.220201287999942, -13.12964551999994 ], [ -74.220130787999949, -13.129505019999954 ], [ -74.220018787999948, -13.129460894999966 ], [ -74.219829162999986, -13.129450019999979 ], [ -74.219674162999979, -13.129446894999944 ], [ -74.219660037999972, -13.129446519999931 ], [ -74.219624662999934, -13.129445769999961 ], [ -74.21946603799995, -13.12943176999994 ], [ -74.219444787999976, -13.129431269999941 ], [ -74.219318662999967, -13.12933514499997 ], [ -74.219212912999978, -13.129229144999954 ], [ -74.219053287999941, -13.129167644999939 ], [ -74.21893141299995, -13.129145644999937 ], [ -74.218847787999948, -13.129189019999956 ], [ -74.218771287999971, -13.12924589499994 ], [ -74.218686412999944, -13.129290769999955 ], [ -74.218585037999958, -13.129289894999943 ], [ -74.218547412999953, -13.129236894999963 ], [ -74.21850316299998, -13.129203644999961 ], [ -74.218438537999987, -13.129222769999956 ], [ -74.218249537999952, -13.129324019999956 ], [ -74.218027037999946, -13.129396019999945 ], [ -74.217875537999987, -13.129379894999943 ], [ -74.217637287999935, -13.129278269999929 ], [ -74.217522287999941, -13.129271519999975 ], [ -74.217419787999972, -13.129242394999949 ], [ -74.217260037999949, -13.129217394999955 ], [ -74.217066537999983, -13.129159269999946 ], [ -74.216890912999986, -13.129137019999973 ], [ -74.216766912999958, -13.129045394999935 ], [ -74.216693412999973, -13.129030519999958 ], [ -74.216616662999968, -13.129099519999954 ], [ -74.216480537999985, -13.129199894999942 ], [ -74.216306412999984, -13.129229519999967 ], [ -74.21621791299998, -13.129214894999961 ], [ -74.216121162999968, -13.129249519999973 ], [ -74.215989412999988, -13.129221644999973 ], [ -74.215797287999976, -13.129220894999946 ], [ -74.215561037999976, -13.129268019999927 ], [ -74.215445537999983, -13.129414394999969 ], [ -74.215329412999949, -13.129531269999973 ], [ -74.215198412999939, -13.129604644999972 ], [ -74.215062787999955, -13.129618644999937 ], [ -74.214921287999971, -13.129616644999942 ], [ -74.214771287999952, -13.129714269999965 ], [ -74.214567787999954, -13.129828519999933 ], [ -74.21443828799994, -13.129957519999948 ], [ -74.214279912999984, -13.130072519999942 ], [ -74.21410941299996, -13.130115394999962 ], [ -74.213980412999945, -13.130247019999956 ], [ -74.213913162999972, -13.129904519999968 ], [ -74.213861162999933, -13.129539394999938 ], [ -74.213781537999978, -13.129175644999975 ], [ -74.213778537999985, -13.128870644999949 ], [ -74.213835287999984, -13.128566269999965 ], [ -74.213863912999955, -13.128334394999968 ], [ -74.213757287999954, -13.128103144999955 ], [ -74.213755787999958, -13.127842769999972 ], [ -74.213845787999958, -13.127726394999968 ], [ -74.214026787999956, -13.127565269999934 ], [ -74.214026287999957, -13.127333394999937 ], [ -74.214104162999945, -13.12716314499994 ], [ -74.214123287999939, -13.127121269999975 ], [ -74.214275537999981, -13.126956144999951 ], [ -74.214344787999948, -13.126772519999975 ], [ -74.214339412999948, -13.126416894999977 ], [ -74.214433912999937, -13.126022769999963 ], [ -74.214457287999949, -13.125996269999973 ], [ -74.214616412999987, -13.125816519999944 ], [ -74.214712162999945, -13.125437519999934 ], [ -74.214735412999971, -13.125115644999937 ], [ -74.214785537999944, -13.124811894999937 ], [ -74.214769787999955, -13.124599519999947 ], [ -74.214668287999984, -13.124370519999957 ], [ -74.214791787999957, -13.124239019999948 ], [ -74.215051412999969, -13.124077394999972 ], [ -74.215307037999935, -13.123858644999927 ], [ -74.215533787999959, -13.123700019999944 ], [ -74.215702662999945, -13.123638769999957 ], [ -74.215761412999939, -13.12355389499993 ], [ -74.21580591299994, -13.12348964499995 ], [ -74.215792662999945, -13.123354019999965 ], [ -74.215793287999986, -13.123244644999943 ], [ -74.215863787999979, -13.123112769999977 ], [ -74.215946537999969, -13.122989394999934 ], [ -74.215958287999968, -13.122813769999937 ], [ -74.215956287999973, -13.122668394999948 ], [ -74.215953912999964, -13.122494519999975 ], [ -74.215951537999956, -13.122321269999929 ], [ -74.215949412999976, -13.122163019999959 ], [ -74.215960662999976, -13.12196189499997 ], [ -74.215958287999968, -13.121735519999959 ], [ -74.215986037999983, -13.121486144999949 ], [ -74.216028162999976, -13.121182269999963 ], [ -74.216151287999935, -13.120969269999932 ], [ -74.216351912999983, -13.120722769999929 ], [ -74.21635178799994, -13.120709019999936 ], [ -74.216488037999966, -13.120527519999939 ], [ -74.216500162999978, -13.120267269999943 ], [ -74.216498787999967, -13.120116519999954 ], [ -74.216389912999944, -13.119941769999969 ], [ -74.216376912999976, -13.119792394999934 ], [ -74.216402412999969, -13.119586894999941 ], [ -74.216427162999935, -13.119367894999982 ], [ -74.216459037999982, -13.119332019999945 ], [ -74.216454787999965, -13.119313769999962 ], [ -74.216406912999958, -13.119133769999962 ], [ -74.216437287999952, -13.119006394999928 ], [ -74.216384412999957, -13.11885301999996 ], [ -74.216380787999981, -13.118748019999941 ], [ -74.216441287999942, -13.118651019999959 ], [ -74.216437287999952, -13.118523019999941 ], [ -74.216363912999952, -13.118459519999931 ], [ -74.216201162999937, -13.118348269999956 ], [ -74.216007912999942, -13.118331269999942 ], [ -74.21577728799997, -13.118277769999963 ], [ -74.215555662999975, -13.118200644999945 ], [ -74.215416662999985, -13.11814164499998 ], [ -74.215280162999989, -13.118130894999979 ], [ -74.215198037999983, -13.118065269999931 ], [ -74.215010662999987, -13.117895519999934 ], [ -74.214841662999959, -13.117736269999966 ], [ -74.214805912999964, -13.117724394999982 ], [ -74.214633287999959, -13.117751019999957 ], [ -74.214476787999956, -13.117768644999956 ], [ -74.214329537999959, -13.117748894999977 ], [ -74.214245037999945, -13.117731144999937 ], [ -74.214138037999987, -13.117668144999982 ], [ -74.213972287999979, -13.11760376999996 ], [ -74.213794662999987, -13.11750276999993 ], [ -74.213656412999967, -13.117455144999951 ], [ -74.213520287999984, -13.117408269999942 ], [ -74.213344037999946, -13.117361019999976 ], [ -74.213162412999964, -13.117280519999952 ], [ -74.213011412999947, -13.117180644999962 ], [ -74.212938037999947, -13.117061894999949 ], [ -74.212878662999969, -13.116930519999926 ], [ -74.212744412999939, -13.116848144999949 ], [ -74.212618912999972, -13.116692019999959 ], [ -74.212485787999981, -13.11654389499995 ], [ -74.212447287999964, -13.116429644999926 ], [ -74.212409162999961, -13.116309269999931 ], [ -74.21227678799994, -13.116203894999956 ], [ -74.212112287999958, -13.116099644999963 ], [ -74.212041162999981, -13.115994644999944 ], [ -74.211196983999969, -13.114974730999961 ], [ -74.211405746999958, -13.113420619999943 ], [ -74.212485768999954, -13.11216328699993 ], [ -74.212619133999965, -13.112071622999963 ], [ -74.213373758999978, -13.11155296499993 ], [ -74.214836199999979, -13.110586786999932 ], [ -74.216195682999967, -13.10921159399993 ], [ -74.216513572999986, -13.107577798999955 ], [ -74.217715059999989, -13.106712982999966 ], [ -74.219125334999944, -13.105746617999955 ], [ -74.220850239999947, -13.104168158999926 ], [ -74.221947938999961, -13.103149745999929 ], [ -74.223204387999942, -13.101365509999937 ], [ -74.223571614999969, -13.100600318999966 ], [ -74.224043875999939, -13.099580011999933 ], [ -74.224881272999937, -13.098458628999936 ], [ -74.225301086999934, -13.097540333999973 ], [ -74.22587724899995, -13.09662250599996 ], [ -74.226504885999987, -13.095909179999978 ], [ -74.227497176999975, -13.095248029999937 ], [ -74.228229832999943, -13.094279577999941 ], [ -74.228910209999981, -13.093362054999943 ], [ -74.22990311999996, -13.092496548999975 ], [ -74.230425707999984, -13.09203832999998 ], [ -74.231324065999956, -13.091237673999956 ], [ -74.231418924999957, -13.091070646999981 ], [ -74.231524739999941, -13.090560095999933 ], [ -74.231683778999979, -13.089692099999979 ], [ -74.231738424999946, -13.088874874999931 ], [ -74.231794180999941, -13.087700050999956 ], [ -74.231535821999955, -13.086984070999961 ], [ -74.230859434999957, -13.086624449999931 ], [ -74.229871944999957, -13.085753033999936 ], [ -74.229508727999985, -13.085241083999961 ], [ -74.229199983999933, -13.084449980999977 ], [ -74.228634928999952, -13.08547369799993 ] ] ] ] } },
{ "type": "Feature", "properties": { "UBIGEO": "050116", "CCDD": "05", "CCPP": "01", "CCDI": "16", "DEPARTAMEN": "AYACUCHO", "PROVINCIA": "HUAMANGA", "DISTRITO": "ANDRES AVELINO CACERES DORREGARAY", "OBJECTID": 460.0, "ESRI_OID": 464.0 }, "geometry": { "type": "MultiPolygon", "coordinates": [ [ [ [ -74.202027162999968, -13.133610269999963 ], [ -74.201928037999949, -13.133693769999979 ], [ -74.201856537999959, -13.133790394999949 ], [ -74.201751912999953, -13.133855894999954 ], [ -74.201641162999977, -13.133823144999951 ], [ -74.201448287999938, -13.133813394999947 ], [ -74.201202412999976, -13.133850519999953 ], [ -74.20099653799997, -13.133905894999941 ], [ -74.200922912999943, -13.133866269999942 ], [ -74.200876912999945, -13.133799519999968 ], [ -74.200803537999946, -13.133760019999954 ], [ -74.200732287999983, -13.13376739499995 ], [ -74.200611412999933, -13.133781769999928 ], [ -74.200530537999953, -13.133827394999969 ], [ -74.200477787999944, -13.133873144999939 ], [ -74.200416162999943, -13.133892519999961 ], [ -74.20036603799997, -13.133872269999927 ], [ -74.200302662999945, -13.133865144999959 ], [ -74.200272412999936, -13.133951269999955 ], [ -74.200124912999968, -13.134005644999945 ], [ -74.200003037999977, -13.134042894999936 ], [ -74.199842537999984, -13.13404064499997 ], [ -74.199704412999949, -13.134064894999938 ], [ -74.199604037999961, -13.134135894999929 ], [ -74.199517537999952, -13.134199144999968 ], [ -74.199395037999977, -13.13423451999995 ], [ -74.199234162999971, -13.134210019999955 ], [ -74.199134537999953, -13.134216144999982 ], [ -74.199024287999976, -13.134288769999955 ], [ -74.198909287999982, -13.134338019999973 ], [ -74.198753162999935, -13.134322019999956 ], [ -74.198511662999977, -13.134260894999954 ], [ -74.198341037999967, -13.134170144999928 ], [ -74.198253662999946, -13.134115519999966 ], [ -74.198173537999935, -13.134083019999935 ], [ -74.198087287999954, -13.134102144999929 ], [ -74.198037162999981, -13.134147394999957 ], [ -74.197979037999971, -13.134212519999949 ], [ -74.19795703799997, -13.134286019999934 ], [ -74.197928037999986, -13.134359144999962 ], [ -74.197870412999976, -13.134410144999947 ], [ -74.197748037999986, -13.134430519999967 ], [ -74.197567037999988, -13.134412769999926 ], [ -74.197415662999958, -13.134413269999982 ], [ -74.197242787999983, -13.134393019999948 ], [ -74.197120162999965, -13.134350894999955 ], [ -74.196976162999988, -13.134316144999957 ], [ -74.196746412999971, -13.134324269999979 ], [ -74.196552912999948, -13.134353269999963 ], [ -74.196338287999936, -13.134431519999964 ], [ -74.196172287999957, -13.134480144999941 ], [ -74.195978537999963, -13.134480394999969 ], [ -74.195828412999958, -13.134501894999971 ], [ -74.195656787999951, -13.134562144999961 ], [ -74.195567037999979, -13.134574769999972 ], [ -74.195492787999967, -13.134545769999932 ], [ -74.19540716299997, -13.134560269999952 ], [ -74.195286037999949, -13.134638269999982 ], [ -74.195051037999974, -13.134733394999955 ], [ -74.194867787999954, -13.134801644999982 ], [ -74.194731162999972, -13.134816144999945 ], [ -74.194666412999936, -13.134872894999944 ], [ -74.194629912999972, -13.134993144999953 ], [ -74.194572537999989, -13.135127644999955 ], [ -74.19453528799994, -13.135258269999952 ], [ -74.194524662999982, -13.135356269999932 ], [ -74.194503037999937, -13.135429644999931 ], [ -74.194489662999956, -13.135499519999939 ], [ -74.194490662999954, -13.135507894999932 ], [ -74.194500037999944, -13.135616769999956 ], [ -74.194450037999957, -13.135766144999934 ], [ -74.194405037999957, -13.135870894999982 ], [ -74.194325537999987, -13.135982144999957 ], [ -74.194255037999937, -13.136041769999963 ], [ -74.194122912999944, -13.136109269999963 ], [ -74.193951162999952, -13.136172519999946 ], [ -74.193807162999974, -13.136217644999931 ], [ -74.193678912999985, -13.13623664499994 ], [ -74.193565412999988, -13.136241894999955 ], [ -74.193480287999989, -13.136256144999948 ], [ -74.193405162999966, -13.136306269999977 ], [ -74.193325912999967, -13.136374394999962 ], [ -74.193316537999976, -13.136383519999981 ], [ -74.193246662999968, -13.136447019999935 ], [ -74.193153287999962, -13.13651064499993 ], [ -74.193069287999947, -13.136524269999938 ], [ -74.192980662999958, -13.136474269999951 ], [ -74.192868787999942, -13.136374394999962 ], [ -74.192765662999989, -13.136197644999982 ], [ -74.192716787999984, -13.136109394999949 ], [ -74.192665287999944, -13.136087269999962 ], [ -74.19257278799995, -13.136100144999943 ], [ -74.192484662999959, -13.13609976999993 ], [ -74.192350037999972, -13.136099144999946 ], [ -74.192224412999963, -13.136085394999952 ], [ -74.192066412999964, -13.136119894999979 ], [ -74.191940412999941, -13.136168519999956 ], [ -74.19185153799998, -13.136217144999932 ], [ -74.191781162999973, -13.136303269999928 ], [ -74.191724787999988, -13.136448644999973 ], [ -74.191691412999944, -13.136621269999978 ], [ -74.191657662999944, -13.136753269999929 ], [ -74.191638287999979, -13.136835519999977 ], [ -74.191638287999979, -13.13684464499994 ], [ -74.191661912999962, -13.136955144999945 ], [ -74.191648537999981, -13.137065269999937 ], [ -74.191606662999959, -13.137165894999953 ], [ -74.191554537999934, -13.137207394999962 ], [ -74.191487787999961, -13.137216894999938 ], [ -74.191339287999938, -13.137213019999933 ], [ -74.191325037999945, -13.137213019999933 ], [ -74.191168537999943, -13.137213144999976 ], [ -74.191163787999983, -13.137213144999976 ], [ -74.190997662999962, -13.137213269999961 ], [ -74.190810037999938, -13.137204519999955 ], [ -74.190646412999968, -13.137158394999972 ], [ -74.190532787999985, -13.137116644999935 ], [ -74.19042653799994, -13.137124644999972 ], [ -74.190345912999987, -13.137180144999945 ], [ -74.190263912999967, -13.137253394999959 ], [ -74.190188912999986, -13.137317019999955 ], [ -74.190184537999983, -13.137321644999929 ], [ -74.190078412999981, -13.137417644999971 ], [ -74.190004912999939, -13.137528269999962 ], [ -74.189886412999954, -13.137621644999967 ], [ -74.189744662999942, -13.137668644999962 ], [ -74.189614412999958, -13.137668769999948 ], [ -74.18951403799997, -13.137640644999976 ], [ -74.189446662999956, -13.137565894999966 ], [ -74.189381037999965, -13.137515144999952 ], [ -74.189303787999961, -13.137510644999963 ], [ -74.189178162999951, -13.137552769999957 ], [ -74.189042287999939, -13.137646269999948 ], [ -74.18891916299998, -13.137772394999956 ], [ -74.18880478799997, -13.137869894999938 ], [ -74.188690412999961, -13.138009644999954 ], [ -74.188621162999937, -13.13808451999995 ], [ -74.188496037999982, -13.138163894999934 ], [ -74.188417662999939, -13.138239644999942 ], [ -74.188399037999943, -13.138253894999934 ], [ -74.188304412999969, -13.138400144999935 ], [ -74.188228412999933, -13.13857014499996 ], [ -74.188130787999967, -13.138682019999976 ], [ -74.188028662999955, -13.138737394999964 ], [ -74.187926912999956, -13.138764519999938 ], [ -74.187820162999969, -13.138744019999933 ], [ -74.187699412999962, -13.138667519999956 ], [ -74.187637037999934, -13.138522394999939 ], [ -74.187584287999982, -13.138501644999963 ], [ -74.187010037999983, -13.13876001999995 ], [ -74.186659988999963, -13.138709984999934 ], [ -74.187899983999955, -13.140209980999941 ], [ -74.188879983999982, -13.140859980999949 ], [ -74.189259983999989, -13.141299980999975 ], [ -74.189319983999951, -13.141619980999963 ], [ -74.189259983999989, -13.142569980999951 ], [ -74.189439983999989, -13.14351998099994 ], [ -74.189439983999989, -13.144339980999973 ], [ -74.189099983999938, -13.145759980999969 ], [ -74.189099983999938, -13.146359980999932 ], [ -74.189099983999938, -13.146649980999939 ], [ -74.188829983999938, -13.147909980999941 ], [ -74.188639983999963, -13.148779980999961 ], [ -74.18859998399995, -13.149689980999938 ], [ -74.188659983999969, -13.150009980999926 ], [ -74.188829983999938, -13.150279980999926 ], [ -74.189399983999976, -13.150609980999945 ], [ -74.189789983999958, -13.151019980999934 ], [ -74.190019983999946, -13.151429980999978 ], [ -74.190149983999959, -13.151869980999948 ], [ -74.19008998399994, -13.152019980999967 ], [ -74.189869983999984, -13.152199980999967 ], [ -74.189159983999957, -13.152459980999936 ], [ -74.188941108999984, -13.152624230999947 ], [ -74.188919983999938, -13.152639980999936 ], [ -74.188719983999988, -13.153059980999956 ], [ -74.188679983999975, -13.153599980999957 ], [ -74.189009983999938, -13.155199980999953 ], [ -74.189487983999982, -13.156275355999981 ], [ -74.189543233999984, -13.15639985599995 ], [ -74.189560108999956, -13.156437730999926 ], [ -74.189563608999947, -13.156445730999963 ], [ -74.189569983999945, -13.156459980999955 ], [ -74.189539983999964, -13.157019980999962 ], [ -74.189299983999945, -13.157569980999938 ], [ -74.189229983999951, -13.157959980999976 ], [ -74.189209983999945, -13.158599980999952 ], [ -74.189259983999989, -13.158969980999927 ], [ -74.189329983999983, -13.159129980999978 ], [ -74.189419983999983, -13.159309980999979 ], [ -74.189919983999971, -13.159979980999935 ], [ -74.190759983999953, -13.16214998099997 ], [ -74.190849983999954, -13.162719980999952 ], [ -74.19077998399996, -13.163309980999941 ], [ -74.190509983999959, -13.164179980999961 ], [ -74.190239983999959, -13.166279980999946 ], [ -74.190329983999959, -13.16670998099994 ], [ -74.19044998399994, -13.167289980999954 ], [ -74.190919983999947, -13.168459980999955 ], [ -74.190999983999973, -13.16888998099995 ], [ -74.19095998399996, -13.169599980999976 ], [ -74.190909983999973, -13.169719980999957 ], [ -74.190749983999979, -13.169869980999977 ], [ -74.190629983999941, -13.170399980999946 ], [ -74.190729983999972, -13.17220998099998 ], [ -74.190709983999966, -13.172509980999962 ], [ -74.19068998399996, -13.172799980999969 ], [ -74.190479983999978, -13.173959980999939 ], [ -74.190459983999972, -13.174309980999965 ], [ -74.190459983999972, -13.174459980999927 ], [ -74.190499535999948, -13.174705790999951 ], [ -74.190509619999943, -13.174885228999926 ], [ -74.191912592999984, -13.17475402599996 ], [ -74.192149240999981, -13.174601785999926 ], [ -74.192329444999984, -13.174258038999938 ], [ -74.19266298399998, -13.17428044199994 ], [ -74.192956336999941, -13.17416174799996 ], [ -74.193384121999941, -13.173995630999968 ], [ -74.193774606999966, -13.173619339999959 ], [ -74.194063506999953, -13.173275236999928 ], [ -74.194201514999975, -13.173236593999945 ], [ -74.194330324999953, -13.173116986999958 ], [ -74.194419112999981, -13.172922343999971 ], [ -74.194434731999934, -13.172625746999927 ], [ -74.194547951999937, -13.172522689999937 ], [ -74.194959649999987, -13.172664314999963 ], [ -74.195300072999942, -13.172780242999977 ], [ -74.195557303999976, -13.172838121999973 ], [ -74.195771988999979, -13.172811757999966 ], [ -74.195938217999981, -13.172745292999934 ], [ -74.196109580999973, -13.172679896999966 ], [ -74.196348617999945, -13.172625054999969 ], [ -74.196484301999988, -13.172610642999928 ], [ -74.196586811999964, -13.172409673999937 ], [ -74.196700858999975, -13.172203156999956 ], [ -74.196914059999983, -13.172048179999933 ], [ -74.197237188999964, -13.172058285999981 ], [ -74.198397971999952, -13.171970703999932 ], [ -74.199079280999968, -13.171917808999979 ], [ -74.199733992999938, -13.171785880999948 ], [ -74.200437561999934, -13.171644537999953 ], [ -74.20144410499995, -13.171427578999953 ], [ -74.202118559999974, -13.171228720999977 ], [ -74.202490043999944, -13.171105474999933 ], [ -74.204804944999978, -13.170133583999927 ], [ -74.20557028099995, -13.16982317999998 ], [ -74.206342783999958, -13.169500214999971 ], [ -74.20701738799994, -13.169253497999932 ], [ -74.207379069999945, -13.16913978599996 ], [ -74.208004658999982, -13.168950331999952 ], [ -74.212149787999977, -13.167791234999981 ], [ -74.212154199999986, -13.16779 ], [ -74.21251889399997, -13.167688021999936 ], [ -74.21275103399995, -13.167628435999973 ], [ -74.213288324999951, -13.167058187999942 ], [ -74.213583709999966, -13.166713572999981 ], [ -74.214223221999987, -13.166500570999972 ], [ -74.215677985999946, -13.165921740999977 ], [ -74.21567416299996, -13.165881894999927 ], [ -74.215671287999953, -13.165788769999949 ], [ -74.215693662999968, -13.165654769999946 ], [ -74.215727287999982, -13.165567394999982 ], [ -74.215761037999982, -13.165477519999968 ], [ -74.215808662999962, -13.165403519999927 ], [ -74.215856412999983, -13.165362019999975 ], [ -74.215915537999933, -13.165345269999932 ], [ -74.215968912999983, -13.165345144999947 ], [ -74.216044912999962, -13.165333894999947 ], [ -74.216103912999984, -13.165301019999958 ], [ -74.216157037999949, -13.165255144999946 ], [ -74.216215537999972, -13.165203894999934 ], [ -74.216297287999964, -13.165165019999961 ], [ -74.216362287999971, -13.16513714499996 ], [ -74.21640266299994, -13.165089269999953 ], [ -74.21642841299996, -13.165014519999943 ], [ -74.216453162999983, -13.164928394999947 ], [ -74.216561412999965, -13.164796019999926 ], [ -74.216566912999951, -13.164793394999947 ], [ -74.216660912999942, -13.164709519999974 ], [ -74.216663662999963, -13.164706769999952 ], [ -74.216777787999945, -13.16461701999998 ], [ -74.216890912999986, -13.164568519999932 ], [ -74.216986037999959, -13.164527644999964 ], [ -74.217100537999954, -13.164432894999948 ], [ -74.217198162999978, -13.16436364499998 ], [ -74.217321912999978, -13.164311769999927 ], [ -74.217434787999935, -13.164268019999952 ], [ -74.217569162999951, -13.164248269999973 ], [ -74.217703537999967, -13.164228269999967 ], [ -74.217777662999936, -13.164228019999939 ], [ -74.217846037999948, -13.164194519999967 ], [ -74.217908662999946, -13.164119644999971 ], [ -74.218027412999959, -13.164007019999929 ], [ -74.218104037999979, -13.163940894999939 ], [ -74.218172537999976, -13.163913144999981 ], [ -74.218277787999966, -13.163901894999981 ], [ -74.218388912999956, -13.16388814499993 ], [ -74.218535162999956, -13.163882644999944 ], [ -74.218630037999958, -13.163891019999937 ], [ -74.218762787999935, -13.16389114499998 ], [ -74.218892662999963, -13.163891269999965 ], [ -74.219011787999989, -13.163863394999964 ], [ -74.219088037999938, -13.163846644999978 ], [ -74.219166912999981, -13.16378476999995 ], [ -74.219235412999979, -13.163708269999972 ], [ -74.219296787999951, -13.163625644999968 ], [ -74.219367662999957, -13.163499894999973 ], [ -74.219438537999963, -13.163343894999969 ], [ -74.219438537999963, -13.163341019999962 ], [ -74.219511037999951, -13.163247394999928 ], [ -74.219606582999972, -13.163186580999934 ], [ -74.219606582999972, -13.163125884999943 ], [ -74.219606582999972, -13.163052410999967 ], [ -74.21961616699997, -13.162934212999971 ], [ -74.219596998999975, -13.162825601999941 ], [ -74.219513942999981, -13.162752126999976 ], [ -74.219425780999984, -13.162726562999978 ], [ -74.219368498999984, -13.162638697999967 ], [ -74.21915585499994, -13.162449392999974 ], [ -74.218971737999937, -13.162252308999939 ], [ -74.21885244799995, -13.162133019999942 ], [ -74.218779838999978, -13.161992986999962 ], [ -74.218657957999937, -13.161873699999944 ], [ -74.218568162999986, -13.161804644999961 ], [ -74.218553352999947, -13.161792232999971 ], [ -74.218518787999983, -13.161763269999938 ], [ -74.218474537999953, -13.161746519999951 ], [ -74.218400912999982, -13.161730144999979 ], [ -74.218395537999982, -13.161730019999936 ], [ -74.218307412999934, -13.161729394999952 ], [ -74.218175912999982, -13.161737394999932 ], [ -74.218047787999978, -13.16176151999997 ], [ -74.217970162999961, -13.161758894999934 ], [ -74.217897412999946, -13.161732644999972 ], [ -74.217829537999989, -13.161695519999967 ], [ -74.21774778799994, -13.161655644999939 ], [ -74.217635912999981, -13.161607769999932 ], [ -74.217531537999946, -13.161528019999935 ], [ -74.217468537999935, -13.16149339499998 ], [ -74.217429162999963, -13.161447769999938 ], [ -74.217355787999963, -13.161309769999946 ], [ -74.217335287999958, -13.161247019999962 ], [ -74.217257162999942, -13.161154519999968 ], [ -74.217157787999952, -13.161091394999971 ], [ -74.217057912999962, -13.161028144999932 ], [ -74.216957287999946, -13.160975769999936 ], [ -74.216816162999976, -13.160915394999961 ], [ -74.216714287999935, -13.160819894999975 ], [ -74.216613537999933, -13.160759894999956 ], [ -74.216526287999955, -13.160733144999938 ], [ -74.21644766299994, -13.160668144999931 ], [ -74.216386037999939, -13.160572644999945 ], [ -74.216287288, -13.160484019999956 ], [ -74.216151287999935, -13.160406269999953 ], [ -74.216003787999966, -13.160297769999943 ], [ -74.21589591299994, -13.160196519999943 ], [ -74.215799287999971, -13.160129894999955 ], [ -74.215747037999961, -13.160059394999962 ], [ -74.21572316299995, -13.159984644999952 ], [ -74.215751912999963, -13.159917519999965 ], [ -74.215787912999986, -13.15984289499994 ], [ -74.215787787999943, -13.159780019999971 ], [ -74.215747412999974, -13.159732644999963 ], [ -74.215658537999957, -13.159704394999949 ], [ -74.215570662999937, -13.159629894999966 ], [ -74.21550753799994, -13.159521519999942 ], [ -74.215442537999934, -13.159483769999952 ], [ -74.215377912999941, -13.159453769999971 ], [ -74.215261537999936, -13.159425269999929 ], [ -74.215134287999945, -13.159414019999929 ], [ -74.21502703799996, -13.159387269999968 ], [ -74.214919787999975, -13.15935651999996 ], [ -74.214793037999982, -13.159298519999936 ], [ -74.214674412999955, -13.159252394999953 ], [ -74.214491287999977, -13.159144644999969 ], [ -74.214354037999954, -13.159059394999929 ], [ -74.214279662999957, -13.158977019999952 ], [ -74.214225037999938, -13.158866394999961 ], [ -74.214195162999943, -13.158712894999951 ], [ -74.214155037999944, -13.15862151999994 ], [ -74.214096412999936, -13.158592769999927 ], [ -74.21402266299998, -13.158592394999971 ], [ -74.213911662999976, -13.158627894999938 ], [ -74.213799662999975, -13.158679769999935 ], [ -74.213652037999964, -13.158735769999964 ], [ -74.21353303799998, -13.158755769999971 ], [ -74.213442662999967, -13.158735769999964 ], [ -74.213393412999949, -13.158679769999935 ], [ -74.213352287999953, -13.158591644999944 ], [ -74.213319412999965, -13.158543519999967 ], [ -74.21327853799994, -13.158523269999932 ], [ -74.213241537999977, -13.158555269999965 ], [ -74.213220912999986, -13.158595394999963 ], [ -74.213167287999966, -13.158607394999933 ], [ -74.213117662999935, -13.158583144999966 ], [ -74.213043037999967, -13.158566769999936 ], [ -74.212984787999972, -13.158534269999961 ], [ -74.212838412999986, -13.158436519999952 ], [ -74.212746037999977, -13.158379269999955 ], [ -74.212637037999968, -13.158350519999942 ], [ -74.21251091299996, -13.158325769999976 ], [ -74.212387037999974, -13.158230644999946 ], [ -74.212314287999959, -13.158131644999969 ], [ -74.212297287999945, -13.158016769999961 ], [ -74.212284287999978, -13.157906019999928 ], [ -74.212280162999946, -13.157901894999952 ], [ -74.212195412999961, -13.157803269999931 ], [ -74.212110787999961, -13.157790644999977 ], [ -74.211954287999959, -13.157827269999927 ], [ -74.211780162999958, -13.157852519999949 ], [ -74.211775787999954, -13.157852394999964 ], [ -74.211753912999939, -13.157851894999965 ], [ -74.211517912999966, -13.157838144999971 ], [ -74.211362912999959, -13.157802144999948 ], [ -74.211301537999987, -13.157751519999977 ], [ -74.211275287999968, -13.157626394999966 ], [ -74.211283537999975, -13.157521144999976 ], [ -74.211325037999984, -13.157428394999954 ], [ -74.211350162999963, -13.157337644999927 ], [ -74.211346912999943, -13.157274894999944 ], [ -74.211340912999958, -13.157231644999968 ], [ -74.211310287999936, -13.157193769999935 ], [ -74.211270537999951, -13.157078019999972 ], [ -74.21110953799996, -13.156919269999946 ], [ -74.211046537999948, -13.156742769999937 ], [ -74.210979287999976, -13.156607144999953 ], [ -74.210881162999954, -13.156478769999978 ], [ -74.210862537999958, -13.156414519999942 ], [ -74.210840162999943, -13.15630039499996 ], [ -74.210804787999962, -13.15615226999995 ], [ -74.210800287999973, -13.156147894999947 ], [ -74.21078678799995, -13.156126394999944 ], [ -74.21077341299997, -13.156113269999935 ], [ -74.210651412999937, -13.156002519999959 ], [ -74.210646787999963, -13.155998144999955 ], [ -74.210569662999944, -13.15588039499994 ], [ -74.21054253799997, -13.155735019999952 ], [ -74.210519912999985, -13.155568519999974 ], [ -74.210482412999966, -13.15539076999994 ], [ -74.210405787999946, -13.155182894999939 ], [ -74.210289662999969, -13.155089269999962 ], [ -74.210250537999968, -13.154973269999971 ], [ -74.210282662999987, -13.154842144999975 ], [ -74.210322787999985, -13.15463439499996 ], [ -74.21026666299997, -13.15446051999993 ], [ -74.210196412999949, -13.15429826999997 ], [ -74.210105662999979, -13.154167769999958 ], [ -74.209988912999961, -13.153950269999939 ], [ -74.209842412999933, -13.153757019999944 ], [ -74.209753537999973, -13.153624144999981 ], [ -74.209671662999938, -13.153484394999964 ], [ -74.209610037999937, -13.153424644999973 ], [ -74.209438787999943, -13.153339269999947 ], [ -74.209370787999944, -13.153185019999967 ], [ -74.209302787999945, -13.152900894999959 ], [ -74.209268537999947, -13.152744269999971 ], [ -74.209275537999986, -13.152648519999957 ], [ -74.209303287999944, -13.152572519999978 ], [ -74.209303287999944, -13.152551769999945 ], [ -74.209282912999981, -13.152288269999929 ], [ -74.209282912999981, -13.152260394999928 ], [ -74.209269412999959, -13.151910894999958 ], [ -74.209318662999976, -13.151658144999942 ], [ -74.209326412999985, -13.151234769999974 ], [ -74.209305537999967, -13.150993644999971 ], [ -74.209235662999959, -13.150688769999931 ], [ -74.209215662999952, -13.150457144999962 ], [ -74.209181787999967, -13.150059769999928 ], [ -74.209168412999986, -13.149707519999936 ], [ -74.209230787999957, -13.149465519999978 ], [ -74.209397037999963, -13.149198894999927 ], [ -74.209508537999966, -13.148971144999962 ], [ -74.20957128799995, -13.148829769999963 ], [ -74.209599287999936, -13.148715144999926 ], [ -74.209448037999948, -13.148492019999935 ], [ -74.209316412999954, -13.148307769999974 ], [ -74.209197537999955, -13.148129144999928 ], [ -74.209162412999945, -13.147985019999965 ], [ -74.209162537999987, -13.147853769999926 ], [ -74.209275162999973, -13.147758519999968 ], [ -74.209352287999934, -13.147691644999952 ], [ -74.209394412999984, -13.147548394999944 ], [ -74.209366662999969, -13.14741676999995 ], [ -74.209289662999936, -13.14730351999998 ], [ -74.209212287999947, -13.147210519999931 ], [ -74.209106037999959, -13.14708464499995 ], [ -74.208949662999942, -13.14692314499996 ], [ -74.208828537999977, -13.146747644999948 ], [ -74.20876403799997, -13.146558269999957 ], [ -74.208741662999955, -13.146372394999958 ], [ -74.208706912999958, -13.14619464499998 ], [ -74.208700662999945, -13.145973269999956 ], [ -74.208686912999951, -13.145778269999937 ], [ -74.20864566299997, -13.145623394999973 ], [ -74.208507662999978, -13.14545451999993 ], [ -74.208244912999987, -13.145301144999962 ], [ -74.208086537999975, -13.145174769999926 ], [ -74.207983162999938, -13.144986894999931 ], [ -74.207941412999958, -13.144791144999942 ], [ -74.207933787999934, -13.144533394999939 ], [ -74.207926537999981, -13.144289894999929 ], [ -74.207884412999988, -13.143997894999927 ], [ -74.207835537999983, -13.143807519999939 ], [ -74.207780037999953, -13.143618394999976 ], [ -74.207710787999986, -13.143477144999963 ], [ -74.207600287999981, -13.143350269999928 ], [ -74.207462537999959, -13.143284894999965 ], [ -74.207366037999975, -13.143171519999953 ], [ -74.207273537999981, -13.142985894999981 ], [ -74.207187912999984, -13.142754894999939 ], [ -74.207092287999956, -13.142601269999943 ], [ -74.20699491299996, -13.14249964499993 ], [ -74.20686203799994, -13.142397144999961 ], [ -74.20675278799996, -13.142243769999936 ], [ -74.206721537999954, -13.142091769999979 ], [ -74.206732787999954, -13.141858394999929 ], [ -74.206769037999948, -13.141703144999951 ], [ -74.206742537999958, -13.14156139499994 ], [ -74.206654037999954, -13.141304144999935 ], [ -74.206557662999955, -13.14103214499994 ], [ -74.206425287999934, -13.14084814499995 ], [ -74.20633466299995, -13.14071851999995 ], [ -74.206306787999949, -13.140616019999982 ], [ -74.206271912999966, -13.140417894999928 ], [ -74.206244162999951, -13.140274394999949 ], [ -74.206140037999944, -13.14010301999997 ], [ -74.206098537999935, -13.139883644999941 ], [ -74.206000912999968, -13.139684269999975 ], [ -74.205881912999985, -13.139539644999957 ], [ -74.205678037999974, -13.139346519999947 ], [ -74.205572287999985, -13.13923651999994 ], [ -74.205487662999985, -13.139071394999974 ], [ -74.205487662999985, -13.13891351999996 ], [ -74.205445287999964, -13.138742144999981 ], [ -74.205318287999944, -13.13863226999996 ], [ -74.205149037999945, -13.138508519999959 ], [ -74.205043287999956, -13.138363519999928 ], [ -74.204946537999945, -13.138188394999929 ], [ -74.204898162999939, -13.138101144999951 ], [ -74.204829037999957, -13.137986894999926 ], [ -74.204675662999989, -13.137895269999945 ], [ -74.204465662999951, -13.13778401999997 ], [ -74.204317537999941, -13.137627769999938 ], [ -74.204303412999934, -13.13761414499993 ], [ -74.204189162999967, -13.137439894999943 ], [ -74.204189162999967, -13.137432894999961 ], [ -74.204153287999986, -13.137238144999969 ], [ -74.204146162999962, -13.137065019999966 ], [ -74.204146162999962, -13.136843519999957 ], [ -74.204124787999945, -13.136649519999935 ], [ -74.204046912999956, -13.136408019999976 ], [ -74.203968787999941, -13.136262769999973 ], [ -74.203833162999956, -13.136233894999975 ], [ -74.203776787999971, -13.136048019999976 ], [ -74.203734787999963, -13.135806644999946 ], [ -74.203692412999942, -13.135584894999965 ], [ -74.20366428799997, -13.135418394999931 ], [ -74.203722287999938, -13.135286144999952 ], [ -74.203787537999972, -13.135181394999961 ], [ -74.203802537999934, -13.135041144999946 ], [ -74.203766787999939, -13.134971019999966 ], [ -74.203665912999952, -13.134929144999944 ], [ -74.203557912999941, -13.13486639499996 ], [ -74.203428537999969, -13.134705144999941 ], [ -74.203363912999976, -13.134521769999935 ], [ -74.203262912999946, -13.134282394999957 ], [ -74.203154912999935, -13.134072894999974 ], [ -74.20305491299996, -13.133901144999982 ], [ -74.203033537999943, -13.133880519999934 ], [ -74.202883412999938, -13.13381964499996 ], [ -74.20287628799997, -13.133812769999963 ], [ -74.202767537999989, -13.13377064499997 ], [ -74.202719412999954, -13.133752019999974 ], [ -74.202712412999972, -13.133745269999963 ], [ -74.202513412999963, -13.133706269999948 ], [ -74.202492287999974, -13.133699644999979 ], [ -74.202309037999953, -13.133634019999931 ], [ -74.202161037999986, -13.133608519999939 ], [ -74.202027162999968, -13.133610269999963 ] ] ] ] } }
]
}
